Activity Name,S1 Item1,S1 Sub1,S1 Item2,S1 Sub2,S1 Item3,S1 Sub3,S1 Item4,S1 Sub4,S1 Item5,S1 Sub5,S2 Item1,S2 Sub1,S2 Item2,S2 Sub2,S2 Item3,S2 Sub3,S2 Item4,S2 Sub4,S2 Item5,S2 Sub5,S3 Item1,S3 Sub1,S3 Item2,S3 Sub2,S3 Item3,S3 Sub3,S3 Item4,S3 Sub4,S3 Item5,S3 Sub5,S4 Item1,S4 Sub1,S4 Item2,S4 Sub2,S4 Item3,S4 Sub3,S4 Item4,S4 Sub4,S4 Item5,S4 Sub5,S5 Item1,S5 Sub1,S5 Item2,S5 Sub2,S5 Item3,S5 Sub3,S5 Item4,S5 Sub4,S5 Item5,S5 Sub5
Brushing Teeth,Toothbrush,Drumstick (chicken),Toothpaste,Shot Put,Cup of Water,Kaleidoscope,Dental Floss,Microscope Slide,Mirror,Tin Snips,Toothbrush,Springform Pan,Toothpaste,Cowl,Cup of Water,Didgeridoo,Dental Floss,Centrifuge,Mirror,Chaise Longue,Toothbrush,Cauldron,Toothpaste,Banjo,Cup of Water,Jack-in-the-Box,Dental Floss,Hourglass,Mirror,TV Remote,Toothbrush,Wasp Nest,Toothpaste,Gummy Worm,Cup of Water,Clam Shell,Dental Floss,Pogo Stick,Mirror,Rickshaw,Toothbrush,Fire Poker,Toothpaste,Pumice Stone,Cup of Water,Angle Grinder,Dental Floss,Ascot,Mirror,Parallel Bar
Eating Cereal,Spoon,Gargoyle,Milk,Sousaphone,Bowl,Pogo Stick,Cereal,Dried Corn Husk,Napkin,Bagpipes,Spoon,Tumbleweed,Milk,Cauldron,Bowl,Harpsichord,Cereal,Beret,Napkin,Jump Rope,Spoon,Petri Dish,Milk,Throw Pillow,Bowl,Bobsled,Cereal,Driftwood,Napkin,Bullhorn,Spoon,Banjo,Milk,Tuxedo Jacket,Bowl,Jawbreaker,Cereal,Fondue Pot,Napkin,Bellhop Cart,Spoon,Zamboni,Milk,Luge,Bowl,Fossil,Cereal,Sextant,Napkin,Amphora
Sweeping the Floor,Broom,Jigsaw,Dustpan,Hang Glider,Dirt,Discus,Trash Bag,Butter Dish,Apron,Fez,Broom,Jump Rope,Dustpan,Ruler,Dirt,Bullhorn,Trash Bag,Correction Tape,Apron,Canteen,Broom,Parka,Dustpan,Hurdle,Dirt,Bocce Ball,Trash Bag,Cloak,Apron,Bone Saw,Broom,Watermelon,Dustpan,Desk Calendar,Dirt,Pastry Brush,Trash Bag,Lump of Coal,Apron,Tuxedo Jacket,Broom,Bongo Drum,Dustpan,Oscillating Tool,Dirt,Garlic Press,Trash Bag,Geode,Apron,Kite
Making a Sandwich,Bread,Lobster,Butter,Slot Machine,Knife,Bread Maker,Plate,Dough Hook,Lettuce,Bird Nest,Bread,Muumuu,Butter,Chalk Line,Knife,Rivet Gun,Plate,Floor Lamp,Lettuce,Hazmat Suit,Bread,Ukulele,Butter,Recorder,Knife,Lathe,Plate,Submarine Periscope,Lettuce,Whole Pineapple,Bread,Segway,Butter,Salad Spinner,Knife,Candy Cane,Plate,Kayak,Lettuce,Fossil,Bread,Bone Saw,Butter,Pommel Horse,Knife,Mannequin,Plate,Keg,Lettuce,Cherry Pitter
Watering Plants,Watering Can,Sextant,Water,Sedan Chair,Hose,Lederhosen,Plant Pot,Decanter,Gloves,Fossil,Watering Can,Wind-Up Toy,Water,Hang Glider,Hose,Ventriloquist Dummy,Plant Pot,Megaphone,Gloves,Snorkel Mask,Watering Can,Watermelon,Water,Mannequin,Hose,Paperweight,Plant Pot,Retractor,Gloves,Submarine Periscope,Watering Can,Tongue Depressor,Water,Unicycle,Hose,Rowing Shell,Plant Pot,Microscope Slide,Gloves,Harpsichord,Watering Can,Zamboni,Water,Ruler,Hose,Corn on the Cob,Plant Pot,Spinning Top,Gloves,Ramekin
Playing Catch,Baseball,Skeleton Sled,Glove,Paper Clip Chain,Cap,Harpsichord,Cleats,Churro,Bat,Floor Lamp,Baseball,Chalk Line,Glove,Correction Tape,Cap,Baguette,Cleats,Abacus,Bat,Binder Clip,Baseball,Vuvuzela,Glove,Forklift,Cap,Pitchfork,Cleats,Whole Pineapple,Bat,Stapler,Baseball,Monocle,Glove,Test Tube,Cap,Rivet Gun,Cleats,Egg Separator,Bat,Ventriloquist Dummy,Baseball,Pumice Stone,Glove,Didgeridoo,Cap,Wind-Up Toy,Cleats,Hula Hoop,Bat,Angle Grinder
Washing Dishes,Sponge,Megaphone,Dish Soap,Geode,Dish,Ascot,Scrub Brush,Submarine Periscope,Dish Rack,Stapler,Sponge,Door Stopper,Dish Soap,Stepladder,Dish,Mannequin,Scrub Brush,Whole Salmon,Dish Rack,Tape Dispenser,Sponge,Typewriter,Dish Soap,Fire Poker,Dish,Pinwheel,Scrub Brush,Marbles,Dish Rack,Candy Floss,Sponge,Jump Rope,Dish Soap,Periscope,Dish,Forceps,Scrub Brush,Stalagtite,Dish Rack,Bucket,Sponge,Cotton Candy,Dish Soap,Harpsichord,Dish,Lederhosen,Scrub Brush,Otoscope,Dish Rack,Jigsaw
Hammering a Nail,Hammer,Candelabra,Nail,Unicycle,Safety Goggles,Canteen,Workbench,Churro,Pencil,Ear Trumpet,Hammer,Coat Rack,Nail,Lacrosse Stick,Safety Goggles,Pipe Wrench,Workbench,Jigsaw,Pencil,Gummy Worm,Hammer,Forceps,Nail,Letter Opener,Safety Goggles,Caulk Gun,Workbench,Hazmat Suit,Pencil,Cask,Hammer,Door Knocker,Nail,Lute,Safety Goggles,Thermos,Workbench,Candy Floss,Pencil,Stapler,Hammer,Parallel Bar,Nail,Lathe,Safety Goggles,Slinky,Workbench,Lederhosen,Pencil,Throw Pillow
Raking Leaves,Rake,Fossil,Leaf Bag,Inbox Tray,Leaves,Hazmat Suit,Gloves,Ventriloquist Dummy,Wheelbarrow,Sedan Chair,Rake,Urn,Leaf Bag,Hole Punch,Leaves,Cauldron,Gloves,Mandolin,Wheelbarrow,Bellhop Cart,Rake,Belt Sander,Leaf Bag,Clam Shell,Leaves,Scepter,Gloves,Mannequin,Wheelbarrow,Caulk Gun,Rake,Tumbleweed,Leaf Bag,Monocle,Leaves,Chamberpot,Gloves,Muumuu,Wheelbarrow,Rowing Shell,Rake,Whole Pineapple,Leaf Bag,Parka,Leaves,Pastry Brush,Gloves,Angle Grinder,Wheelbarrow,Dough Hook
Pouring a Drink,Pitcher,Sombrero,Glass,Ironing Board,Water,Jug,Ice Cubes,Pinball Machine,Coaster,Typewriter,Pitcher,Luge,Glass,Bellhop Cart,Water,Cloak,Ice Cubes,Theremin,Coaster,Cherry Pitter,Pitcher,Microscope Slide,Glass,Canoe,Water,Corn on the Cob,Ice Cubes,Centrifuge,Coaster,Shot Put,Pitcher,Corndog,Glass,Street Sweeper,Water,Ascot,Ice Cubes,Skip-It,Coaster,Gourd,Pitcher,Oscillating Tool,Glass,Butter Dish,Water,Monocle,Ice Cubes,Lederhosen,Coaster,Barrel
Opening a Present,Gift Box,Ruler,Ribbon,Lobster,Wrapping Paper,Ukulele,Bow,Chaise Longue,Scissors,Otoscope,Gift Box,Tuba,Ribbon,Geode,Wrapping Paper,Pitchfork,Bow,Baguette,Scissors,Candy Cane,Gift Box,Floor Lamp,Ribbon,Pipe Wrench,Wrapping Paper,Lacrosse Stick,Bow,Bunch of Bananas,Scissors,Cask,Gift Box,Nibbler,Ribbon,Luge,Wrapping Paper,Egg Separator,Bow,Stethoscope,Scissors,Bellhop Cart,Gift Box,Thermos,Ribbon,Hurdle,Wrapping Paper,Muumuu,Bow,Spinning Top,Scissors,Recorder
Blowing Out Candles,Birthday Cake,Keg,Candles,Baguette,Plate,Tin Snips,Fork,Submarine Periscope,Party Hat,Lacrosse Stick,Birthday Cake,Totem Pole,Candles,Fire Poker,Plate,Whole Pineapple,Fork,Pinball Machine,Party Hat,Toilet Plunger,Birthday Cake,Catamaran,Candles,Cauldron,Plate,Floor Lamp,Fork,Hazmat Suit,Party Hat,Cowl,Birthday Cake,Rivet Gun,Candles,Cloak,Plate,Ukulele,Fork,Whole Salmon,Party Hat,Paper Clip Chain,Birthday Cake,Footstool,Candles,Stapler,Plate,Forklift,Fork,Bongo Drum,Party Hat,Corndog
Reading a Book,Book,Coat Rack,Bookmark,Gravy Boat,Reading Glasses,Bocce Ball,Lamp,Centrifuge,Blanket,Forceps,Book,Letter Opener,Bookmark,Corn on the Cob,Reading Glasses,Pipe Wrench,Lamp,Lute,Blanket,Wasp Nest,Book,Sand Dollar,Bookmark,Scepter,Reading Glasses,Retractor,Lamp,Toilet Plunger,Blanket,Microscope Slide,Book,Sombrero,Bookmark,Urn,Reading Glasses,Shuttlecock,Lamp,Blimp,Blanket,Plumb Bob,Book,Trophy,Bookmark,Cowbell,Reading Glasses,Corndog,Lamp,Frisbee,Blanket,Pencil Sharpener
Folding Laundry,Shirt,Puppet,Pants,Garlic Press,Basket,Driftwood,Dryer Sheet,Dough Hook,Hanger,Correction Tape,Shirt,Sedan Chair,Pants,Boomerang,Basket,Gavel,Dryer Sheet,Yo-Yo,Hanger,Hurdle,Shirt,Keg,Pants,Thermos,Basket,Ascot,Dryer Sheet,Plumb Bob,Hanger,Sousaphone,Shirt,Door Stopper,Pants,Fondue Pot,Basket,Frisbee,Dryer Sheet,Lathe,Hanger,Paperweight,Shirt,Pommel Horse,Pants,Fossil,Basket,Hole Punch,Dryer Sheet,Desk Calendar,Hanger,Wire Stripper
Setting the Table,Fork,Tutu,Plate,Urn,Glass,Street Sweeper,Napkin,Rowing Shell,Tablecloth,Giant Gummy Bear,Fork,Gummy Worm,Plate,Shot Put,Glass,Pipe Wrench,Napkin,Sumo Belt,Tablecloth,Garlic Press,Fork,Paper Clip Chain,Plate,Cowbell,Glass,Submarine Periscope,Napkin,Boomerang,Tablecloth,Corndog,Fork,Letter Opener,Plate,Snow Globe,Glass,Chamberpot,Napkin,Tumbleweed,Tablecloth,Tongue Depressor,Fork,Javelin,Plate,Drumstick (chicken),Glass,Pumice Stone,Napkin,Tin Snips,Tablecloth,Torque Wrench
Tying Shoes,Sneaker,Pommel,Shoelace,Ascot,Sock,Lump of Coal,Shoe Horn,Chaise Longue,Bench,Luge,Sneaker,Abacus,Shoelace,Stalagtite,Sock,Wire Stripper,Shoe Horn,Door Stopper,Bench,Sedan Chair,Sneaker,Otoscope,Shoelace,Forklift,Sock,Periscope,Shoe Horn,Pumice Stone,Bench,Xylophone,Sneaker,Polo Mallet,Shoelace,Scepter,Sock,Hula Hoop,Shoe Horn,Chalice,Bench,Egg Separator,Sneaker,Drumstick (chicken),Shoelace,Salad Spinner,Sock,Chamberpot,Shoe Horn,Keg,Bench,Retractor
Feeding a Dog,Dog Bowl,Umbrella Stand,Dog Food,Butter Dish,Leash,Fez,Dog Treat,Kayak,Water Dish,Bullhorn,Dog Bowl,Bunsen Burner,Dog Food,Amphora,Leash,Sand Dollar,Dog Treat,Mannequin,Water Dish,Plumb Bob,Dog Bowl,Fire Poker,Dog Food,Blimp,Leash,Zamboni,Dog Treat,Bunch of Bananas,Water Dish,Hazmat Suit,Dog Bowl,Jack-in-the-Box,Dog Food,Caulk Gun,Leash,Chamberpot,Dog Treat,Candy Apple,Water Dish,Wheel of Cheese,Dog Bowl,Segway,Dog Food,Rickshaw,Leash,Recorder,Dog Treat,Hurdle,Water Dish,Compass
Washing Hands,Soap,Totem Pole,Water,Cask,Towel,Salad Spinner,Sink,Puppet,Faucet,Cotton Candy,Soap,Ramekin,Water,Door Knocker,Towel,Sumo Belt,Sink,Coat Rack,Faucet,Yo-Yo,Soap,Monocle,Water,Discus,Towel,Door Stopper,Sink,Sedan Chair,Faucet,Chalk Line,Soap,Bullhorn,Water,Bocce Ball,Towel,Tongue Depressor,Sink,Pumice Stone,Faucet,Throw Pillow,Soap,Cloak,Water,Specimen Jar,Towel,Pipe Wrench,Sink,Lederhosen,Faucet,Compass
Brushing Hair,Hairbrush,Dried Corn Husk,Mirror,Rubber Duck,Hair Tie,Floor Lamp,Comb,Whole Salmon,Hair Spray,Lobster,Hairbrush,Hang Glider,Mirror,Geode,Hair Tie,Reflex Hammer,Comb,Desk Calendar,Hair Spray,Polo Mallet,Hairbrush,Pommel Horse,Mirror,Bone Saw,Hair Tie,Bucket,Comb,Belt Sander,Hair Spray,Heat Gun,Hairbrush,Cake Dome,Mirror,Skeleton Sled,Hair Tie,Trophy,Comb,Flask,Hair Spray,Caulk Gun,Hairbrush,Giant Gummy Bear,Mirror,Lacrosse Stick,Hair Tie,Churro,Comb,Tape Dispenser,Hair Spray,Pommel
Making a Bed,Pillow,Monocle,Sheets,Discus,Blanket,Wasp Nest,Mattress,Lute,Pillowcase,Dough Hook,Pillow,Pith Helmet,Sheets,Urn,Blanket,Vuvuzela,Mattress,Street Sweeper,Pillowcase,Hula Hoop,Pillow,Candy Floss,Sheets,Pastry Brush,Blanket,Gummy Worm,Mattress,Door Knocker,Pillowcase,Wire Stripper,Pillow,Megaphone,Sheets,Xylophone,Blanket,Antlers,Mattress,Bread Maker,Pillowcase,Gondola,Pillow,Lobster,Sheets,Butter Dish,Blanket,Whole Salmon,Mattress,Cauldron,Pillowcase,Sextant
Packing a Bag,Backpack,Cotton Candy,Clothes,Catamaran,Toiletries,Discus,Shoes,Muumuu,Toothbrush,Pumice Stone,Backpack,Spinning Top,Clothes,Sand Dollar,Toiletries,Pretzel,Shoes,Watermelon,Toothbrush,Hazmat Suit,Backpack,Lederhosen,Clothes,Didgeridoo,Toiletries,Paper Clip Chain,Shoes,Trophy,Toothbrush,Maracas,Backpack,Forceps,Clothes,Fondue Pot,Toiletries,Whole Pineapple,Shoes,Fossil,Toothbrush,Scepter,Backpack,Door Knocker,Clothes,Kilt,Toiletries,Harpsichord,Shoes,Drumstick (chicken),Toothbrush,Paperweight
Cutting Paper,Scissors,Gummy Worm,Paper,Cherry Pitter,Ruler,Beehive,Pencil,Garlic Press,Tape,Decanter,Scissors,Compass,Paper,Pipe Wrench,Ruler,Urn,Pencil,Nibbler,Tape,Ramekin,Scissors,Ironing Board,Paper,Zither,Ruler,Tricycle,Pencil,Reflex Hammer,Tape,Rowing Shell,Scissors,Heat Gun,Paper,Test Tube,Ruler,Jigsaw,Pencil,Cauldron,Tape,Weather Vane,Scissors,Sextant,Paper,Drumstick (chicken),Ruler,Abacus,Pencil,Microscope Slide,Tape,Toilet Plunger
Drawing a Picture,Pencil,Bellows,Paper,Urn,Eraser,Bullhorn,Crayon,Anvil,Ruler,TV Remote,Pencil,Wind-Up Toy,Paper,Coat Rack,Eraser,Centrifuge,Crayon,Street Sweeper,Ruler,Specimen Jar,Pencil,Sumo Belt,Paper,Scepter,Eraser,Lacrosse Stick,Crayon,Pinwheel,Ruler,Didgeridoo,Pencil,Pie Bird,Paper,Angle Grinder,Eraser,Clam Shell,Crayon,Fossil,Ruler,Catamaran,Pencil,Heat Gun,Paper,Inbox Tray,Eraser,Abacus,Crayon,Kite,Ruler,Paper Clip Chain
Blowing up a Balloon,Balloon,Torque Wrench,Ribbon,Petri Dish,String,Jigsaw,Pump,Luge,Helium Tank,Anvil,Balloon,Cowbell,Ribbon,Lathe,String,Jug,Pump,Thermos,Helium Tank,Sundial,Balloon,Pinwheel,Ribbon,Recorder,String,Wasp Nest,Pump,Vuvuzela,Helium Tank,Bunsen Burner,Balloon,Bunch of Bananas,Ribbon,Canteen,String,Watermelon,Pump,Cloak,Helium Tank,Segway,Balloon,Candelabra,Ribbon,Javelin,String,Belt Sander,Pump,Centrifuge,Helium Tank,Rowing Shell
Watering a Garden,Garden Hose,Slinky,Sprinkler,Bread Maker,Water,Monocle,Gloves,Parallel Bar,Kneeling Pad,Theremin,Garden Hose,Sea Urchin,Sprinkler,Barrel,Water,Rubber Band Ball,Gloves,Balance Beam,Kneeling Pad,Forklift,Garden Hose,Frisbee,Sprinkler,Lederhosen,Water,Lump of Coal,Gloves,Tongue Depressor,Kneeling Pad,Corndog,Garden Hose,Harpsichord,Sprinkler,Tuxedo Jacket,Water,Rubber Duck,Gloves,Cotton Candy,Kneeling Pad,Unicycle,Garden Hose,Candelabra,Sprinkler,Hang Glider,Water,Angle Grinder,Gloves,Pogo Stick,Kneeling Pad,Discus
Feeding a Cat,Cat Bowl,Parka,Cat Food,Footstool,Cat Toy,Goblet,Water Dish,Barrel,Cat Treats,Jigsaw,Cat Bowl,Wind-Up Toy,Cat Food,Cake Dome,Cat Toy,Sundial,Water Dish,Jack-in-the-Box,Cat Treats,Slot Machine,Cat Bowl,Dogsledge,Cat Food,Discus,Cat Toy,Snow Globe,Water Dish,Street Sweeper,Cat Treats,Chaise Longue,Cat Bowl,Gondola,Cat Food,Lollipop,Cat Toy,Puppet,Water Dish,Marbles,Cat Treats,Zither,Cat Bowl,Banjo,Cat Food,Lathe,Cat Toy,Tape Dispenser,Water Dish,Anvil,Cat Treats,Bucket
Vacuuming,Vacuum Cleaner,Slot Machine,Cord,Beret,Dust Bag,Totem Pole,Attachment,Garlic Press,Rug,Pastry Brush,Vacuum Cleaner,Ventriloquist Dummy,Cord,Bird Nest,Dust Bag,Candy Floss,Attachment,Whole Salmon,Rug,Inbox Tray,Vacuum Cleaner,Slinky,Cord,Bread Maker,Dust Bag,Correction Tape,Attachment,Canoe,Rug,Ruler,Vacuum Cleaner,Tumbleweed,Cord,Snorkel Mask,Dust Bag,Gravy Boat,Attachment,Tuba,Rug,Spats,Vacuum Cleaner,Unicycle,Cord,Door Stopper,Dust Bag,Salad Spinner,Attachment,Bunsen Burner,Rug,Ironing Board
Washing a Car,Sponge,Urn,Bucket,Corn on the Cob,Soap,Kite,Hose,Springform Pan,Chamois,Jawbreaker,Sponge,Sand Dollar,Bucket,Ascot,Soap,Marionette,Hose,Flask,Chamois,Bellhop Cart,Sponge,Throw Pillow,Bucket,Recorder,Soap,Luge,Hose,Kaleidoscope,Chamois,Driftwood,Sponge,Gravy Boat,Bucket,Decanter,Soap,Forceps,Hose,Goblet,Chamois,Bagpipes,Sponge,Rubber Duck,Bucket,Abacus,Soap,Canoe,Hose,Tin Snips,Chamois,Discus
Peeling a Banana,Banana,Chamberpot,Plate,Bread Maker,Fork,Throw Pillow,Fruit Bowl,Beehive,Napkin,Clam Shell,Banana,Bobsled,Plate,Lacrosse Stick,Fork,Jump Rope,Fruit Bowl,Wire Stripper,Napkin,Luge,Banana,Skip-It,Plate,Tuba,Fork,Hole Punch,Fruit Bowl,Kilt,Napkin,Periscope,Banana,Petri Dish,Plate,Beret,Fork,Reflex Hammer,Fruit Bowl,Sea Urchin,Napkin,Candy Floss,Banana,Chaise Longue,Plate,Lobster,Fork,Correction Tape,Fruit Bowl,Jigsaw,Napkin,Theremin
Pouring Cereal,Cereal Box,Gummy Worm,Bowl,Belt Sander,Spoon,Bocce Ball,Milk,Jack-in-the-Box,Napkin,Hourglass,Cereal Box,Jug,Bowl,Bagpipes,Spoon,Melon Baller,Milk,Tambourine,Napkin,Tape Dispenser,Cereal Box,Pince-Nez,Bowl,Harpsichord,Spoon,Sundial,Milk,Dogsledge,Napkin,Angle Grinder,Cereal Box,Ascot,Bowl,Beehive,Spoon,Catamaran,Milk,Egg Separator,Napkin,Bellhop Cart,Cereal Box,Skeleton Sled,Bowl,Forklift,Spoon,Oscillating Tool,Milk,Wire Stripper,Napkin,Javelin
Drinking from a Straw,Cup,Unicycle,Straw,Tuba,Drink,Sea Urchin,Napkin,Sombrero,Coaster,Poncho,Cup,Snow Globe,Straw,Fire Poker,Drink,Pogo Stick,Napkin,Ruler,Coaster,Paperweight,Cup,Urn,Straw,Retractor,Drink,Chaise Longue,Napkin,Butter Dish,Coaster,Wind-Up Toy,Cup,Banjo,Straw,Kite,Drink,Javelin,Napkin,Stepladder,Coaster,Bunch of Bananas,Cup,Cloak,Straw,Didgeridoo,Drink,Reflex Hammer,Napkin,Puppet,Coaster,Pretzel
Clapping,Hands,Shuttlecock,Gloves,Letter Opener,Stage,Luge,Microphone,Kazoo,Chair,Accordion,Hands,Poncho,Gloves,Catamaran,Stage,Ironing Board,Microphone,Pommel,Chair,Hurdle,Hands,Butter Dish,Gloves,Microscope Slide,Stage,Spats,Microphone,Yo-Yo,Chair,Zamboni,Hands,Pie Bird,Gloves,Compass,Stage,Cowl,Microphone,Sousaphone,Chair,Belt Sander,Hands,Beehive,Gloves,Harpsichord,Stage,Binder Clip,Microphone,Melon Baller,Chair,Marbles
Waving Hello,Hand,Pommel,Sleeve,Mandolin,Door,Wasp Nest,Window,Rubber Band Ball,Porch,Tutu,Hand,Mannequin,Sleeve,Egg Separator,Door,Bucket,Window,Bagpipes,Porch,Slinky,Hand,Ear Trumpet,Sleeve,Gravy Boat,Door,Ruler,Window,Pommel Horse,Porch,Muumuu,Hand,Pipe Wrench,Sleeve,Dogsledge,Door,Geode,Window,Pinball Machine,Porch,Fossil,Hand,Luge,Sleeve,Rowing Shell,Door,Tambourine,Window,Marbles,Porch,Watermelon
Yawning and Stretching,Arms,Chalice,Pillow,Coat Rack,Blanket,Kite,Alarm Clock,Bird Nest,Bed,Compass,Arms,Clam Shell,Pillow,Tricycle,Blanket,Bunsen Burner,Alarm Clock,Jack-in-the-Box,Bed,Pencil Sharpener,Arms,Fossil,Pillow,Muumuu,Blanket,Dough Hook,Alarm Clock,Fez,Bed,Skeleton Sled,Arms,Drumstick (chicken),Pillow,Chamberpot,Blanket,Zither,Alarm Clock,Mandolin,Bed,Bread Maker,Arms,Anvil,Pillow,Totem Pole,Blanket,Bone Saw,Alarm Clock,Jigsaw,Bed,Unicycle
Sneezing,Tissue,Sombrero,Handkerchief,Umbrella Stand,Nose,Blimp,Sleeve,Correction Tape,Trash Can,Dogsledge,Tissue,Fondue Pot,Handkerchief,Paperweight,Nose,Butter Dish,Sleeve,Lump of Coal,Trash Can,Beret,Tissue,Reflex Hammer,Handkerchief,Stethoscope,Nose,Bone Saw,Sleeve,Goblet,Trash Can,Thermos,Tissue,Pumice Stone,Handkerchief,Cask,Nose,Mandolin,Sleeve,Gourd,Trash Can,Bobblehead,Tissue,Street Sweeper,Handkerchief,Cherry Pitter,Nose,Toilet Plunger,Sleeve,Rickshaw,Trash Can,Inbox Tray
Putting on a Hat,Hat,Kazoo,Mirror,Kaleidoscope,Hanger,Belt Sander,Hook,Theremin,Shelf,Beehive,Hat,Bocce Ball,Mirror,Keg,Hanger,Hazmat Suit,Hook,Pitchfork,Shelf,Geode,Hat,Otoscope,Mirror,Lollipop,Hanger,Cotton Candy,Hook,Marbles,Shelf,Amphora,Hat,Sticky Notes Pad,Mirror,Lacrosse Stick,Hanger,Corndog,Hook,Skip-It,Shelf,Polo Mallet,Hat,Clam Shell,Mirror,Rubber Duck,Hanger,Paperweight,Hook,Pinwheel,Shelf,Specimen Jar
Zipping a Jacket,Jacket,Bucket,Zipper,Unicycle,Collar,Amphora,Hood,Compass,Pocket,Muumuu,Jacket,Fondue Pot,Zipper,Zamboni,Collar,Fez,Hood,Dried Corn Husk,Pocket,Barrel,Jacket,Ramekin,Zipper,Slot Machine,Collar,Churro,Hood,Hourglass,Pocket,Zither,Jacket,Wheel of Cheese,Zipper,Bunch of Bananas,Collar,Clam Shell,Hood,Canoe,Pocket,Bobsled,Jacket,Polo Mallet,Zipper,Periscope,Collar,Gargoyle,Hood,Typewriter,Pocket,Antlers
Buttoning a Shirt,Shirt,Rubber Duck,Button,Zither,Mirror,Chaise Longue,Collar,Retractor,Cuff,Door Knocker,Shirt,Whole Pineapple,Button,Pitchfork,Mirror,Barrel,Collar,Snorkel Mask,Cuff,Sedan Chair,Shirt,Skip-It,Button,Marionette,Mirror,Chalice,Collar,Skeleton Sled,Cuff,Dogsledge,Shirt,Sousaphone,Button,Stapler,Mirror,Kayak,Collar,Ramekin,Cuff,Antlers,Shirt,Wind-Up Toy,Button,Sextant,Mirror,Tumbleweed,Collar,Hole Punch,Cuff,Tape Dispenser
Putting on Socks,Sock,Footstool,Foot,Pogo Stick,Chair,Kaleidoscope,Shoe,Pitchfork,Carpet,Spats,Sock,Tuba,Foot,Wind-Up Toy,Chair,Ruler,Shoe,Periscope,Carpet,Urn,Sock,Unicycle,Foot,Floor Lamp,Chair,Centrifuge,Shoe,Whole Pineapple,Carpet,Forklift,Sock,Skeleton Sled,Foot,Lute,Chair,Catamaran,Shoe,Mannequin,Carpet,Candy Floss,Sock,Trophy,Foot,Cotton Candy,Chair,Theremin,Shoe,Hang Glider,Carpet,Driftwood
Mopping the Floor,Mop,Pogo Stick,Bucket,Ramekin,Water,Sextant,Soap,Gummy Worm,Wet Floor Sign,Throw Pillow,Mop,Harpsichord,Bucket,Pumice Stone,Water,Sedan Chair,Soap,Compass,Wet Floor Sign,Hurdle,Mop,Amphora,Bucket,Floor Lamp,Water,Yo-Yo,Soap,Test Tube,Wet Floor Sign,Vuvuzela,Mop,Toilet Plunger,Bucket,Beehive,Water,Lump of Coal,Soap,Cask,Wet Floor Sign,Wheel of Cheese,Mop,Gourd,Bucket,Dough Hook,Water,Fondue Pot,Soap,Boomerang,Wet Floor Sign,Watermelon
Dusting Furniture,Duster,Parallel Bar,Cloth,Tumbleweed,Furniture Polish,Bobblehead,Shelf,Floor Lamp,Lamp,Street Sweeper,Duster,Pastry Brush,Cloth,Wind-Up Toy,Furniture Polish,Spats,Shelf,Yo-Yo,Lamp,Forceps,Duster,Gargoyle,Cloth,Wasp Nest,Furniture Polish,Chamberpot,Shelf,Keg,Lamp,Bucket,Duster,Inbox Tray,Cloth,Pogo Stick,Furniture Polish,Sumo Belt,Shelf,Javelin,Lamp,Flask,Duster,Letter Opener,Cloth,Stethoscope,Furniture Polish,Torque Wrench,Shelf,Caulk Gun,Lamp,Barrel
Taking Out Trash,Trash Bag,Kilt,Trash Can,Sand Dollar,Lid,Corndog,Gloves,Stalagtite,Recycling Bin,Bagpipes,Trash Bag,Javelin,Trash Can,Stapler,Lid,Frisbee,Gloves,Pretzel,Recycling Bin,Reflex Hammer,Trash Bag,Pince-Nez,Trash Can,Tutu,Lid,Torque Wrench,Gloves,Pipe Wrench,Recycling Bin,Cask,Trash Bag,Sticky Notes Pad,Trash Can,Bellhop Cart,Lid,Bongo Drum,Gloves,Letter Opener,Recycling Bin,Butter Dish,Trash Bag,Spats,Trash Can,Candy Cane,Lid,Correction Tape,Gloves,Lederhosen,Recycling Bin,TV Remote
Hanging a Picture,Picture Frame,Beret,Hammer,Thermos,Nail,Corndog,Level,Tin Snips,Pencil,Harpsichord,Picture Frame,Gargoyle,Hammer,Springform Pan,Nail,Segway,Level,Fez,Pencil,Canoe,Picture Frame,Urn,Hammer,Barrel,Nail,Pretzel,Level,Trophy,Pencil,Salad Spinner,Picture Frame,Pastry Brush,Hammer,Pommel,Nail,Candy Cane,Level,Lollipop,Pencil,Ukulele,Picture Frame,Footstool,Hammer,Puppet,Nail,Ironing Board,Level,Cowl,Pencil,Bobblehead
Watering a Flower,Flower Pot,Driftwood,Watering Can,Salad Spinner,Water,Recorder,Trowel,Springform Pan,Gloves,Keg,Flower Pot,Pumice Stone,Watering Can,Cake Dome,Water,Poncho,Trowel,Lute,Gloves,Antlers,Flower Pot,Jack-in-the-Box,Watering Can,Thermos,Water,Lacrosse Stick,Trowel,Totem Pole,Gloves,Correction Tape,Flower Pot,Tricycle,Watering Can,Tongue Depressor,Water,Cherry Pitter,Trowel,Paper Clip Chain,Gloves,Floor Lamp,Flower Pot,Gargoyle,Watering Can,Vuvuzela,Water,Sousaphone,Trowel,Fondue Pot,Gloves,Canteen
Eating an Apple,Apple,Giant Gummy Bear,Napkin,Mandolin,Plate,Gramophone,Fork,Periscope,Paper Towel,Sticky Notes Pad,Apple,Retractor,Napkin,Rivet Gun,Plate,Banjo,Fork,Cauldron,Paper Towel,Jack-in-the-Box,Apple,Luge,Napkin,Lacrosse Stick,Plate,Plumb Bob,Fork,Keg,Paper Towel,Bone Saw,Apple,Wind-Up Toy,Napkin,Churro,Plate,Bocce Ball,Fork,Jump Rope,Paper Towel,Lobster,Apple,Decanter,Napkin,Baguette,Plate,Caulk Gun,Fork,Dogsledge,Paper Towel,Spats
Drinking Coffee,Coffee Mug,Tuxedo Jacket,Coffee,Skip-It,Spoon,Spats,Sugar,Barrel,Creamer,Trophy,Coffee Mug,Tricycle,Coffee,Dogsledge,Spoon,Corndog,Sugar,Stapler,Creamer,Decanter,Coffee Mug,Recorder,Coffee,Luge,Spoon,Curling Stone,Sugar,Sumo Belt,Creamer,TV Remote,Coffee Mug,Keg,Coffee,Hula Hoop,Spoon,Abacus,Sugar,Dough Hook,Creamer,Hourglass,Coffee Mug,Banjo,Coffee,Kazoo,Spoon,Marionette,Sugar,Ear Trumpet,Creamer,Rubber Duck
Eating a Banana,Banana,Shuttlecock,Napkin,Polo Mallet,Plate,Corndog,Fork,Angle Grinder,Fruit Bowl,Skip-It,Banana,Segway,Napkin,Gravy Boat,Plate,Drumstick (chicken),Fork,Sticky Notes Pad,Fruit Bowl,Heat Gun,Banana,Pogo Stick,Napkin,Hole Punch,Plate,Chalk Line,Fork,Centrifuge,Fruit Bowl,Plumb Bob,Banana,Hazmat Suit,Napkin,Lute,Plate,Spats,Fork,Pastry Brush,Fruit Bowl,Beehive,Banana,Corn on the Cob,Napkin,Blimp,Plate,Letter Opener,Fork,Egg Separator,Fruit Bowl,Cloak
Blowing a Bubble,Bubble Wand,Bread Maker,Bubble Solution,Wind-Up Toy,Jar,Bagpipes,Tray,Tongue Depressor,Towel,Didgeridoo,Bubble Wand,Flask,Bubble Solution,Jigsaw,Jar,Spats,Tray,Tape Dispenser,Towel,Luge,Bubble Wand,Pumice Stone,Bubble Solution,Cask,Jar,Kayak,Tray,Cauldron,Towel,Marionette,Bubble Wand,Weather Vane,Bubble Solution,Poncho,Jar,Muumuu,Tray,Tuba,Towel,Rickshaw,Bubble Wand,Bobsled,Bubble Solution,Pommel,Jar,Pith Helmet,Tray,Kilt,Towel,Shuttlecock
Skipping Rope,Jump Rope,Pinball Machine,Sneakers,Correction Tape,Shorts,Rubber Duck,Timer,Snorkel Mask,Chalk,Pencil Sharpener,Jump Rope,TV Remote,Sneakers,Gravy Boat,Shorts,Bucket,Timer,Wire Stripper,Chalk,Sea Urchin,Jump Rope,Throw Pillow,Sneakers,Didgeridoo,Shorts,Kaleidoscope,Timer,Bellhop Cart,Chalk,Frisbee,Jump Rope,Kilt,Sneakers,Tutu,Shorts,Wheel of Cheese,Timer,Candelabra,Chalk,Lute,Jump Rope,Sextant,Sneakers,Gramophone,Shorts,Puppet,Timer,Cake Dome,Chalk,Letter Opener
Riding a Bike,Bicycle,Stalagtite,Helmet,Bobsled,Water Bottle,Typewriter,Gloves,Watermelon,Lock,Bellhop Cart,Bicycle,Amphora,Helmet,Wasp Nest,Water Bottle,Puppet,Gloves,Nibbler,Lock,Candy Floss,Bicycle,Hole Punch,Helmet,Monocle,Water Bottle,Bongo Drum,Gloves,Abacus,Lock,Caulk Gun,Bicycle,Gummy Worm,Helmet,Tuxedo Jacket,Water Bottle,Bone Saw,Gloves,Snorkel Mask,Lock,Fez,Bicycle,Mannequin,Helmet,Thermos,Water Bottle,Keg,Gloves,Throw Pillow,Lock,Frisbee
Kicking a Soccer Ball,Soccer Ball,Street Sweeper,Cleats,Letter Opener,Shin Guards,Cotton Candy,Goal,Shuttlecock,Jersey,Canoe,Soccer Ball,Oscillating Tool,Cleats,Parka,Shin Guards,Bone Saw,Goal,Tricycle,Jersey,Snow Globe,Soccer Ball,TV Remote,Cleats,Cloak,Shin Guards,Mandolin,Goal,Bucket,Jersey,Antlers,Soccer Ball,Belt Sander,Cleats,Beret,Shin Guards,Wind-Up Toy,Goal,Maracas,Jersey,Pastry Brush,Soccer Ball,Egg Separator,Cleats,Kayak,Shin Guards,Cowl,Goal,Bunch of Bananas,Jersey,Sextant
Throwing a Frisbee,Frisbee,Snow Globe,Sneakers,Pitchfork,Gloves,Retractor,Cap,Toilet Plunger,Water Bottle,Rivet Gun,Frisbee,Parka,Sneakers,Periscope,Gloves,Fossil,Cap,Sundial,Water Bottle,Lump of Coal,Frisbee,Candy Cane,Sneakers,Pretzel,Gloves,Urn,Cap,Bunsen Burner,Water Bottle,Heat Gun,Frisbee,Goblet,Sneakers,Angle Grinder,Gloves,Cauldron,Cap,Rickshaw,Water Bottle,Jug,Frisbee,Bullhorn,Sneakers,Submarine Periscope,Gloves,Nibbler,Cap,Pince-Nez,Water Bottle,Cask
Playing with a Yo-Yo,Yo-Yo,Garlic Press,String,Trophy,Finger Guard,Street Sweeper,Wrist Strap,Beehive,Cloth,Kaleidoscope,Yo-Yo,Typewriter,String,Paperweight,Finger Guard,Wheel of Cheese,Wrist Strap,Gummy Worm,Cloth,Salad Spinner,Yo-Yo,Tumbleweed,String,Door Stopper,Finger Guard,Correction Tape,Wrist Strap,Coat Rack,Cloth,Sundial,Yo-Yo,Inbox Tray,String,Muumuu,Finger Guard,Fossil,Wrist Strap,Catamaran,Cloth,Cotton Candy,Yo-Yo,Didgeridoo,String,Pipe Wrench,Finger Guard,Periscope,Wrist Strap,Submarine Periscope,Cloth,Barrel
Flying a Kite,Kite,Dough Hook,String,Sedan Chair,Wind,Petri Dish,Reel,Periscope,Gloves,Corn on the Cob,Kite,Bunch of Bananas,String,Jigsaw,Wind,Hole Punch,Reel,Pretzel,Gloves,Binder Clip,Kite,Pommel,String,Trophy,Wind,Goblet,Reel,Microscope Slide,Gloves,Compass,Kite,Jump Rope,String,Jawbreaker,Wind,Kazoo,Reel,Churro,Gloves,Didgeridoo,Kite,Clam Shell,String,Sombrero,Wind,Garlic Press,Reel,Recorder,Gloves,Typewriter
Blowing Bubbles,Bubble Wand,Typewriter,Soap Solution,Egg Separator,Jar,Bucket,Tray,Sea Urchin,Towel,Pipe Wrench,Bubble Wand,Wire Stripper,Soap Solution,Bird Nest,Jar,Stethoscope,Tray,Muumuu,Towel,Anvil,Bubble Wand,Stalagtite,Soap Solution,Didgeridoo,Jar,Dried Corn Husk,Tray,Vuvuzela,Towel,Street Sweeper,Bubble Wand,Rubber Duck,Soap Solution,Pinecone,Jar,Umbrella Stand,Tray,Xylophone,Towel,Stepladder,Bubble Wand,Abacus,Soap Solution,Footstool,Jar,Springform Pan,Tray,Pastry Brush,Towel,Dogsledge
Playing Hopscotch,Chalk,Barrel,Stone,Retractor,Sidewalk,Jump Rope,Sneakers,Churro,Marker,Abacus,Chalk,Angle Grinder,Stone,Typewriter,Sidewalk,Jawbreaker,Sneakers,Bongo Drum,Marker,Shot Put,Chalk,Pencil Sharpener,Stone,Flask,Sidewalk,Lathe,Sneakers,Recorder,Marker,Cotton Candy,Chalk,Ruler,Stone,Oscillating Tool,Sidewalk,Sousaphone,Sneakers,Goblet,Marker,Lump of Coal,Chalk,Wheel of Cheese,Stone,Trophy,Sidewalk,Ear Trumpet,Sneakers,Bobsled,Marker,Cherry Pitter
Bouncing a Ball,Ball,Tumbleweed,Sneakers,Jigsaw,Floor,Beret,Wall,Kilt,Hand,Angle Grinder,Ball,Belt Sander,Sneakers,Sand Dollar,Floor,Retractor,Wall,Bongo Drum,Hand,Muumuu,Ball,Parallel Bar,Sneakers,Jug,Floor,Recorder,Wall,Gummy Worm,Hand,Frisbee,Ball,Cask,Sneakers,Cauldron,Floor,Drumstick (chicken),Wall,Sextant,Hand,Bucket,Ball,Maracas,Sneakers,Fire Poker,Floor,Tuba,Wall,Bunch of Bananas,Hand,Fossil
Spinning a Top,Spinning Top,Driftwood,Surface,Umbrella Stand,Finger,Hula Hoop,String,Cloak,Timer,Chaise Longue,Spinning Top,Mandolin,Surface,Cowbell,Finger,Xylophone,String,Whole Salmon,Timer,Paperweight,Spinning Top,Microscope Slide,Surface,Bobblehead,Finger,Door Knocker,String,Lobster,Timer,Letter Opener,Spinning Top,Lacrosse Stick,Surface,Angle Grinder,Finger,Skip-It,String,Abacus,Timer,Pommel Horse,Spinning Top,Gramophone,Surface,Marionette,Finger,Snow Globe,String,Throw Pillow,Timer,Specimen Jar
Tossing a Coin,Coin,Sousaphone,Hand,Floor Lamp,Table,Bone Saw,Cup,Parka,Finger,Hurdle,Coin,Stalagtite,Hand,Stapler,Table,Baguette,Cup,Garlic Press,Finger,Pince-Nez,Coin,Cowbell,Hand,Ironing Board,Table,Bread Maker,Cup,Plumb Bob,Finger,Sea Urchin,Coin,Caulk Gun,Hand,Dried Corn Husk,Table,Kazoo,Cup,Watermelon,Finger,Bullhorn,Coin,Fondue Pot,Hand,Pinball Machine,Table,Trophy,Cup,Xylophone,Finger,Ear Trumpet
Rolling Dice,Dice,Javelin,Cup,Marbles,Table,Slinky,Hand,Tuxedo Jacket,Felt Mat,Chaise Longue,Dice,Periscope,Cup,Candelabra,Table,Ascot,Hand,Didgeridoo,Felt Mat,Zamboni,Dice,Barrel,Cup,Corndog,Table,Caulk Gun,Hand,Muumuu,Felt Mat,Beret,Dice,Tutu,Cup,Megaphone,Table,Bobblehead,Hand,Weather Vane,Felt Mat,Throw Pillow,Dice,Flask,Cup,Baguette,Table,Jigsaw,Hand,Door Stopper,Felt Mat,Compass
Shuffling Cards,Deck of Cards,Centrifuge,Table,Toilet Plunger,Hands,Forklift,Card Holder,Pitchfork,Chips,Whole Pineapple,Deck of Cards,Pogo Stick,Table,Clam Shell,Hands,Harpsichord,Card Holder,Recorder,Chips,Dough Hook,Deck of Cards,Typewriter,Table,Jump Rope,Hands,Hurdle,Card Holder,Kaleidoscope,Chips,Parallel Bar,Deck of Cards,Kayak,Table,Ukulele,Hands,Jigsaw,Card Holder,Plumb Bob,Chips,Cowbell,Deck of Cards,Sand Dollar,Table,Candy Cane,Hands,Vuvuzela,Card Holder,Sombrero,Chips,Letter Opener
Dealing Cards,Deck of Cards,Correction Tape,Table,Boomerang,Hands,Snow Globe,Card Holder,Xylophone,Chair,Cauldron,Deck of Cards,Jack-in-the-Box,Table,Pith Helmet,Hands,Corn on the Cob,Card Holder,Pince-Nez,Chair,Pinecone,Deck of Cards,Gourd,Table,Hazmat Suit,Hands,Lute,Card Holder,Lollipop,Chair,Corndog,Deck of Cards,Zamboni,Table,Ascot,Hands,Candelabra,Card Holder,Chalk Line,Chair,Dough Hook,Deck of Cards,Bread Maker,Table,Floor Lamp,Hands,Lump of Coal,Card Holder,Bobsled,Chair,Jug
Building with Blocks,Blocks,Sumo Belt,Table,Gummy Worm,Mat,Luge,Ruler,Recorder,Blueprint,Polo Mallet,Blocks,Gavel,Table,Belt Sander,Mat,Bunch of Bananas,Ruler,Pith Helmet,Blueprint,Ascot,Blocks,Marbles,Table,Torque Wrench,Mat,Cake Dome,Ruler,Binder Clip,Blueprint,Gravy Boat,Blocks,Footstool,Table,Garlic Press,Mat,Geode,Ruler,Coat Rack,Blueprint,Hurdle,Blocks,Pipe Wrench,Table,Unicycle,Mat,Shuttlecock,Ruler,Slot Machine,Blueprint,Chaise Longue
Stacking Coins,Coins,Reflex Hammer,Table,Trophy,Hands,Fondue Pot,Tray,Bongo Drum,Counter,Pitchfork,Coins,Pretzel,Table,Poncho,Hands,Gondola,Tray,Umbrella Stand,Counter,Snow Globe,Coins,Bone Saw,Table,Sundial,Hands,Tuxedo Jacket,Tray,Vuvuzela,Counter,Accordion,Coins,Anvil,Table,Submarine Periscope,Hands,Weather Vane,Tray,Parka,Counter,Balance Beam,Coins,Jump Rope,Table,Bunch of Bananas,Hands,Coat Rack,Tray,Paperweight,Counter,Baguette
Opening a Door,Door,Weather Vane,Doorknob,Gramophone,Key,Paper Clip Chain,Hinge,Desk Calendar,Mat,Hang Glider,Door,Dogsledge,Doorknob,Cauldron,Key,Salad Spinner,Hinge,Pommel Horse,Mat,Cowl,Door,Thermos,Doorknob,Banjo,Key,Wheel of Cheese,Hinge,Chalice,Mat,Stepladder,Door,Baguette,Doorknob,Dough Hook,Key,Bellows,Hinge,Forceps,Mat,Puppet,Door,Wind-Up Toy,Doorknob,Ramekin,Key,Goblet,Hinge,Flask,Mat,Compass
Knocking on a Door,Door,Sombrero,Fist,Tambourine,Knocker,Goblet,Peephole,Pretzel,Doorbell,Driftwood,Door,Bobsled,Fist,Hang Glider,Knocker,Hole Punch,Peephole,Door Stopper,Doorbell,Urn,Door,Garlic Press,Fist,Fossil,Knocker,Theremin,Peephole,Luge,Doorbell,Cask,Door,Centrifuge,Fist,Javelin,Knocker,Beehive,Peephole,Bagpipes,Doorbell,Lump of Coal,Door,Bellows,Fist,Wasp Nest,Knocker,Slot Machine,Peephole,Hula Hoop,Doorbell,Hourglass
Ringing a Doorbell,Doorbell,Otoscope,Door,Tricycle,Key,Rowing Shell,Mat,Lacrosse Stick,Porch,Trophy,Doorbell,Whole Pineapple,Door,Ascot,Key,Skip-It,Mat,Tambourine,Porch,Sticky Notes Pad,Doorbell,Mannequin,Door,Gavel,Key,Beehive,Mat,Balance Beam,Porch,Pumice Stone,Doorbell,Jigsaw,Door,Goblet,Key,Fez,Mat,Barrel,Porch,Fondue Pot,Doorbell,Gummy Worm,Door,Recorder,Key,Sextant,Mat,Shuttlecock,Porch,Inbox Tray
Locking a Door,Key,Totem Pole,Lock,Giant Gummy Bear,Door,Blimp,Keychain,Recorder,Door Knob,Hole Punch,Key,Curling Stone,Lock,Paperweight,Door,Pogo Stick,Keychain,Belt Sander,Door Knob,Tumbleweed,Key,Trophy,Lock,Bread Maker,Door,Inbox Tray,Keychain,Luge,Door Knob,Tricycle,Key,Thermos,Lock,Pipe Wrench,Door,Baguette,Keychain,Puppet,Door Knob,Skip-It,Key,Bellhop Cart,Lock,Letter Opener,Door,Garlic Press,Keychain,Wasp Nest,Door Knob,Scythe
Climbing Stairs,Stairs,Lump of Coal,Railing,Snorkel Mask,Shoes,Thermos,Step,Gummy Worm,Landing,Harpsichord,Stairs,Egg Separator,Railing,Kayak,Shoes,Tuxedo Jacket,Step,Recorder,Landing,Hula Hoop,Stairs,Cowl,Railing,Mandolin,Shoes,Pumice Stone,Step,Melon Baller,Landing,Ear Trumpet,Stairs,Lobster,Railing,Zither,Shoes,Sundial,Step,Tuba,Landing,Gravy Boat,Stairs,Kite,Railing,Forklift,Shoes,Balance Beam,Step,Pitchfork,Landing,Yo-Yo
Sitting Down,Chair,Gavel,Cushion,Vuvuzela,Table,Antlers,Armrest,Stalagtite,Floor,Lacrosse Stick,Chair,Spats,Cushion,Monocle,Table,Jawbreaker,Armrest,Boomerang,Floor,Toilet Plunger,Chair,Shot Put,Cushion,Amphora,Table,Fire Poker,Armrest,Jack-in-the-Box,Floor,Tuba,Chair,Ramekin,Cushion,Curling Stone,Table,Segway,Armrest,Compass,Floor,Balance Beam,Chair,Candelabra,Cushion,Harpsichord,Table,Bongo Drum,Armrest,Lederhosen,Floor,Candy Cane
Standing Up,Chair,Poncho,Floor,Fossil,Armrest,Javelin,Hand,Otoscope,Shoes,Marbles,Chair,Pie Bird,Floor,Pogo Stick,Armrest,Angle Grinder,Hand,Muumuu,Shoes,Salad Spinner,Chair,Sea Urchin,Floor,Abacus,Armrest,Candy Apple,Hand,Jug,Shoes,Tuxedo Jacket,Chair,Marionette,Floor,Toilet Plunger,Armrest,Rubber Duck,Hand,Amphora,Shoes,Decanter,Chair,Pince-Nez,Floor,Pinball Machine,Armrest,Stepladder,Hand,Chamberpot,Shoes,Pith Helmet
Picking Something Up,Object,Watermelon,Floor,Garlic Press,Hand,Hurdle,Gloves,Ear Trumpet,Pocket,Zither,Object,Trophy,Floor,Compass,Hand,Wasp Nest,Gloves,Stalagtite,Pocket,Amphora,Object,Discus,Floor,Sousaphone,Hand,Forceps,Gloves,Ruler,Pocket,Segway,Object,Keg,Floor,Spats,Hand,Parka,Gloves,Angle Grinder,Pocket,Shot Put,Object,Theremin,Floor,Pommel Horse,Hand,Sticky Notes Pad,Gloves,Binder Clip,Pocket,Egg Separator
Carrying a Box,Box,Zither,Hands,Wheel of Cheese,Tape,Cotton Candy,Marker,Corn on the Cob,Dolly,Shuttlecock,Box,Didgeridoo,Hands,Antlers,Tape,Mandolin,Marker,Canteen,Dolly,Jug,Box,Beehive,Hands,Gummy Worm,Tape,Theremin,Marker,Salad Spinner,Dolly,Megaphone,Box,Polo Mallet,Hands,Rowing Shell,Tape,Rubber Band Ball,Marker,Pinwheel,Dolly,Paper Clip Chain,Box,Tongue Depressor,Hands,Kite,Tape,Kazoo,Marker,Pinball Machine,Dolly,Driftwood
Pushing a Cart,Cart,Door Stopper,Handle,Floor Lamp,Wheel,Chaise Longue,Floor,Sticky Notes Pad,Load,Cloak,Cart,Bucket,Handle,Theremin,Wheel,Geode,Floor,Lathe,Load,Pinwheel,Cart,Whole Salmon,Handle,Paper Clip Chain,Wheel,Forceps,Floor,Periscope,Load,Banjo,Cart,Gramophone,Handle,Luge,Wheel,Stalagtite,Floor,Ironing Board,Load,Gondola,Cart,Garlic Press,Handle,Sousaphone,Wheel,Wire Stripper,Floor,Didgeridoo,Load,Sedan Chair
Pulling a Wagon,Wagon,Jump Rope,Handle,Ascot,Rope,Sextant,Wheel,Coat Rack,Load,Geode,Wagon,Scepter,Handle,Whole Salmon,Rope,Amphora,Wheel,Stapler,Load,Totem Pole,Wagon,Goblet,Handle,Kite,Rope,Pie Bird,Wheel,Rickshaw,Load,Wind-Up Toy,Wagon,Pumice Stone,Handle,Segway,Rope,Caulk Gun,Wheel,Ukulele,Load,Springform Pan,Wagon,Skip-It,Handle,Cowl,Rope,Submarine Periscope,Wheel,Umbrella Stand,Load,Microscope Slide
Stirring a Pot,Pot,Coat Rack,Spoon,Mandolin,Stove,Megaphone,Lid,Baguette,Oven Mitt,Fondue Pot,Pot,Vuvuzela,Spoon,Cloak,Stove,Gargoyle,Lid,Marionette,Oven Mitt,Chaise Longue,Pot,Skip-It,Spoon,Maracas,Stove,Periscope,Lid,Cotton Candy,Oven Mitt,Paper Clip Chain,Pot,Thermos,Spoon,Pencil Sharpener,Stove,Kilt,Lid,Zither,Oven Mitt,Giant Gummy Bear,Pot,Stapler,Spoon,Kayak,Stove,Keg,Lid,Cowl,Oven Mitt,Pipe Wrench
Peeling an Orange,Orange,Gargoyle,Plate,Slot Machine,Napkin,Angle Grinder,Knife,Sand Dollar,Bowl,Shot Put,Orange,Lute,Plate,Hourglass,Napkin,Ascot,Knife,Urn,Bowl,Abacus,Orange,Fondue Pot,Plate,Jawbreaker,Napkin,Balance Beam,Knife,Hang Glider,Bowl,Plumb Bob,Orange,Binder Clip,Plate,Catamaran,Napkin,Torque Wrench,Knife,Monocle,Bowl,Gramophone,Orange,Tutu,Plate,Chaise Longue,Napkin,Floor Lamp,Knife,Maracas,Bowl,Lathe
Slicing Bread,Bread,Bobblehead,Knife,Stalagtite,Cutting Board,Jigsaw,Plate,Curling Stone,Napkin,Bellhop Cart,Bread,Churro,Knife,Chalk Line,Cutting Board,Watermelon,Plate,Cowbell,Napkin,Snow Globe,Bread,Sextant,Knife,Luge,Cutting Board,Sundial,Plate,Pith Helmet,Napkin,Corndog,Bread,Egg Separator,Knife,Goblet,Cutting Board,Toilet Plunger,Plate,Salad Spinner,Napkin,Sea Urchin,Bread,Corn on the Cob,Knife,Vuvuzela,Cutting Board,Harpsichord,Plate,Poncho,Napkin,Sombrero
Spreading Jam,Bread,Weather Vane,Jam,Bird Nest,Knife,Decanter,Plate,Pince-Nez,Napkin,Bucket,Bread,Correction Tape,Jam,Dogsledge,Knife,Cotton Candy,Plate,Typewriter,Napkin,Snow Globe,Bread,Maracas,Jam,Parka,Knife,Sumo Belt,Plate,Cauldron,Napkin,Compass,Bread,Cowbell,Jam,Pinwheel,Knife,Ruler,Plate,Dough Hook,Napkin,Sombrero,Bread,Ramekin,Jam,Scythe,Knife,Discus,Plate,Recorder,Napkin,Hang Glider
Pouring Juice,Juice Carton,Flask,Glass,Shuttlecock,Tray,Gramophone,Coaster,Javelin,Napkin,Whole Salmon,Juice Carton,Spinning Top,Glass,Pinball Machine,Tray,Cowl,Coaster,Keg,Napkin,Gravy Boat,Juice Carton,Muumuu,Glass,Thermos,Tray,Sea Urchin,Coaster,Cask,Napkin,Rickshaw,Juice Carton,Footstool,Glass,Mandolin,Tray,Geode,Coaster,Lollipop,Napkin,Melon Baller,Juice Carton,Lobster,Glass,Parka,Tray,Bucket,Coaster,Kazoo,Napkin,Wheel of Cheese
Making Toast,Bread,Trophy,Toaster,Jump Rope,Plate,Sea Urchin,Butter Knife,Thermos,Butter,Petri Dish,Bread,Lacrosse Stick,Toaster,Watermelon,Plate,Mandolin,Butter Knife,Tambourine,Butter,Balance Beam,Bread,Caulk Gun,Toaster,Paperweight,Plate,Gravy Boat,Butter Knife,Candy Cane,Butter,Heat Gun,Bread,Blimp,Toaster,Pince-Nez,Plate,Tumbleweed,Butter Knife,Bellhop Cart,Butter,Slot Machine,Bread,Hurdle,Toaster,Nibbler,Plate,Skeleton Sled,Butter Knife,Fondue Pot,Butter,Sticky Notes Pad
Cracking an Egg,Egg,Nibbler,Bowl,Fire Poker,Fork,Bellows,Pan,TV Remote,Spatula,Chamberpot,Egg,Barrel,Bowl,Skeleton Sled,Fork,Watermelon,Pan,Accordion,Spatula,Blimp,Egg,Zither,Bowl,Wire Stripper,Fork,Lollipop,Pan,Jawbreaker,Spatula,Bird Nest,Egg,Pogo Stick,Bowl,Gargoyle,Fork,Pretzel,Pan,Lacrosse Stick,Spatula,Trophy,Egg,Candelabra,Bowl,Giant Gummy Bear,Fork,Egg Separator,Pan,Inbox Tray,Spatula,Whole Salmon
Flipping a Pancake,Pancake,Door Knocker,Spatula,Candy Floss,Pan,Desk Calendar,Plate,Yo-Yo,Syrup,Theremin,Pancake,Gavel,Spatula,Fez,Pan,Umbrella Stand,Plate,Marbles,Syrup,Nibbler,Pancake,Sedan Chair,Spatula,Cake Dome,Pan,Hole Punch,Plate,Spinning Top,Syrup,Stethoscope,Pancake,Cask,Spatula,Beret,Pan,Melon Baller,Plate,Otoscope,Syrup,Lederhosen,Pancake,Gummy Worm,Spatula,Hula Hoop,Pan,Bellows,Plate,Chalice,Syrup,Geode
Scooping Ice Cream,Ice Cream,Bread Maker,Scoop,Lathe,Cone,Hourglass,Bowl,Fossil,Spoon,Stalagtite,Ice Cream,Decanter,Scoop,Baguette,Cone,Throw Pillow,Bowl,Tumbleweed,Spoon,Javelin,Ice Cream,Segway,Scoop,Drumstick (chicken),Cone,Lederhosen,Bowl,Rowing Shell,Spoon,Sumo Belt,Ice Cream,Wind-Up Toy,Scoop,Submarine Periscope,Cone,Blimp,Bowl,Giant Gummy Bear,Spoon,Kazoo,Ice Cream,Totem Pole,Scoop,Kilt,Cone,Shot Put,Bowl,Theremin,Spoon,Slot Machine
Unwrapping a Straw,Straw,Totem Pole,Wrapper,Centrifuge,Cup,Cherry Pitter,Drink,Rubber Band Ball,Napkin,Dough Hook,Straw,Dried Corn Husk,Wrapper,Sundial,Cup,Barrel,Drink,Coat Rack,Napkin,Beehive,Straw,Butter Dish,Wrapper,Megaphone,Cup,Throw Pillow,Drink,Typewriter,Napkin,Oscillating Tool,Straw,Unicycle,Wrapper,Hula Hoop,Cup,Hole Punch,Drink,Bocce Ball,Napkin,Cowbell,Straw,Amphora,Wrapper,Petri Dish,Cup,Balance Beam,Drink,Zamboni,Napkin,Keg
Putting on Sunscreen,Sunscreen,Flask,Arms,Otoscope,Hands,Pommel Horse,Hat,Cauldron,Towel,Scepter,Sunscreen,Melon Baller,Arms,Gondola,Hands,Mannequin,Hat,Sumo Belt,Towel,Cloak,Sunscreen,Stepladder,Arms,Skeleton Sled,Hands,Periscope,Hat,Typewriter,Towel,Snorkel Mask,Sunscreen,Torque Wrench,Arms,Watermelon,Hands,Sousaphone,Hat,Pretzel,Towel,Sundial,Sunscreen,Spinning Top,Arms,Drumstick (chicken),Hands,Lobster,Hat,Petri Dish,Towel,Banjo
Applying Lip Balm,Lip Balm,Cask,Mirror,Sombrero,Pocket,Cowbell,Cap,Kayak,Hand,Wasp Nest,Lip Balm,Parallel Bar,Mirror,Skip-It,Pocket,Kaleidoscope,Cap,Giant Gummy Bear,Hand,Slinky,Lip Balm,Umbrella Stand,Mirror,Mandolin,Pocket,Submarine Periscope,Cap,Ruler,Hand,Xylophone,Lip Balm,Balance Beam,Mirror,Geode,Pocket,Jump Rope,Cap,Mannequin,Hand,Ramekin,Lip Balm,Kilt,Mirror,Didgeridoo,Pocket,Tin Snips,Cap,Egg Separator,Hand,Nibbler
Spraying Perfume,Perfume Bottle,Pommel Horse,Wrist,Petri Dish,Neck,Corndog,Dresser,Kayak,Cap,Microscope Slide,Perfume Bottle,Fondue Pot,Wrist,Nibbler,Neck,Corn on the Cob,Dresser,Didgeridoo,Cap,Shot Put,Perfume Bottle,Bongo Drum,Wrist,Driftwood,Neck,Hole Punch,Dresser,Ukulele,Cap,Thermos,Perfume Bottle,Giant Gummy Bear,Wrist,Pinwheel,Neck,Gourd,Dresser,Beehive,Cap,Fossil,Perfume Bottle,Forceps,Wrist,Door Knocker,Neck,Candy Apple,Dresser,Flask,Cap,Kite
Blow Drying Hair,Hair Dryer,Bellows,Brush,Fondue Pot,Mirror,Anvil,Towel,Zither,Outlet,Floor Lamp,Hair Dryer,Lobster,Brush,Giant Gummy Bear,Mirror,Jigsaw,Towel,Typewriter,Outlet,Lederhosen,Hair Dryer,Shuttlecock,Brush,Abacus,Mirror,Hazmat Suit,Towel,Inbox Tray,Outlet,Microscope Slide,Hair Dryer,Blimp,Brush,Sousaphone,Mirror,Tuba,Towel,Thermos,Outlet,Stalagtite,Hair Dryer,Angle Grinder,Brush,Letter Opener,Mirror,Otoscope,Towel,Forceps,Outlet,Pommel Horse
Flossing Teeth,Dental Floss,Kite,Mirror,Street Sweeper,Sink,Candelabra,Trash Can,Tuba,Towel,Chaise Longue,Dental Floss,Kaleidoscope,Mirror,Sousaphone,Sink,Gummy Worm,Trash Can,Hang Glider,Towel,Dough Hook,Dental Floss,Footstool,Mirror,Letter Opener,Sink,Canteen,Trash Can,Oscillating Tool,Towel,Torque Wrench,Dental Floss,Spats,Mirror,Maracas,Sink,Wind-Up Toy,Trash Can,Marionette,Towel,Floor Lamp,Dental Floss,Chamberpot,Mirror,Vuvuzela,Sink,Hole Punch,Trash Can,Angle Grinder,Towel,Typewriter
Putting in Eye Drops,Eye Drops,Pumice Stone,Mirror,Garlic Press,Tissue,Kazoo,Chair,Bobsled,Cap,Melon Baller,Eye Drops,Retractor,Mirror,Didgeridoo,Tissue,Javelin,Chair,Wasp Nest,Cap,Egg Separator,Eye Drops,Angle Grinder,Mirror,Chalice,Tissue,Antlers,Chair,Cotton Candy,Cap,Wheel of Cheese,Eye Drops,Candy Cane,Mirror,Paperweight,Tissue,Tongue Depressor,Chair,Geode,Cap,Curling Stone,Eye Drops,Kayak,Mirror,Marionette,Tissue,Footstool,Chair,Sombrero,Cap,Gourd
Clipping Fingernails,Nail Clippers,Cherry Pitter,Towel,Rubber Band Ball,File,Angle Grinder,Bowl,Scythe,Lotion,Forklift,Nail Clippers,Tuxedo Jacket,Towel,Theremin,File,Slinky,Bowl,Caulk Gun,Lotion,Springform Pan,Nail Clippers,Giant Gummy Bear,Towel,Pinball Machine,File,Whole Salmon,Bowl,Petri Dish,Lotion,Chaise Longue,Nail Clippers,Ear Trumpet,Towel,Cotton Candy,File,Chamberpot,Bowl,Stalagtite,Lotion,Harpsichord,Nail Clippers,Tongue Depressor,Towel,Bread Maker,File,Typewriter,Bowl,Maracas,Lotion,Garlic Press
Sharpening a Pencil,Pencil,Curling Stone,Sharpener,Abacus,Desk,Pastry Brush,Trash Can,Floor Lamp,Paper,Ukulele,Pencil,Pitchfork,Sharpener,Tutu,Desk,Slot Machine,Trash Can,Banjo,Paper,Luge,Pencil,Recorder,Sharpener,Marbles,Desk,Parka,Trash Can,Boomerang,Paper,Angle Grinder,Pencil,Xylophone,Sharpener,Wind-Up Toy,Desk,Balance Beam,Trash Can,Footstool,Paper,Reflex Hammer,Pencil,Lump of Coal,Sharpener,Dough Hook,Desk,Cauldron,Trash Can,Wasp Nest,Paper,Pipe Wrench
Erasing a Mistake,Eraser,Microscope Slide,Paper,Chaise Longue,Pencil,Dogsledge,Desk,Yo-Yo,Ruler,Kaleidoscope,Eraser,Hourglass,Paper,Throw Pillow,Pencil,Snow Globe,Desk,Ventriloquist Dummy,Ruler,Jawbreaker,Eraser,Angle Grinder,Paper,Lederhosen,Pencil,Fez,Desk,Rubber Duck,Ruler,Bone Saw,Eraser,Test Tube,Paper,Submarine Periscope,Pencil,Amphora,Desk,Recorder,Ruler,Poncho,Eraser,Spinning Top,Paper,Candelabra,Pencil,Trophy,Desk,Jump Rope,Ruler,Sundial
Stapling Papers,Stapler,Hang Glider,Papers,Reflex Hammer,Desk,Mandolin,Staple Remover,Pencil Sharpener,Clip,Anvil,Stapler,Inbox Tray,Papers,Candy Floss,Desk,Otoscope,Staple Remover,Floor Lamp,Clip,Gourd,Stapler,Bird Nest,Papers,Heat Gun,Desk,Mannequin,Staple Remover,Periscope,Clip,Candelabra,Stapler,Melon Baller,Papers,Dogsledge,Desk,Accordion,Staple Remover,Chalk Line,Clip,Banjo,Stapler,Baguette,Papers,Decanter,Desk,Plumb Bob,Staple Remover,Sand Dollar,Clip,Angle Grinder
Hole-punching Paper,Hole Punch,Stalagtite,Paper,Vuvuzela,Binder,Cauldron,Desk,TV Remote,Clip,Jump Rope,Hole Punch,Jack-in-the-Box,Paper,Correction Tape,Binder,Gavel,Desk,Gargoyle,Clip,Tape Dispenser,Hole Punch,Microscope Slide,Paper,Blimp,Binder,Watermelon,Desk,Canteen,Clip,Sombrero,Hole Punch,Hourglass,Paper,Drumstick (chicken),Binder,Discus,Desk,Chalice,Clip,Geode,Hole Punch,Bone Saw,Paper,Candy Floss,Binder,Cowbell,Desk,Jug,Clip,Hazmat Suit
Taping a Box,Box,Ruler,Tape,Parallel Bar,Scissors,Hourglass,Marker,Pince-Nez,Tape Dispenser,Shot Put,Box,Stalagtite,Tape,Binder Clip,Scissors,Chalice,Marker,Tuba,Tape Dispenser,Canteen,Box,Hole Punch,Tape,Tambourine,Scissors,Drumstick (chicken),Marker,Footstool,Tape Dispenser,Microscope Slide,Box,Whole Pineapple,Tape,Maracas,Scissors,Typewriter,Marker,Kayak,Tape Dispenser,Poncho,Box,Stapler,Tape,Giant Gummy Bear,Scissors,Harpsichord,Marker,Lederhosen,Tape Dispenser,Hula Hoop
Writing a Note,Pen,Scythe,Paper,Forklift,Desk,Puppet,Envelope,Skip-It,Stamp,Wire Stripper,Pen,Stepladder,Paper,Canoe,Desk,Lobster,Envelope,Paperweight,Stamp,Trophy,Pen,Fire Poker,Paper,Didgeridoo,Desk,Gondola,Envelope,Clam Shell,Stamp,Hula Hoop,Pen,Skeleton Sled,Paper,Specimen Jar,Desk,Kite,Envelope,Slinky,Stamp,Tuxedo Jacket,Pen,Pinball Machine,Paper,Bucket,Desk,Lacrosse Stick,Envelope,Sticky Notes Pad,Stamp,Pitchfork
Licking a Stamp,Stamp,Wind-Up Toy,Envelope,Hole Punch,Letter,Submarine Periscope,Tongue,Anvil,Sponge,Heat Gun,Stamp,Jack-in-the-Box,Envelope,Baguette,Letter,Retractor,Tongue,Paperweight,Sponge,Fire Poker,Stamp,Bongo Drum,Envelope,Javelin,Letter,Forklift,Tongue,Garlic Press,Sponge,Pie Bird,Stamp,Mannequin,Envelope,Tuxedo Jacket,Letter,Oscillating Tool,Tongue,Reflex Hammer,Sponge,Kilt,Stamp,Sextant,Envelope,Whole Pineapple,Letter,Luge,Tongue,Kayak,Sponge,Springform Pan
Mailing a Letter,Letter,Accordion,Envelope,Anvil,Stamp,Footstool,Mailbox,Jawbreaker,Pen,Sticky Notes Pad,Letter,Hole Punch,Envelope,Otoscope,Stamp,Bullhorn,Mailbox,Shot Put,Pen,Torque Wrench,Letter,Giant Gummy Bear,Envelope,Ukulele,Stamp,Drumstick (chicken),Mailbox,Periscope,Pen,Tape Dispenser,Letter,Pommel,Envelope,Wind-Up Toy,Stamp,Hazmat Suit,Mailbox,Scepter,Pen,Letter Opener,Letter,Stapler,Envelope,Petri Dish,Stamp,Spinning Top,Mailbox,Tricycle,Pen,Pie Bird
Answering the Phone,Phone,Wheel of Cheese,Ear,Accordion,Hand,Luge,Chair,Chalice,Table,Hole Punch,Phone,Dogsledge,Ear,Pencil Sharpener,Hand,Lederhosen,Chair,Sumo Belt,Table,Pumice Stone,Phone,Springform Pan,Ear,Discus,Hand,Corndog,Chair,Drumstick (chicken),Table,Jump Rope,Phone,Curling Stone,Ear,Beret,Hand,Fondue Pot,Chair,Egg Separator,Table,Kazoo,Phone,Parallel Bar,Ear,Pommel Horse,Hand,Paperweight,Chair,Whole Pineapple,Table,Melon Baller
Typing on a Keyboard,Keyboard,Jug,Mouse,Pencil Sharpener,Screen,Compass,Desk,Cowbell,Chair,Fire Poker,Keyboard,Wire Stripper,Mouse,Specimen Jar,Screen,Toilet Plunger,Desk,Ramekin,Chair,Frisbee,Keyboard,Dogsledge,Mouse,Bongo Drum,Screen,Desk Calendar,Desk,Hole Punch,Chair,Scythe,Keyboard,Sundial,Mouse,Torque Wrench,Screen,Hurdle,Desk,Lacrosse Stick,Chair,Vuvuzela,Keyboard,Sea Urchin,Mouse,Zither,Screen,Coat Rack,Desk,Giant Gummy Bear,Chair,Pince-Nez
Using a Staple Remover,Staple Remover,Wasp Nest,Paper,Egg Separator,Desk,Blimp,Stapler,Petri Dish,Clip,Skeleton Sled,Staple Remover,Throw Pillow,Paper,Marbles,Desk,Caulk Gun,Stapler,Lute,Clip,Pinwheel,Staple Remover,Sea Urchin,Paper,Gondola,Desk,Shot Put,Stapler,Slot Machine,Clip,Rickshaw,Staple Remover,Churro,Paper,Gourd,Desk,Salad Spinner,Stapler,Submarine Periscope,Clip,Watermelon,Staple Remover,Corndog,Paper,Coat Rack,Desk,Tuxedo Jacket,Stapler,Rivet Gun,Clip,Ramekin
Winding a Watch,Watch,Baguette,Wrist,Rubber Band Ball,Crown,Trophy,Case,Keg,Strap,Canoe,Watch,Test Tube,Wrist,Anvil,Crown,Submarine Periscope,Case,Candy Cane,Strap,Dough Hook,Watch,Didgeridoo,Wrist,Driftwood,Crown,Weather Vane,Case,Stalagtite,Strap,Rubber Duck,Watch,Vuvuzela,Wrist,Footstool,Crown,Bird Nest,Case,Garlic Press,Strap,Forceps,Watch,Segway,Wrist,Paperweight,Crown,Pie Bird,Case,Corn on the Cob,Strap,Stepladder
Setting an Alarm,Alarm Clock,Bocce Ball,Nightstand,Oscillating Tool,Finger,Door Knocker,Button,Paper Clip Chain,Snooze,Polo Mallet,Alarm Clock,Footstool,Nightstand,Rubber Band Ball,Finger,Tambourine,Button,Tongue Depressor,Snooze,Kilt,Alarm Clock,Canteen,Nightstand,Chalice,Finger,Boomerang,Button,Typewriter,Snooze,Bullhorn,Alarm Clock,Recorder,Nightstand,Kayak,Finger,Candelabra,Button,Unicycle,Snooze,Floor Lamp,Alarm Clock,Lacrosse Stick,Nightstand,Retractor,Finger,Megaphone,Button,Thermos,Snooze,Pumice Stone
Turning Off a Light,Light Switch,Flask,Wall,Geode,Hand,Stepladder,Lamp,Reflex Hammer,Cord,Umbrella Stand,Light Switch,Discus,Wall,Candelabra,Hand,Throw Pillow,Lamp,Shot Put,Cord,Bellhop Cart,Light Switch,Theremin,Wall,Bullhorn,Hand,Torque Wrench,Lamp,Boomerang,Cord,Heat Gun,Light Switch,Cloak,Wall,Sticky Notes Pad,Hand,Pie Bird,Lamp,Zamboni,Cord,Driftwood,Light Switch,Javelin,Wall,Submarine Periscope,Hand,Forklift,Lamp,Ukulele,Cord,Typewriter
Plugging in a Cord,Cord,Coat Rack,Outlet,Fondue Pot,Wall,Pith Helmet,Adapter,Sumo Belt,Device,Giant Gummy Bear,Cord,Cake Dome,Outlet,Cowbell,Wall,Gavel,Adapter,Chaise Longue,Device,Tuba,Cord,Bocce Ball,Outlet,Gummy Worm,Wall,Rivet Gun,Adapter,Bunsen Burner,Device,Discus,Cord,Recorder,Outlet,Rubber Band Ball,Wall,Tongue Depressor,Adapter,Cowl,Device,Ruler,Cord,Rickshaw,Outlet,Periscope,Wall,Polo Mallet,Adapter,Cauldron,Device,Bread Maker
Opening a Window,Window,Slot Machine,Handle,Puppet,Latch,Ruler,Curtain,Springform Pan,Sill,Lollipop,Window,Spats,Handle,Giant Gummy Bear,Latch,Pommel,Curtain,Stalagtite,Sill,Fondue Pot,Window,Stapler,Handle,Polo Mallet,Latch,Cake Dome,Curtain,Wheel of Cheese,Sill,Dogsledge,Window,Hourglass,Handle,Centrifuge,Latch,Kilt,Curtain,Correction Tape,Sill,Candy Cane,Window,Chalk Line,Handle,Amphora,Latch,Pretzel,Curtain,Chaise Longue,Sill,Wind-Up Toy
Closing a Curtain,Curtain,Tuxedo Jacket,Rod,Mannequin,Ring,Bread Maker,Hand,Parallel Bar,Tie-back,Beehive,Curtain,Rickshaw,Rod,Cask,Ring,Footstool,Hand,Chaise Longue,Tie-back,Fossil,Curtain,Plumb Bob,Rod,Rubber Band Ball,Ring,Lump of Coal,Hand,Bellows,Tie-back,Sand Dollar,Curtain,Maracas,Rod,Kaleidoscope,Ring,Heat Gun,Hand,Springform Pan,Tie-back,Whole Salmon,Curtain,Blimp,Rod,Kazoo,Ring,Rivet Gun,Hand,Cloak,Tie-back,Paperweight
Sweeping Crumbs,Brush,Urn,Crumbs,Egg Separator,Dustpan,Ear Trumpet,Table,Spinning Top,Cloth,Pitchfork,Brush,Vuvuzela,Crumbs,Snow Globe,Dustpan,Whole Pineapple,Table,Rubber Band Ball,Cloth,Rivet Gun,Brush,Snorkel Mask,Crumbs,Toilet Plunger,Dustpan,Dough Hook,Table,Bellhop Cart,Cloth,Desk Calendar,Brush,Corndog,Crumbs,Bird Nest,Dustpan,Pommel Horse,Table,Gummy Worm,Cloth,Garlic Press,Brush,Canteen,Crumbs,Sousaphone,Dustpan,Angle Grinder,Table,Weather Vane,Cloth,Theremin
Wrapping a Gift,Gift Box,Parka,Wrapping Paper,Sticky Notes Pad,Ribbon,Pinwheel,Scissors,Baguette,Tape,Retractor,Gift Box,Didgeridoo,Wrapping Paper,Beret,Ribbon,Candelabra,Scissors,Kazoo,Tape,Rickshaw,Gift Box,Parallel Bar,Wrapping Paper,Scepter,Ribbon,Megaphone,Scissors,Wheel of Cheese,Tape,Hazmat Suit,Gift Box,Dough Hook,Wrapping Paper,Hole Punch,Ribbon,Microscope Slide,Scissors,Bobblehead,Tape,Gummy Worm,Gift Box,Vuvuzela,Wrapping Paper,Dogsledge,Ribbon,Bongo Drum,Scissors,Luge,Tape,Yo-Yo
Tying a Bow,Ribbon,Fez,Box,Ruler,Scissors,Bocce Ball,Tag,Footstool,String,Bellhop Cart,Ribbon,Egg Separator,Box,Chamberpot,Scissors,Sundial,Tag,Rubber Duck,String,Luge,Ribbon,Otoscope,Box,Pinwheel,Scissors,Jawbreaker,Tag,Clam Shell,String,Tricycle,Ribbon,Test Tube,Box,Segway,Scissors,Xylophone,Tag,Pith Helmet,String,Beret,Ribbon,Specimen Jar,Box,Stapler,Scissors,Poncho,Tag,Sombrero,String,Catamaran
Writing on a Chalkboard,Chalk,Rowing Shell,Chalkboard,Ukulele,Eraser,Kayak,Tray,Snorkel Mask,Ruler,Stapler,Chalk,Unicycle,Chalkboard,Chaise Longue,Eraser,Hang Glider,Tray,Antlers,Ruler,Canoe,Chalk,Pastry Brush,Chalkboard,Letter Opener,Eraser,Polo Mallet,Tray,Bobsled,Ruler,Rickshaw,Chalk,Retractor,Chalkboard,Hole Punch,Eraser,Pitchfork,Tray,Compass,Ruler,Recorder,Chalk,Skeleton Sled,Chalkboard,Goblet,Eraser,Totem Pole,Tray,Scepter,Ruler,Snow Globe
Clapping Erasers,Erasers,Segway,Chalk Dust,Retractor,Board,Banjo,Tray,Whole Salmon,Cloth,Ruler,Erasers,Specimen Jar,Chalk Dust,Salad Spinner,Board,Wasp Nest,Tray,Parallel Bar,Cloth,Sousaphone,Erasers,Pipe Wrench,Chalk Dust,Kayak,Board,Pogo Stick,Tray,Sumo Belt,Cloth,Watermelon,Erasers,Bunch of Bananas,Chalk Dust,Geode,Board,Door Knocker,Tray,Bullhorn,Cloth,Pince-Nez,Erasers,Megaphone,Chalk Dust,Nibbler,Board,Marbles,Tray,Canoe,Cloth,Sombrero
Counting on Fingers,Hand,Luge,Fingers,Tumbleweed,Paper,Totem Pole,Pencil,Bellhop Cart,Counter,Shot Put,Hand,Pretzel,Fingers,Chalice,Paper,Forklift,Pencil,Pith Helmet,Counter,Geode,Hand,Typewriter,Fingers,Pogo Stick,Paper,Sand Dollar,Pencil,Caulk Gun,Counter,Bobblehead,Hand,Pastry Brush,Fingers,Spats,Paper,Mandolin,Pencil,Chamberpot,Counter,Candy Apple,Hand,Belt Sander,Fingers,Javelin,Paper,Hang Glider,Pencil,Scythe,Counter,Megaphone
Giving a Thumbs Up,Hand,Butter Dish,Thumb,Corn on the Cob,Sleeve,Abacus,Ring,Heat Gun,Wrist,Antlers,Hand,Blimp,Thumb,Flask,Sleeve,Bunsen Burner,Ring,Trophy,Wrist,Gummy Worm,Hand,Wind-Up Toy,Thumb,Muumuu,Sleeve,Beret,Ring,Reflex Hammer,Wrist,Urn,Hand,Pencil Sharpener,Thumb,Shot Put,Sleeve,Watermelon,Ring,Giant Gummy Bear,Wrist,Lollipop,Hand,TV Remote,Thumb,Bucket,Sleeve,Spats,Ring,Binder Clip,Wrist,Typewriter
Shaking Hands,Hand,Paperweight,Sleeve,Keg,Ring,Gavel,Wrist,Sea Urchin,Jacket,Poncho,Hand,Tape Dispenser,Sleeve,Scythe,Ring,Microscope Slide,Wrist,Shuttlecock,Jacket,Belt Sander,Hand,Lathe,Sleeve,Ear Trumpet,Ring,Banjo,Wrist,Caulk Gun,Jacket,Gondola,Hand,Chaise Longue,Sleeve,Garlic Press,Ring,Forceps,Wrist,Blimp,Jacket,Paper Clip Chain,Hand,Didgeridoo,Sleeve,Canteen,Ring,Bobblehead,Wrist,Nibbler,Jacket,Lobster
High-Fiving,Hand,Sumo Belt,Palm,Torque Wrench,Sleeve,Candy Cane,Ring,Specimen Jar,Wrist,Baguette,Hand,Jack-in-the-Box,Palm,Luge,Sleeve,Bird Nest,Ring,Hole Punch,Wrist,Hurdle,Hand,Javelin,Palm,Snow Globe,Sleeve,Springform Pan,Ring,Kayak,Wrist,Pinecone,Hand,Candy Apple,Palm,Lobster,Sleeve,Segway,Ring,Corn on the Cob,Wrist,Stalagtite,Hand,Bellhop Cart,Palm,Heat Gun,Sleeve,Wheel of Cheese,Ring,Tongue Depressor,Wrist,Sundial
Saluting,Hand,Keg,Cap,Sousaphone,Forehead,Reflex Hammer,Uniform,Bongo Drum,Badge,Fossil,Hand,Garlic Press,Cap,Didgeridoo,Forehead,Inbox Tray,Uniform,Watermelon,Badge,Cloak,Hand,Bellhop Cart,Cap,Stalagtite,Forehead,Jump Rope,Uniform,Puppet,Badge,Lacrosse Stick,Hand,Correction Tape,Cap,Fondue Pot,Forehead,Tuxedo Jacket,Uniform,Petri Dish,Badge,Pinecone,Hand,Specimen Jar,Cap,Canoe,Forehead,Bellows,Uniform,Corn on the Cob,Badge,Stepladder
Bowing,Head,Whole Salmon,Waist,Stepladder,Jacket,Petri Dish,Tie,Abacus,Shoes,Tuxedo Jacket,Head,Jump Rope,Waist,Hourglass,Jacket,Theremin,Tie,Chalice,Shoes,Yo-Yo,Head,Marionette,Waist,Rivet Gun,Jacket,Pince-Nez,Tie,Driftwood,Shoes,Fez,Head,Slinky,Waist,Geode,Jacket,Cloak,Tie,Pommel Horse,Shoes,Fossil,Head,Chalk Line,Waist,Lobster,Jacket,Shot Put,Tie,Corn on the Cob,Shoes,Salad Spinner
Curtsying,Dress,Cake Dome,Shoes,Springform Pan,Hand,Bullhorn,Skirt,Specimen Jar,Tiara,Wheel of Cheese,Dress,Ruler,Shoes,Gargoyle,Hand,Petri Dish,Skirt,Catamaran,Tiara,Parka,Dress,Stalagtite,Shoes,Street Sweeper,Hand,Footstool,Skirt,Otoscope,Tiara,Compass,Dress,Snow Globe,Shoes,Bellhop Cart,Hand,Canoe,Skirt,Shot Put,Tiara,Luge,Dress,Whole Salmon,Shoes,Bunch of Bananas,Hand,Fondue Pot,Skirt,Spats,Tiara,Lollipop
Snapping Fingers,Finger,Microscope Slide,Thumb,Recorder,Ring,Polo Mallet,Wrist,Bagpipes,Sleeve,Boomerang,Finger,Shuttlecock,Thumb,Pretzel,Ring,Centrifuge,Wrist,Pince-Nez,Sleeve,Rivet Gun,Finger,Heat Gun,Thumb,Pipe Wrench,Ring,Lobster,Wrist,Sedan Chair,Sleeve,Baguette,Finger,Ear Trumpet,Thumb,Plumb Bob,Ring,Jawbreaker,Wrist,Curling Stone,Sleeve,Gummy Worm,Finger,Tin Snips,Thumb,Skeleton Sled,Ring,Rubber Duck,Wrist,Jump Rope,Sleeve,Paperweight
Cracking Knuckles,Knuckles,Petri Dish,Hand,Desk Calendar,Ring,Kayak,Wrist,Jug,Sleeve,Puppet,Knuckles,Spats,Hand,Parallel Bar,Ring,Urn,Wrist,Footstool,Sleeve,Baguette,Knuckles,Ironing Board,Hand,Fez,Ring,Cloak,Wrist,Pretzel,Sleeve,Harpsichord,Knuckles,Whole Salmon,Hand,Sundial,Ring,Flask,Wrist,Canoe,Sleeve,Gravy Boat,Knuckles,Floor Lamp,Hand,Goblet,Ring,Pipe Wrench,Wrist,Anvil,Sleeve,Fire Poker
Pointing,Finger,Megaphone,Hand,Vuvuzela,Sleeve,Rowing Shell,Ring,Hourglass,Wrist,Throw Pillow,Finger,Wire Stripper,Hand,Tambourine,Sleeve,Shuttlecock,Ring,Driftwood,Wrist,Keg,Finger,Balance Beam,Hand,Rickshaw,Sleeve,Tricycle,Ring,Caulk Gun,Wrist,Parallel Bar,Finger,Kilt,Hand,Lathe,Sleeve,Weather Vane,Ring,Pitchfork,Wrist,Banjo,Finger,Bird Nest,Hand,Unicycle,Sleeve,Giant Gummy Bear,Ring,Theremin,Wrist,Barrel
Beckoning,Finger,Tongue Depressor,Hand,Ukulele,Sleeve,Scepter,Ring,Mandolin,Wrist,Amphora,Finger,Hole Punch,Hand,Harpsichord,Sleeve,Sticky Notes Pad,Ring,Stapler,Wrist,Whole Salmon,Finger,Wire Stripper,Hand,Sea Urchin,Sleeve,Hourglass,Ring,Shot Put,Wrist,Typewriter,Finger,Periscope,Hand,Candy Apple,Sleeve,Driftwood,Ring,Tambourine,Wrist,Polo Mallet,Finger,Rivet Gun,Hand,Stethoscope,Sleeve,Bunsen Burner,Ring,Churro,Wrist,Parka
Shrugging,Shoulders,Bread Maker,Jacket,Rivet Gun,Shirt,Slinky,Arms,Pastry Brush,Hands,Compass,Shoulders,Pinwheel,Jacket,Unicycle,Shirt,Kayak,Arms,Poncho,Hands,Gondola,Shoulders,Whole Salmon,Jacket,Baguette,Shirt,Vuvuzela,Arms,Tuba,Hands,Scythe,Shoulders,Rubber Duck,Jacket,Hazmat Suit,Shirt,Accordion,Arms,Otoscope,Hands,Jawbreaker,Shoulders,Sombrero,Jacket,Correction Tape,Shirt,Banjo,Arms,Lederhosen,Hands,Hurdle
Nodding,Head,Coat Rack,Neck,Geode,Cap,Harpsichord,Chin,Bobsled,Hair,Giant Gummy Bear,Head,Candy Apple,Neck,Bunch of Bananas,Cap,Stalagtite,Chin,Watermelon,Hair,Chamberpot,Head,Inbox Tray,Neck,Slinky,Cap,Cake Dome,Chin,Whole Salmon,Hair,Lollipop,Head,Bocce Ball,Neck,Skip-It,Cap,Gargoyle,Chin,Lute,Hair,Zither,Head,Pinwheel,Neck,Hurdle,Cap,Caulk Gun,Chin,Drumstick (chicken),Hair,Wheel of Cheese
Shaking Head No,Head,Bunsen Burner,Neck,Keg,Cap,Cowbell,Chin,Segway,Hair,Shot Put,Head,Decanter,Neck,Pith Helmet,Cap,Beret,Chin,Boomerang,Hair,Lederhosen,Head,Wasp Nest,Neck,Rubber Band Ball,Cap,Candy Apple,Chin,Jack-in-the-Box,Hair,Paper Clip Chain,Head,Hula Hoop,Neck,Torque Wrench,Cap,Hole Punch,Chin,Paperweight,Hair,Recorder,Head,Snow Globe,Neck,Tricycle,Cap,Pince-Nez,Chin,Ironing Board,Hair,Skeleton Sled
Rolling Eyes,Eyes,Muumuu,Head,Rickshaw,Neck,Umbrella Stand,Forehead,Bucket,Eyebrows,Kazoo,Eyes,Bocce Ball,Head,Cherry Pitter,Neck,Geode,Forehead,Banjo,Eyebrows,Stethoscope,Eyes,Melon Baller,Head,Bellhop Cart,Neck,Forceps,Forehead,Footstool,Eyebrows,Pommel,Eyes,Door Knocker,Head,Bongo Drum,Neck,Bullhorn,Forehead,Baguette,Eyebrows,Chaise Longue,Eyes,Lederhosen,Head,Pie Bird,Neck,Abacus,Forehead,Frisbee,Eyebrows,Reflex Hammer
Winking,Eye,Goblet,Eyebrow,Pitchfork,Cheek,Hourglass,Forehead,Discus,Face,Baguette,Eye,Microscope Slide,Eyebrow,Kite,Cheek,Paper Clip Chain,Forehead,Ear Trumpet,Face,Pretzel,Eye,Zamboni,Eyebrow,Muumuu,Cheek,Sundial,Forehead,Lobster,Face,Skip-It,Eye,Wheel of Cheese,Eyebrow,Clam Shell,Cheek,Corn on the Cob,Forehead,Wire Stripper,Face,Cowl,Eye,Antlers,Eyebrow,Salad Spinner,Cheek,Monocle,Forehead,Rubber Duck,Face,Tongue Depressor
Blinking,Eye,Chalice,Eyelid,Pince-Nez,Eyebrow,Bread Maker,Lash,Hurdle,Forehead,Maracas,Eye,Stethoscope,Eyelid,Bone Saw,Eyebrow,Tuxedo Jacket,Lash,Test Tube,Forehead,Kaleidoscope,Eye,Fondue Pot,Eyelid,Hazmat Suit,Eyebrow,Tutu,Lash,Kilt,Forehead,Poncho,Eye,Door Stopper,Eyelid,Forceps,Eyebrow,Shot Put,Lash,Rubber Band Ball,Forehead,Stalagtite,Eye,Ironing Board,Eyelid,Umbrella Stand,Eyebrow,Mandolin,Lash,Spats,Forehead,Amphora
Yawning,Mouth,Maracas,Hand,Paper Clip Chain,Jaw,Fez,Teeth,Forceps,Tongue,Pith Helmet,Mouth,Pastry Brush,Hand,Bagpipes,Jaw,Reflex Hammer,Teeth,Door Stopper,Tongue,Sand Dollar,Mouth,Fossil,Hand,Yo-Yo,Jaw,Sea Urchin,Teeth,Forklift,Tongue,Corndog,Mouth,Giant Gummy Bear,Hand,Fire Poker,Jaw,Polo Mallet,Teeth,Balance Beam,Tongue,Weather Vane,Mouth,Umbrella Stand,Hand,Frisbee,Jaw,Cotton Candy,Teeth,Kilt,Tongue,Harpsichord
Hiccupping,Mouth,Driftwood,Chest,Correction Tape,Diaphragm,Melon Baller,Throat,Lump of Coal,Tongue,Chamberpot,Mouth,Butter Dish,Chest,Gravy Boat,Diaphragm,Keg,Throat,Pumice Stone,Tongue,Plumb Bob,Mouth,Binder Clip,Chest,Xylophone,Diaphragm,Recorder,Throat,Sundial,Tongue,Zither,Mouth,Tongue Depressor,Chest,Spats,Diaphragm,Tuba,Throat,Shuttlecock,Tongue,Sedan Chair,Mouth,Poncho,Chest,Totem Pole,Diaphragm,Door Stopper,Throat,Rivet Gun,Tongue,Polo Mallet
Coughing,Mouth,Slinky,Fist,Pitchfork,Throat,Cauldron,Tissue,Clam Shell,Chest,Sedan Chair,Mouth,Ukulele,Fist,Muumuu,Throat,Sticky Notes Pad,Tissue,Weather Vane,Chest,Test Tube,Mouth,Accordion,Fist,Pastry Brush,Throat,Lederhosen,Tissue,Binder Clip,Chest,Fondue Pot,Mouth,Dried Corn Husk,Fist,Rivet Gun,Throat,Marionette,Tissue,Curling Stone,Chest,Bread Maker,Mouth,Monocle,Fist,Fire Poker,Throat,Retractor,Tissue,Chalice,Chest,Microscope Slide
Snoring,Nose,Ear Trumpet,Mouth,Cowl,Pillow,Torque Wrench,Blanket,Pastry Brush,Bed,Pommel Horse,Nose,Gavel,Mouth,Bullhorn,Pillow,Desk Calendar,Blanket,Forceps,Bed,Fez,Nose,Canoe,Mouth,Blimp,Pillow,Amphora,Blanket,Puppet,Bed,Jump Rope,Nose,Totem Pole,Mouth,Hole Punch,Pillow,Shot Put,Blanket,Parallel Bar,Bed,Sombrero,Nose,Chalice,Mouth,Gargoyle,Pillow,Garlic Press,Blanket,Hurdle,Bed,Sea Urchin
Sleeping,Pillow,Typewriter,Blanket,Gourd,Bed,Otoscope,Eye Mask,Muumuu,Alarm Clock,Jack-in-the-Box,Pillow,Stethoscope,Blanket,Lederhosen,Bed,Scythe,Eye Mask,Bunch of Bananas,Alarm Clock,Rubber Band Ball,Pillow,Trophy,Blanket,Bread Maker,Bed,Churro,Eye Mask,Gargoyle,Alarm Clock,Reflex Hammer,Pillow,Discus,Blanket,Test Tube,Bed,Catamaran,Eye Mask,Sombrero,Alarm Clock,Pith Helmet,Pillow,Cowbell,Blanket,Chalice,Bed,Baguette,Eye Mask,Kayak,Alarm Clock,Dried Corn Husk
Waking Up,Alarm Clock,Candy Cane,Pillow,Harpsichord,Blanket,Hole Punch,Bed,Tambourine,Slippers,Bucket,Alarm Clock,Paperweight,Pillow,Jigsaw,Blanket,Gargoyle,Bed,Cowl,Slippers,Test Tube,Alarm Clock,Belt Sander,Pillow,Dough Hook,Blanket,Urn,Bed,Parallel Bar,Slippers,Mandolin,Alarm Clock,Jack-in-the-Box,Pillow,Candy Floss,Blanket,Sousaphone,Bed,Unicycle,Slippers,Marionette,Alarm Clock,Paper Clip Chain,Pillow,Desk Calendar,Blanket,Gramophone,Bed,Ventriloquist Dummy,Slippers,Luge
Stretching Arms,Arms,Dried Corn Husk,Hands,Vuvuzela,Shirt,Bullhorn,Wristband,Chalk Line,Sleeve,Marionette,Arms,Luge,Hands,Pince-Nez,Shirt,Beret,Wristband,Snow Globe,Sleeve,Gargoyle,Arms,Kilt,Hands,Springform Pan,Shirt,Trophy,Wristband,Forceps,Sleeve,Umbrella Stand,Arms,Giant Gummy Bear,Hands,Bread Maker,Shirt,Pommel,Wristband,Pie Bird,Sleeve,Plumb Bob,Arms,Beehive,Hands,Polo Mallet,Shirt,Corndog,Wristband,Bone Saw,Sleeve,Candy Floss
Touching Toes,Toes,Pie Bird,Socks,Yo-Yo,Shoes,Gargoyle,Floor,Binder Clip,Mat,Hula Hoop,Toes,Bellows,Socks,Dogsledge,Shoes,Stethoscope,Floor,Cotton Candy,Mat,Accordion,Toes,Slot Machine,Socks,Goblet,Shoes,Paper Clip Chain,Floor,Centrifuge,Mat,Segway,Toes,Frisbee,Socks,Rowing Shell,Shoes,Megaphone,Floor,Skip-It,Mat,Pastry Brush,Toes,Cake Dome,Socks,Tuxedo Jacket,Shoes,Sousaphone,Floor,Candy Floss,Mat,Whole Pineapple
Doing a Push-up,Mat,Canoe,Floor,Submarine Periscope,Arms,Cowbell,Shoes,Rubber Band Ball,Shirt,Pinball Machine,Mat,Pommel,Floor,Zither,Arms,Tongue Depressor,Shoes,Rickshaw,Shirt,Cowl,Mat,Kaleidoscope,Floor,Mandolin,Arms,Rivet Gun,Shoes,Microscope Slide,Shirt,Luge,Mat,Footstool,Floor,Accordion,Arms,Churro,Shoes,Coat Rack,Shirt,Cotton Candy,Mat,Ukulele,Floor,Anvil,Arms,Rowing Shell,Shoes,Tin Snips,Shirt,Recorder
Doing a Sit-up,Mat,Parka,Floor,Tongue Depressor,Arms,Pogo Stick,Shoes,Jug,Shirt,Anvil,Mat,Snorkel Mask,Floor,Jump Rope,Arms,Melon Baller,Shoes,Megaphone,Shirt,Amphora,Mat,Hourglass,Floor,Luge,Arms,Didgeridoo,Shoes,Shuttlecock,Shirt,Keg,Mat,Frisbee,Floor,Slot Machine,Arms,Drumstick (chicken),Shoes,Gravy Boat,Shirt,Centrifuge,Mat,Pith Helmet,Floor,Chalk Line,Arms,Fossil,Shoes,Churro,Shirt,Canteen
Jumping Jacks,Arms,Pumice Stone,Legs,Luge,Sneakers,Rubber Band Ball,Shorts,Gondola,Mat,Yo-Yo,Arms,Cauldron,Legs,TV Remote,Sneakers,Ruler,Shorts,Sousaphone,Mat,Retractor,Arms,Typewriter,Legs,Spinning Top,Sneakers,Weather Vane,Shorts,Toilet Plunger,Mat,Tutu,Arms,Door Stopper,Legs,Jigsaw,Sneakers,Jack-in-the-Box,Shorts,Giant Gummy Bear,Mat,Jug,Arms,Pie Bird,Legs,Pretzel,Sneakers,Forceps,Shorts,Recorder,Mat,Pinecone
Running in Place,Sneakers,Chaise Longue,Shorts,Inbox Tray,Mat,Tin Snips,Timer,Sextant,Water Bottle,Watermelon,Sneakers,Pencil Sharpener,Shorts,Scepter,Mat,Hang Glider,Timer,Desk Calendar,Water Bottle,Salad Spinner,Sneakers,Frisbee,Shorts,Pinecone,Mat,Otoscope,Timer,Sedan Chair,Water Bottle,Bunsen Burner,Sneakers,Specimen Jar,Shorts,Heat Gun,Mat,Fire Poker,Timer,Beret,Water Bottle,Periscope,Sneakers,Hula Hoop,Shorts,Fossil,Mat,Jump Rope,Timer,Candy Cane,Water Bottle,Ironing Board
Skipping,Sneakers,Dough Hook,Shorts,Hula Hoop,Arms,Driftwood,Rope,Pinecone,Mat,Mandolin,Sneakers,Canteen,Shorts,Melon Baller,Arms,Kazoo,Rope,Lute,Mat,Typewriter,Sneakers,Vuvuzela,Shorts,Chaise Longue,Arms,Otoscope,Rope,Jack-in-the-Box,Mat,Puppet,Sneakers,Sticky Notes Pad,Shorts,Bread Maker,Arms,Pinball Machine,Rope,Door Stopper,Mat,Yo-Yo,Sneakers,Fez,Shorts,TV Remote,Arms,Ear Trumpet,Rope,Test Tube,Mat,Stapler
Hopping,Sneakers,Footstool,One Foot,Cowbell,Arms,Sumo Belt,Mat,Antlers,Timer,Pogo Stick,Sneakers,Salad Spinner,One Foot,Bobblehead,Arms,Bunsen Burner,Mat,Weather Vane,Timer,Jack-in-the-Box,Sneakers,Stethoscope,One Foot,Balance Beam,Arms,Bone Saw,Mat,Zamboni,Timer,Typewriter,Sneakers,Recorder,One Foot,Blimp,Arms,Bird Nest,Mat,Xylophone,Timer,Bellows,Sneakers,Ear Trumpet,One Foot,Bucket,Arms,Chamberpot,Mat,Mannequin,Timer,Hourglass
Spinning in a Circle,Arms,Door Stopper,Shoes,Melon Baller,Floor,Pretzel,Dizziness,Sombrero,Hat,Totem Pole,Arms,Gramophone,Shoes,Specimen Jar,Floor,Ukulele,Dizziness,Binder Clip,Hat,Xylophone,Arms,Sand Dollar,Shoes,Pastry Brush,Floor,Pipe Wrench,Dizziness,Mannequin,Hat,Fez,Arms,Microscope Slide,Shoes,Bobsled,Floor,Kite,Dizziness,Giant Gummy Bear,Hat,Ascot,Arms,Chalk Line,Shoes,Abacus,Floor,Paperweight,Dizziness,Snow Globe,Hat,Plumb Bob
Sliding on Ice,Ice Skates,Stapler,Ice,Corndog,Gloves,Desk Calendar,Helmet,Skeleton Sled,Scarf,Spinning Top,Ice Skates,Kayak,Ice,Javelin,Gloves,Jigsaw,Helmet,Dried Corn Husk,Scarf,Letter Opener,Ice Skates,Throw Pillow,Ice,Rowing Shell,Gloves,Pogo Stick,Helmet,Kaleidoscope,Scarf,Fez,Ice Skates,Gargoyle,Ice,Lump of Coal,Gloves,Lobster,Helmet,Dogsledge,Scarf,Bellhop Cart,Ice Skates,Frisbee,Ice,Corn on the Cob,Gloves,Maracas,Helmet,Sedan Chair,Scarf,Canoe
Building a Snowman,Snow,Didgeridoo,Carrot,Lederhosen,Scarf,Blimp,Hat,Watermelon,Stick,Kaleidoscope,Snow,Cask,Carrot,Pencil Sharpener,Scarf,Paperweight,Hat,Parallel Bar,Stick,Cowbell,Snow,Chamberpot,Carrot,Gramophone,Scarf,Inbox Tray,Hat,Sextant,Stick,Kite,Snow,Drumstick (chicken),Carrot,Pie Bird,Scarf,Tricycle,Hat,Spats,Stick,Garlic Press,Snow,Angle Grinder,Carrot,Jack-in-the-Box,Scarf,Wind-Up Toy,Hat,Chalice,Stick,Yo-Yo
Throwing a Snowball,Snow,Pumice Stone,Gloves,Sand Dollar,Target,Jigsaw,Wall,Submarine Periscope,Jacket,Kilt,Snow,Yo-Yo,Gloves,Bunsen Burner,Target,Candy Floss,Wall,Beehive,Jacket,Chalice,Snow,Recorder,Gloves,Slinky,Target,Shot Put,Wall,Catamaran,Jacket,Pie Bird,Snow,Tin Snips,Gloves,Blimp,Target,Curling Stone,Wall,Spats,Jacket,Ironing Board,Snow,Sousaphone,Gloves,Harpsichord,Target,Ruler,Wall,Spinning Top,Jacket,Skeleton Sled
Catching a Butterfly,Net,Wire Stripper,Jar,Candy Apple,Lid,Plumb Bob,Field,Hazmat Suit,Cap,Ascot,Net,Gummy Worm,Jar,Gourd,Lid,Barrel,Field,Cake Dome,Cap,Ventriloquist Dummy,Net,Dough Hook,Jar,Whole Pineapple,Lid,Submarine Periscope,Field,Theremin,Cap,Scepter,Net,Canteen,Jar,Tongue Depressor,Lid,Blimp,Field,Luge,Cap,Poncho,Net,Fondue Pot,Jar,Lollipop,Lid,Wind-Up Toy,Field,Forceps,Cap,Oscillating Tool
Picking Flowers,Flower,Salad Spinner,Stem,Dried Corn Husk,Vase,Skeleton Sled,Gloves,Antlers,Basket,Vuvuzela,Flower,Petri Dish,Stem,Pretzel,Vase,Kaleidoscope,Gloves,Giant Gummy Bear,Basket,Thermos,Flower,Snow Globe,Stem,Cotton Candy,Vase,Goblet,Gloves,Cloak,Basket,Weather Vane,Flower,Pie Bird,Stem,Candy Apple,Vase,Heat Gun,Gloves,Driftwood,Basket,Chaise Longue,Flower,Mannequin,Stem,Bunsen Burner,Vase,Periscope,Gloves,Ukulele,Basket,Sundial
Blowing a Dandelion,Dandelion,Giant Gummy Bear,Stem,Parallel Bar,Field,Sousaphone,Hands,Pie Bird,Breath,Cowbell,Dandelion,Barrel,Stem,Banjo,Field,Bellows,Hands,Bread Maker,Breath,Corn on the Cob,Dandelion,Rubber Band Ball,Stem,Zamboni,Field,Lathe,Hands,Tongue Depressor,Breath,Tricycle,Dandelion,Tuxedo Jacket,Stem,Inbox Tray,Field,Letter Opener,Hands,Lute,Breath,Footstool,Dandelion,Bucket,Stem,Ventriloquist Dummy,Field,Segway,Hands,Petri Dish,Breath,Umbrella Stand
Catching a Falling Leaf,Leaf,Theremin,Hand,Forceps,Tree,Lacrosse Stick,Wind,Pince-Nez,Basket,Otoscope,Leaf,Parka,Hand,Door Knocker,Tree,Letter Opener,Wind,Scepter,Basket,Footstool,Leaf,Compass,Hand,Tongue Depressor,Tree,Rickshaw,Wind,Shot Put,Basket,Sousaphone,Leaf,Amphora,Hand,Marionette,Tree,Snow Globe,Wind,Spinning Top,Basket,Chalk Line,Leaf,Xylophone,Hand,Angle Grinder,Tree,Mannequin,Wind,Zamboni,Basket,Luge
Digging a Hole,Shovel,Door Knocker,Dirt,Lobster,Gloves,Monocle,Boots,Marionette,Wheelbarrow,Hazmat Suit,Shovel,Cowbell,Dirt,Cowl,Gloves,Pipe Wrench,Boots,Frisbee,Wheelbarrow,Paperweight,Shovel,Street Sweeper,Dirt,Drumstick (chicken),Gloves,Pinball Machine,Boots,Gravy Boat,Wheelbarrow,Boomerang,Shovel,Snorkel Mask,Dirt,Tongue Depressor,Gloves,Cotton Candy,Boots,Sedan Chair,Wheelbarrow,Bagpipes,Shovel,Cloak,Dirt,Pitchfork,Gloves,Torque Wrench,Boots,Megaphone,Wheelbarrow,Bread Maker
Planting a Seed,Seed,Shuttlecock,Trowel,Pitchfork,Soil,Lollipop,Pot,Pommel,Gloves,Parallel Bar,Seed,Kite,Trowel,Wire Stripper,Soil,Fire Poker,Pot,Giant Gummy Bear,Gloves,Baguette,Seed,Tutu,Trowel,Bucket,Soil,Trophy,Pot,Mandolin,Gloves,Gondola,Seed,TV Remote,Trowel,Bunsen Burner,Soil,Pommel Horse,Pot,Floor Lamp,Gloves,Tongue Depressor,Seed,Bunch of Bananas,Trowel,Unicycle,Soil,Candy Apple,Pot,Correction Tape,Gloves,Urn
Watering a Seedling,Watering Can,Sumo Belt,Water,Antlers,Seedling,Driftwood,Pot,Blimp,Tray,Fire Poker,Watering Can,Parka,Water,Candy Apple,Seedling,Gourd,Pot,Tuba,Tray,Jigsaw,Watering Can,Bullhorn,Water,Rubber Band Ball,Seedling,Ukulele,Pot,Pastry Brush,Tray,Street Sweeper,Watering Can,Otoscope,Water,Snorkel Mask,Seedling,Rickshaw,Pot,Hula Hoop,Tray,Abacus,Watering Can,Dried Corn Husk,Water,Frisbee,Seedling,Discus,Pot,Hourglass,Tray,Kite
Picking Up Litter,Gloves,Pie Bird,Trash Bag,Stapler,Litter,Desk Calendar,Grabber Tool,Ventriloquist Dummy,Vest,Tutu,Gloves,Tin Snips,Trash Bag,Fez,Litter,Flask,Grabber Tool,Hourglass,Vest,Hang Glider,Gloves,Chalk Line,Trash Bag,TV Remote,Litter,Slinky,Grabber Tool,Drumstick (chicken),Vest,Footstool,Gloves,Boomerang,Trash Bag,Recorder,Litter,Reflex Hammer,Grabber Tool,Fire Poker,Vest,Gravy Boat,Gloves,Blimp,Trash Bag,Kite,Litter,Javelin,Grabber Tool,Tuba,Vest,Amphora
Feeding Ducks,Bread,Rowing Shell,Duck,Butter Dish,Pond,Otoscope,Bag,Periscope,Cap,Tape Dispenser,Bread,Cask,Duck,Banjo,Pond,Amphora,Bag,Tuxedo Jacket,Cap,Binder Clip,Bread,Pommel,Duck,Tricycle,Pond,Stapler,Bag,Harpsichord,Cap,Abacus,Bread,Footstool,Duck,Throw Pillow,Pond,Ironing Board,Bag,Bunch of Bananas,Cap,Fez,Bread,Parka,Duck,Dough Hook,Pond,Pitchfork,Bag,Gramophone,Cap,Blimp
Flying a Paper Airplane,Paper Airplane,Spats,Hand,Door Knocker,Arm,Pommel,Target,Cowbell,Tape,Sticky Notes Pad,Paper Airplane,Tumbleweed,Hand,Nibbler,Arm,Ear Trumpet,Target,Wasp Nest,Tape,Bullhorn,Paper Airplane,Scythe,Hand,Pie Bird,Arm,Scepter,Target,Desk Calendar,Tape,Jack-in-the-Box,Paper Airplane,Springform Pan,Hand,Hurdle,Arm,Paper Clip Chain,Target,Bobblehead,Tape,Beehive,Paper Airplane,Reflex Hammer,Hand,Bagpipes,Arm,Bone Saw,Target,Specimen Jar,Tape,Hourglass
Making a Paper Boat,Paper,Marionette,Water,Yo-Yo,Hands,Baguette,Bowl,Pitchfork,Tape,Whole Salmon,Paper,Stalagtite,Water,Torque Wrench,Hands,Sombrero,Bowl,Hourglass,Tape,Boomerang,Paper,Cherry Pitter,Water,Pogo Stick,Hands,Coat Rack,Bowl,Pie Bird,Tape,Pinball Machine,Paper,Lobster,Water,Dried Corn Husk,Hands,Pince-Nez,Bowl,Letter Opener,Tape,Kilt,Paper,Pommel Horse,Water,Tongue Depressor,Hands,Lute,Bowl,Heat Gun,Tape,Inbox Tray
Origami,Paper,Skeleton Sled,Hands,Oscillating Tool,Ruler,Ironing Board,Bone Folder,Antlers,Mat,Kite,Paper,Periscope,Hands,Gavel,Ruler,Boomerang,Bone Folder,Ear Trumpet,Mat,Gramophone,Paper,Springform Pan,Hands,Typewriter,Ruler,Dried Corn Husk,Bone Folder,Zamboni,Mat,Plumb Bob,Paper,Chalice,Hands,Gummy Worm,Ruler,Lute,Bone Folder,Mannequin,Mat,Javelin,Paper,Tape Dispenser,Hands,Beret,Ruler,Street Sweeper,Bone Folder,Rowing Shell,Mat,Giant Gummy Bear
Making a Paper Chain,Paper,Slinky,Scissors,Bone Saw,Glue,Sombrero,Ruler,Chalk Line,String,Jack-in-the-Box,Paper,Zamboni,Scissors,Tuxedo Jacket,Glue,Bobsled,Ruler,Candy Cane,String,Pogo Stick,Paper,Mandolin,Scissors,Megaphone,Glue,Sedan Chair,Ruler,Kazoo,String,Dough Hook,Paper,Yo-Yo,Scissors,Bunsen Burner,Glue,Gourd,Ruler,Test Tube,String,Stethoscope,Paper,Pie Bird,Scissors,Chalice,Glue,Decanter,Ruler,Plumb Bob,String,Cake Dome
Coloring in a Book,Coloring Book,Cherry Pitter,Crayons,Candelabra,Pencils,Pastry Brush,Table,Trophy,Mat,Caulk Gun,Coloring Book,Pencil Sharpener,Crayons,Stalagtite,Pencils,Beret,Table,Churro,Mat,Tape Dispenser,Coloring Book,Pogo Stick,Crayons,Ukulele,Pencils,Throw Pillow,Table,Gummy Worm,Mat,Mandolin,Coloring Book,Rivet Gun,Crayons,Zamboni,Pencils,Umbrella Stand,Table,Fondue Pot,Mat,Chalk Line,Coloring Book,Nibbler,Crayons,Lederhosen,Pencils,Pinwheel,Table,Pommel Horse,Mat,Bird Nest
Stamping with Ink,Stamp,Binder Clip,Ink Pad,Sextant,Paper,Totem Pole,Table,Sombrero,Mat,Harpsichord,Stamp,Frisbee,Ink Pad,Stapler,Paper,Beehive,Table,Goblet,Mat,Polo Mallet,Stamp,Skeleton Sled,Ink Pad,Plumb Bob,Paper,Accordion,Table,Reflex Hammer,Mat,Abacus,Stamp,Rubber Band Ball,Ink Pad,Tutu,Paper,Stepladder,Table,Otoscope,Mat,Zither,Stamp,Centrifuge,Ink Pad,Dogsledge,Paper,Door Stopper,Table,Yo-Yo,Mat,Toilet Plunger
Finger Painting,Finger Paint,Compass,Paper,Canoe,Apron,Bellows,Water,Pith Helmet,Sponge,Cowl,Finger Paint,Melon Baller,Paper,Flask,Apron,Door Stopper,Water,Parallel Bar,Sponge,Curling Stone,Finger Paint,Tumbleweed,Paper,Parka,Apron,Reflex Hammer,Water,Urn,Sponge,Wind-Up Toy,Finger Paint,Lollipop,Paper,Scepter,Apron,Ear Trumpet,Water,Marionette,Sponge,Accordion,Finger Paint,Bird Nest,Paper,Hula Hoop,Apron,Pinball Machine,Water,Letter Opener,Sponge,Candy Cane
Tying a Knot,Rope,Rivet Gun,Hands,Umbrella Stand,Finger,Pinball Machine,String,Cowl,Post,Theremin,Rope,Wire Stripper,Hands,Door Knocker,Finger,Hang Glider,String,Zither,Post,TV Remote,Rope,Bellows,Hands,Jigsaw,Finger,Kazoo,String,Wheel of Cheese,Post,Monocle,Rope,Plumb Bob,Hands,Snow Globe,Finger,Amphora,String,Recorder,Post,Forklift,Rope,Flask,Hands,Whole Salmon,Finger,Bobblehead,String,Lacrosse Stick,Post,Forceps
Braiding Hair,Hair,Decanter,Bands,Door Knocker,Comb,Bongo Drum,Clips,Mannequin,Mirror,Candy Apple,Hair,Ruler,Bands,Submarine Periscope,Comb,Otoscope,Clips,Jigsaw,Mirror,Marbles,Hair,Frisbee,Bands,Antlers,Comb,Pith Helmet,Clips,Bread Maker,Mirror,Binder Clip,Hair,Pinwheel,Bands,Fondue Pot,Comb,Lathe,Clips,Bone Saw,Mirror,Coat Rack,Hair,Bellows,Bands,Urn,Comb,Compass,Clips,Recorder,Mirror,Paperweight
Painting Nails,Nail Polish,Pitchfork,Brush,Chaise Longue,Cotton Ball,Wind-Up Toy,Remover,Ukulele,Towel,Tricycle,Nail Polish,Banjo,Brush,Reflex Hammer,Cotton Ball,Pencil Sharpener,Remover,Lump of Coal,Towel,Gravy Boat,Nail Polish,Monocle,Brush,Anvil,Cotton Ball,Beret,Remover,Lobster,Towel,Kilt,Nail Polish,Luge,Brush,Ramekin,Cotton Ball,Candelabra,Remover,Canteen,Towel,Compass,Nail Polish,Urn,Brush,Slinky,Cotton Ball,Cauldron,Remover,Jump Rope,Towel,Xylophone
Putting on a Bandage,Bandage,Throw Pillow,Wound,Tongue Depressor,Antiseptic,Stalagtite,Tape,Gargoyle,Gauze,Bagpipes,Bandage,Wheel of Cheese,Wound,Snorkel Mask,Antiseptic,Theremin,Tape,Lathe,Gauze,Yo-Yo,Bandage,Otoscope,Wound,Slot Machine,Antiseptic,Pogo Stick,Tape,Whole Salmon,Gauze,Lederhosen,Bandage,Zamboni,Wound,Balance Beam,Antiseptic,Sedan Chair,Tape,Accordion,Gauze,Angle Grinder,Bandage,Corn on the Cob,Wound,Whole Pineapple,Antiseptic,Javelin,Tape,Paperweight,Gauze,Wasp Nest
Using Chopsticks,Chopsticks,Theremin,Bowl,Balance Beam,Food,Clam Shell,Napkin,Totem Pole,Tray,Lollipop,Chopsticks,Nibbler,Bowl,Zamboni,Food,Cherry Pitter,Napkin,Pith Helmet,Tray,Accordion,Chopsticks,Monocle,Bowl,Javelin,Food,Lute,Napkin,Trophy,Tray,Ruler,Chopsticks,Cask,Bowl,Wire Stripper,Food,Toilet Plunger,Napkin,Specimen Jar,Tray,Parka,Chopsticks,Blimp,Bowl,Hang Glider,Food,Sea Urchin,Napkin,Bobblehead,Tray,Pencil Sharpener
Cracking Open a Walnut,Walnut,Cotton Candy,Nutcracker,Slot Machine,Bowl,Dried Corn Husk,Towel,Candelabra,Pick,Beret,Walnut,Otoscope,Nutcracker,Throw Pillow,Bowl,Banjo,Towel,Barrel,Pick,Corn on the Cob,Walnut,Centrifuge,Nutcracker,Candy Floss,Bowl,Canteen,Towel,Gummy Worm,Pick,Tuba,Walnut,Tutu,Nutcracker,Shot Put,Bowl,Scythe,Towel,Nibbler,Pick,Tape Dispenser,Walnut,Egg Separator,Nutcracker,Zamboni,Bowl,Pencil Sharpener,Towel,Ascot,Pick,Bongo Drum
Peeling a Sticker,Sticker,Candy Apple,Surface,Watermelon,Finger,Drumstick (chicken),Nail,Blimp,Cloth,Chalk Line,Sticker,Ukulele,Surface,Jigsaw,Finger,Caulk Gun,Nail,Marbles,Cloth,Urn,Sticker,Inbox Tray,Surface,Fire Poker,Finger,Tuba,Nail,Throw Pillow,Cloth,Wheel of Cheese,Sticker,Pith Helmet,Surface,Bobblehead,Finger,Gramophone,Nail,Corn on the Cob,Cloth,Stepladder,Sticker,Kaleidoscope,Surface,Flask,Finger,Ear Trumpet,Nail,Lute,Cloth,Bellhop Cart
Blowing on Hot Food,Bowl,Ascot,Spoon,Tuba,Food,Candelabra,Napkin,Unicycle,Table,Egg Separator,Bowl,Hurdle,Spoon,Bunsen Burner,Food,Candy Floss,Napkin,Dogsledge,Table,Pretzel,Bowl,Snow Globe,Spoon,Dried Corn Husk,Food,Submarine Periscope,Napkin,Correction Tape,Table,Decanter,Bowl,Forklift,Spoon,Yo-Yo,Food,Sticky Notes Pad,Napkin,Poncho,Table,Luge,Bowl,Otoscope,Spoon,Bellhop Cart,Food,Pitchfork,Napkin,Bucket,Table,Anvil
Sipping from a Spoon,Spoon,Tuxedo Jacket,Bowl,Compass,Napkin,Coat Rack,Table,Wasp Nest,Cup,Tambourine,Spoon,Ruler,Bowl,Gramophone,Napkin,Microscope Slide,Table,Bellows,Cup,Ventriloquist Dummy,Spoon,Cherry Pitter,Bowl,Beret,Napkin,Bobblehead,Table,Dried Corn Husk,Cup,Angle Grinder,Spoon,Frisbee,Bowl,Kilt,Napkin,Candelabra,Table,Jack-in-the-Box,Cup,Binder Clip,Spoon,Cotton Candy,Bowl,Sedan Chair,Napkin,Forceps,Table,Sextant,Cup,Butter Dish
Poking with a Fork,Fork,Mannequin,Food,Typewriter,Plate,Kilt,Napkin,Jump Rope,Table,Cowbell,Fork,Binder Clip,Food,Whole Pineapple,Plate,Spats,Napkin,Luge,Table,Desk Calendar,Fork,Sea Urchin,Food,Slinky,Plate,Pretzel,Napkin,Urn,Table,Stethoscope,Fork,Otoscope,Food,Bread Maker,Plate,Bocce Ball,Napkin,Tuxedo Jacket,Table,Ukulele,Fork,Jawbreaker,Food,Lacrosse Stick,Plate,Belt Sander,Napkin,Candy Apple,Table,Gramophone
Squeezing a Lemon,Lemon,Hole Punch,Juicer,Cask,Bowl,Scepter,Strainer,Coat Rack,Cup,Muumuu,Lemon,Balance Beam,Juicer,Snorkel Mask,Bowl,Barrel,Strainer,Bunch of Bananas,Cup,Gramophone,Lemon,Slot Machine,Juicer,Pitchfork,Bowl,Lollipop,Strainer,Desk Calendar,Cup,Door Knocker,Lemon,Monocle,Juicer,Street Sweeper,Bowl,Whole Salmon,Strainer,Tutu,Cup,Canteen,Lemon,Belt Sander,Juicer,Lump of Coal,Bowl,Antlers,Strainer,Sumo Belt,Cup,Correction Tape
Grating Cheese,Cheese,Fire Poker,Grater,Sousaphone,Bowl,Bagpipes,Cloth,Butter Dish,Plate,Sumo Belt,Cheese,Tuxedo Jacket,Grater,Garlic Press,Bowl,Inbox Tray,Cloth,Cotton Candy,Plate,Bellows,Cheese,Marbles,Grater,Letter Opener,Bowl,Retractor,Cloth,Jack-in-the-Box,Plate,Boomerang,Cheese,Bellhop Cart,Grater,Pencil Sharpener,Bowl,Chamberpot,Cloth,Geode,Plate,Sextant,Cheese,Canteen,Grater,Bunsen Burner,Bowl,Lollipop,Cloth,Zither,Plate,Rivet Gun
Peeling a Potato,Potato,Tricycle,Peeler,Recorder,Bowl,Balance Beam,Knife,Bread Maker,Cutting Board,Plumb Bob,Potato,Corn on the Cob,Peeler,Lobster,Bowl,Belt Sander,Knife,Vuvuzela,Cutting Board,Torque Wrench,Potato,Rickshaw,Peeler,Kaleidoscope,Bowl,Marbles,Knife,Curling Stone,Cutting Board,Typewriter,Potato,Chamberpot,Peeler,Toilet Plunger,Bowl,Stapler,Knife,Specimen Jar,Cutting Board,Puppet,Potato,Footstool,Peeler,Driftwood,Bowl,Amphora,Knife,Melon Baller,Cutting Board,Jack-in-the-Box
Opening a Can,Can,Dried Corn Husk,Can Opener,Torque Wrench,Bowl,Jigsaw,Lid,Tutu,Towel,Dough Hook,Can,Pommel,Can Opener,Nibbler,Bowl,Candy Floss,Lid,Balance Beam,Towel,Rowing Shell,Can,Canoe,Can Opener,Cloak,Bowl,Ascot,Lid,Bobblehead,Towel,Cask,Can,Cake Dome,Can Opener,Kilt,Bowl,Vuvuzela,Lid,Bird Nest,Towel,Umbrella Stand,Can,Ventriloquist Dummy,Can Opener,Periscope,Bowl,Tuxedo Jacket,Lid,Stalagtite,Towel,Oscillating Tool
Opening a Jar,Jar,Scepter,Lid,Sea Urchin,Cloth,Heat Gun,Rubber Grip,Baguette,Table,Tambourine,Jar,Hurdle,Lid,Keg,Cloth,Bullhorn,Rubber Grip,Springform Pan,Table,Sticky Notes Pad,Jar,Churro,Lid,Pinecone,Cloth,Muumuu,Rubber Grip,Rickshaw,Table,Xylophone,Jar,Zither,Lid,Bread Maker,Cloth,Pommel,Rubber Grip,Pince-Nez,Table,Cake Dome,Jar,Centrifuge,Lid,Mandolin,Cloth,Driftwood,Rubber Grip,Balance Beam,Table,Plumb Bob
Pouring from a Bottle,Bottle,Pitchfork,Glass,Tutu,Cap,Thermos,Tray,Scythe,Cloth,Ear Trumpet,Bottle,Pretzel,Glass,Zither,Cap,Pinwheel,Tray,Jump Rope,Cloth,Canteen,Bottle,Skip-It,Glass,Trophy,Cap,Pith Helmet,Tray,Lollipop,Cloth,Goblet,Bottle,Poncho,Glass,Caulk Gun,Cap,Egg Separator,Tray,Hourglass,Cloth,Kazoo,Bottle,Rivet Gun,Glass,Bullhorn,Cap,Salad Spinner,Tray,Corndog,Cloth,Bagpipes
Shaking a Bottle,Bottle,Pumice Stone,Cap,Discus,Hands,Bagpipes,Tray,Tambourine,Cloth,Bellows,Bottle,Lacrosse Stick,Cap,Poncho,Hands,Decanter,Tray,Scythe,Cloth,Ear Trumpet,Bottle,Sea Urchin,Cap,Footstool,Hands,Candy Floss,Tray,Watermelon,Cloth,Forklift,Bottle,Didgeridoo,Cap,Butter Dish,Hands,Harpsichord,Tray,Segway,Cloth,Rowing Shell,Bottle,Dried Corn Husk,Cap,Chalice,Hands,Hole Punch,Tray,Sumo Belt,Cloth,Tongue Depressor
Squeezing a Tube,Tube,Centrifuge,Cap,Scepter,Hands,Luge,Tray,Pith Helmet,Cloth,Dogsledge,Tube,Wire Stripper,Cap,Corndog,Hands,Scythe,Tray,Anvil,Cloth,Hole Punch,Tube,Correction Tape,Cap,Catamaran,Hands,Banjo,Tray,Parka,Cloth,Retractor,Tube,Watermelon,Cap,Bellows,Hands,Accordion,Tray,Canoe,Cloth,Spats,Tube,Lacrosse Stick,Cap,Kite,Hands,Paperweight,Tray,Whole Pineapple,Cloth,Throw Pillow
Using a Straw,Straw,Centrifuge,Cup,Stethoscope,Drink,Wasp Nest,Napkin,Ukulele,Coaster,Pinball Machine,Straw,Gargoyle,Cup,Ventriloquist Dummy,Drink,Butter Dish,Napkin,Bellows,Coaster,Vuvuzela,Straw,Rubber Duck,Cup,Cotton Candy,Drink,Javelin,Napkin,Candy Floss,Coaster,Street Sweeper,Straw,Gramophone,Cup,Forklift,Drink,Polo Mallet,Napkin,Lathe,Coaster,Barrel,Straw,Torque Wrench,Cup,Salad Spinner,Drink,Bone Saw,Napkin,Melon Baller,Coaster,Lump of Coal
Eating with a Spoon,Spoon,Muumuu,Bowl,Sundial,Food,Microscope Slide,Napkin,Wasp Nest,Tray,Tape Dispenser,Spoon,Marbles,Bowl,Anvil,Food,Footstool,Napkin,Rubber Band Ball,Tray,Goblet,Spoon,Mandolin,Bowl,Jug,Food,Door Knocker,Napkin,Pinball Machine,Tray,Sedan Chair,Spoon,Fossil,Bowl,Desk Calendar,Food,Pencil Sharpener,Napkin,Weather Vane,Tray,Angle Grinder,Spoon,Stethoscope,Bowl,Jigsaw,Food,Antlers,Napkin,Stalagtite,Tray,Hula Hoop
Eating with a Fork,Fork,Ventriloquist Dummy,Plate,Pinball Machine,Food,Puppet,Napkin,Candy Cane,Tray,Discus,Fork,Cauldron,Plate,Pipe Wrench,Food,Hurdle,Napkin,Pumice Stone,Tray,Chalice,Fork,Javelin,Plate,Cherry Pitter,Food,Kaleidoscope,Napkin,Ironing Board,Tray,Xylophone,Fork,Wasp Nest,Plate,Chalk Line,Food,Door Stopper,Napkin,Snorkel Mask,Tray,Barrel,Fork,Lute,Plate,Beret,Food,Driftwood,Napkin,Belt Sander,Tray,Correction Tape
Cutting with a Knife,Knife,Trophy,Cutting Board,Slot Machine,Food,Canoe,Plate,Jump Rope,Napkin,Submarine Periscope,Knife,Ironing Board,Cutting Board,Bobblehead,Food,TV Remote,Plate,Sumo Belt,Napkin,Test Tube,Knife,Giant Gummy Bear,Cutting Board,Decanter,Food,Pretzel,Plate,Sombrero,Napkin,Specimen Jar,Knife,Ramekin,Cutting Board,Recorder,Food,Cauldron,Plate,Anvil,Napkin,Fez,Knife,Pie Bird,Cutting Board,Wheel of Cheese,Food,Springform Pan,Plate,Chalice,Napkin,Amphora
Tearing Bread,Bread,Tuba,Hands,Javelin,Plate,Xylophone,Napkin,Bellhop Cart,Butter,Fossil,Bread,Kite,Hands,Wire Stripper,Plate,Jigsaw,Napkin,Scepter,Butter,Lacrosse Stick,Bread,Decanter,Hands,Snow Globe,Plate,Yo-Yo,Napkin,Street Sweeper,Butter,Pince-Nez,Bread,Corndog,Hands,Wheel of Cheese,Plate,Puppet,Napkin,Muumuu,Butter,Heat Gun,Bread,Candelabra,Hands,Shot Put,Plate,Pencil Sharpener,Napkin,Gummy Worm,Butter,Test Tube
Dipping in Sauce,Chip,Forceps,Dip,Centrifuge,Bowl,Scepter,Napkin,Frisbee,Plate,Lederhosen,Chip,Sumo Belt,Dip,Ear Trumpet,Bowl,Jump Rope,Napkin,Pipe Wrench,Plate,Mannequin,Chip,Banjo,Dip,Egg Separator,Bowl,Periscope,Napkin,Chamberpot,Plate,Forklift,Chip,Pitchfork,Dip,Didgeridoo,Bowl,Paperweight,Napkin,Luge,Plate,Sea Urchin,Chip,Barrel,Dip,Poncho,Bowl,Hourglass,Napkin,Bone Saw,Plate,Dough Hook
Licking an Ice Cream,Ice Cream Cone,Kayak,Napkin,Belt Sander,Hand,Fossil,Tongue,Giant Gummy Bear,Cup,Typewriter,Ice Cream Cone,Hourglass,Napkin,Rubber Band Ball,Hand,Monocle,Tongue,Stapler,Cup,Tin Snips,Ice Cream Cone,Heat Gun,Napkin,Flask,Hand,Sextant,Tongue,Sumo Belt,Cup,Ironing Board,Ice Cream Cone,Vuvuzela,Napkin,Bunch of Bananas,Hand,Hole Punch,Tongue,Banjo,Cup,Lacrosse Stick,Ice Cream Cone,Candelabra,Napkin,Ukulele,Hand,Zither,Tongue,Blimp,Cup,Segway
Peeling an Egg,Egg,Sombrero,Bowl,Decanter,Water,Balance Beam,Napkin,Gramophone,Spoon,Egg Separator,Egg,Theremin,Bowl,Pinecone,Water,Canoe,Napkin,Wire Stripper,Spoon,Centrifuge,Egg,Tongue Depressor,Bowl,Bongo Drum,Water,Paper Clip Chain,Napkin,Sea Urchin,Spoon,Canteen,Egg,Butter Dish,Bowl,Sousaphone,Water,Geode,Napkin,Lathe,Spoon,Rubber Band Ball,Egg,Coat Rack,Bowl,Jigsaw,Water,Poncho,Napkin,Luge,Spoon,Jack-in-the-Box
Squeezing Toothpaste,Toothpaste,Fondue Pot,Toothbrush,Stapler,Sink,Corndog,Cup,Beehive,Towel,Specimen Jar,Toothpaste,Bullhorn,Toothbrush,Door Knocker,Sink,Salad Spinner,Cup,Tin Snips,Towel,Canteen,Toothpaste,Chalice,Toothbrush,Whole Salmon,Sink,Luge,Cup,Parallel Bar,Towel,Ascot,Toothpaste,Weather Vane,Toothbrush,Trophy,Sink,Dough Hook,Cup,Tuxedo Jacket,Towel,Coat Rack,Toothpaste,Sextant,Toothbrush,Kilt,Sink,Stepladder,Cup,Sousaphone,Towel,Frisbee
Capping a Pen,Pen,Belt Sander,Cap,Puppet,Notebook,Bobsled,Desk,Reflex Hammer,Pocket,Jack-in-the-Box,Pen,Ascot,Cap,Fondue Pot,Notebook,Urn,Desk,Watermelon,Pocket,Lute,Pen,Boomerang,Cap,Pitchfork,Notebook,Retractor,Desk,Skip-It,Pocket,Decanter,Pen,Tin Snips,Cap,Bobblehead,Notebook,Pince-Nez,Desk,Jug,Pocket,Rubber Band Ball,Pen,Gourd,Cap,Tuxedo Jacket,Notebook,Plumb Bob,Desk,Clam Shell,Pocket,Drumstick (chicken)
Uncapping a Pen,Pen,Bellhop Cart,Cap,Pitchfork,Notebook,Sea Urchin,Desk,Scepter,Pocket,Lathe,Pen,Jawbreaker,Cap,Lederhosen,Notebook,Baguette,Desk,Slot Machine,Pocket,Muumuu,Pen,Beret,Cap,Boomerang,Notebook,Centrifuge,Desk,Abacus,Pocket,Zamboni,Pen,Ruler,Cap,Tutu,Notebook,Tongue Depressor,Desk,Letter Opener,Pocket,Unicycle,Pen,Stepladder,Cap,Vuvuzela,Notebook,Cowl,Desk,Chalk Line,Pocket,Bunch of Bananas
Clicking a Pen,Pen,Ironing Board,Hand,Keg,Notebook,Stethoscope,Desk,Footstool,Pocket,Ukulele,Pen,Fire Poker,Hand,Kite,Notebook,Otoscope,Desk,Drumstick (chicken),Pocket,Whole Salmon,Pen,Canteen,Hand,Snorkel Mask,Notebook,Pince-Nez,Desk,Sundial,Pocket,Weather Vane,Pen,Curling Stone,Hand,Chaise Longue,Notebook,Nibbler,Desk,Hole Punch,Pocket,Frisbee,Pen,Corn on the Cob,Hand,Bellhop Cart,Notebook,Ramekin,Desk,Marionette,Pocket,Beret
Erasing a Whiteboard,Eraser,Lobster,Whiteboard,Periscope,Marker,Floor Lamp,Tray,Marionette,Cloth,Candelabra,Eraser,Ear Trumpet,Whiteboard,Jigsaw,Marker,Cask,Tray,Bunch of Bananas,Cloth,Baguette,Eraser,Bagpipes,Whiteboard,Bread Maker,Marker,Whole Pineapple,Tray,Mannequin,Cloth,Harpsichord,Eraser,Pinwheel,Whiteboard,Lump of Coal,Marker,Gummy Worm,Tray,Kazoo,Cloth,Bellows,Eraser,Bird Nest,Whiteboard,Lacrosse Stick,Marker,Hourglass,Tray,Pumice Stone,Cloth,Barrel
Capping a Marker,Marker,Tin Snips,Cap,Rowing Shell,Paper,Stalagtite,Desk,Caulk Gun,Tray,Garlic Press,Marker,Thermos,Cap,Fire Poker,Paper,Gondola,Desk,Rubber Duck,Tray,Rivet Gun,Marker,Geode,Cap,Rubber Band Ball,Paper,Javelin,Desk,Cauldron,Tray,Drumstick (chicken),Marker,Shuttlecock,Cap,Street Sweeper,Paper,Lump of Coal,Desk,Reflex Hammer,Tray,Kite,Marker,Bobsled,Cap,Bunsen Burner,Paper,Slot Machine,Desk,Gourd,Tray,Skeleton Sled
Tearing a Sheet of Paper,Paper,Harpsichord,Hands,Sousaphone,Desk,Bucket,Ruler,Bone Saw,Trash Can,Submarine Periscope,Paper,Gavel,Hands,Candy Floss,Desk,Boomerang,Ruler,Drumstick (chicken),Trash Can,Cloak,Paper,Recorder,Hands,Antlers,Desk,Decanter,Ruler,Anvil,Trash Can,Pitchfork,Paper,Cherry Pitter,Hands,Rubber Duck,Desk,Wind-Up Toy,Ruler,Balance Beam,Trash Can,Cotton Candy,Paper,Didgeridoo,Hands,Nibbler,Desk,Egg Separator,Ruler,Floor Lamp,Trash Can,Bobsled
Folding a Paper Airplane,Paper,Thermos,Hands,Lollipop,Desk,Rivet Gun,Ruler,Cowl,Tape,Driftwood,Paper,Submarine Periscope,Hands,Rubber Duck,Desk,Ventriloquist Dummy,Ruler,Scythe,Tape,Melon Baller,Paper,Segway,Hands,Jawbreaker,Desk,Desk Calendar,Ruler,Canteen,Tape,Lathe,Paper,Hole Punch,Hands,Plumb Bob,Desk,Wind-Up Toy,Ruler,Bobsled,Tape,Bucket,Paper,Whole Salmon,Hands,Pie Bird,Desk,Pipe Wrench,Ruler,Chaise Longue,Tape,Clam Shell
Rolling up a Poster,Poster,Bellows,Rubber Band,Centrifuge,Tube,Bocce Ball,Cap,Bird Nest,Tape,Bone Saw,Poster,Puppet,Rubber Band,Chalice,Tube,Pitchfork,Cap,Maracas,Tape,Hazmat Suit,Poster,Ukulele,Rubber Band,Anvil,Tube,Letter Opener,Cap,Tricycle,Tape,Kite,Poster,Snorkel Mask,Rubber Band,Footstool,Tube,Binder Clip,Cap,Tambourine,Tape,Sticky Notes Pad,Poster,Specimen Jar,Rubber Band,Slinky,Tube,Jack-in-the-Box,Cap,Clam Shell,Tape,Gramophone
Putting on a Backpack,Backpack,Nibbler,Strap,Kazoo,Books,Fossil,Water Bottle,Ear Trumpet,Clip,Pince-Nez,Backpack,Periscope,Strap,Driftwood,Books,Tricycle,Water Bottle,Skip-It,Clip,Typewriter,Backpack,Abacus,Strap,Pretzel,Books,Balance Beam,Water Bottle,Bullhorn,Clip,Fez,Backpack,Flask,Strap,Test Tube,Books,Letter Opener,Water Bottle,Pencil Sharpener,Clip,Pipe Wrench,Backpack,Lump of Coal,Strap,Tin Snips,Books,Ramekin,Water Bottle,Barrel,Clip,Spats
Zipping a Bag,Bag,Door Knocker,Zipper,Pogo Stick,Handle,Wind-Up Toy,Tag,Giant Gummy Bear,Clip,Hole Punch,Bag,Toilet Plunger,Zipper,Goblet,Handle,Otoscope,Tag,Pencil Sharpener,Clip,Whole Salmon,Bag,Gravy Boat,Zipper,Ramekin,Handle,Throw Pillow,Tag,Watermelon,Clip,Chamberpot,Bag,Pitchfork,Zipper,Lobster,Handle,Lute,Tag,Canoe,Clip,Tutu,Bag,Gummy Worm,Zipper,Maracas,Handle,Tricycle,Tag,Barrel,Clip,Bunch of Bananas
Buckling a Belt,Belt,Candy Floss,Buckle,Rickshaw,Pants,Gavel,Loop,Anvil,Hole,Lute,Belt,Test Tube,Buckle,Tin Snips,Pants,Lump of Coal,Loop,Lacrosse Stick,Hole,Theremin,Belt,Ukulele,Buckle,TV Remote,Pants,Pumice Stone,Loop,Cherry Pitter,Hole,Geode,Belt,Bagpipes,Buckle,Pencil Sharpener,Pants,Correction Tape,Loop,Corn on the Cob,Hole,Lobster,Belt,Dried Corn Husk,Buckle,Torque Wrench,Pants,Watermelon,Loop,Jump Rope,Hole,Kaleidoscope
Fastening a Snap,Snap,Catamaran,Jacket,Specimen Jar,Finger,Kite,Tab,Scepter,Button,Tutu,Snap,Pogo Stick,Jacket,Bellhop Cart,Finger,Candy Cane,Tab,Forceps,Button,Tambourine,Snap,Petri Dish,Jacket,Yo-Yo,Finger,Gravy Boat,Tab,Blimp,Button,Gargoyle,Snap,Umbrella Stand,Jacket,Bone Saw,Finger,Gavel,Tab,Rivet Gun,Button,Correction Tape,Snap,Chamberpot,Jacket,Thermos,Finger,Fire Poker,Tab,Dried Corn Husk,Button,Bird Nest
Velcro-ing a Strap,Strap,Corndog,Velcro,Unicycle,Shoe,Oscillating Tool,Tab,Tumbleweed,Buckle,Sticky Notes Pad,Strap,Luge,Velcro,Segway,Shoe,Hole Punch,Tab,Drumstick (chicken),Buckle,Urn,Strap,Bullhorn,Velcro,Skip-It,Shoe,Goblet,Tab,Accordion,Buckle,Retractor,Strap,Angle Grinder,Velcro,Sundial,Shoe,Didgeridoo,Tab,Rubber Band Ball,Buckle,Ramekin,Strap,Pastry Brush,Velcro,Discus,Shoe,Fez,Tab,Geode,Buckle,Floor Lamp
Putting on a Ring,Ring,Whole Pineapple,Finger,Recorder,Hand,Monocle,Jewelry Box,Fondue Pot,Cloth,Belt Sander,Ring,Inbox Tray,Finger,Candy Floss,Hand,Pinball Machine,Jewelry Box,Anvil,Cloth,Stethoscope,Ring,Nibbler,Finger,Lacrosse Stick,Hand,Jump Rope,Jewelry Box,Bobblehead,Cloth,Kite,Ring,Plumb Bob,Finger,Discus,Hand,Jawbreaker,Jewelry Box,Salad Spinner,Cloth,Submarine Periscope,Ring,Pipe Wrench,Finger,Dried Corn Husk,Hand,Gondola,Jewelry Box,Corn on the Cob,Cloth,Beehive
Clasping a Necklace,Necklace,Barrel,Clasp,Thermos,Neck,Pretzel,Mirror,Petri Dish,Jewelry Box,Recorder,Necklace,Zamboni,Clasp,Floor Lamp,Neck,Pinecone,Mirror,Xylophone,Jewelry Box,Bone Saw,Necklace,Wasp Nest,Clasp,Footstool,Neck,Bobblehead,Mirror,Paperweight,Jewelry Box,Skip-It,Necklace,Gravy Boat,Clasp,Pie Bird,Neck,Giant Gummy Bear,Mirror,Jigsaw,Jewelry Box,Rubber Band Ball,Necklace,Sousaphone,Clasp,Maracas,Neck,Mannequin,Mirror,Hula Hoop,Jewelry Box,Mandolin
Putting on a Watch,Watch,Caulk Gun,Wrist,Rubber Band Ball,Clasp,Bone Saw,Buckle,Curling Stone,Cloth,Coat Rack,Watch,Reflex Hammer,Wrist,Catamaran,Clasp,Tumbleweed,Buckle,Door Knocker,Cloth,Tin Snips,Watch,Plumb Bob,Wrist,Cask,Clasp,Ironing Board,Buckle,Pastry Brush,Cloth,Skip-It,Watch,Gravy Boat,Wrist,Anvil,Clasp,Lederhosen,Buckle,Fossil,Cloth,Nibbler,Watch,Whole Salmon,Wrist,Door Stopper,Clasp,Salad Spinner,Buckle,Tutu,Cloth,Footstool
Putting on Earrings,Earring,Bocce Ball,Ear,Rickshaw,Mirror,Tongue Depressor,Jewelry Box,Slot Machine,Cloth,Mannequin,Earring,Lump of Coal,Ear,Banjo,Mirror,Wind-Up Toy,Jewelry Box,Geode,Cloth,Kite,Earring,Rubber Band Ball,Ear,Bread Maker,Mirror,Hang Glider,Jewelry Box,Curling Stone,Cloth,Watermelon,Earring,Chalice,Ear,Abacus,Mirror,Candelabra,Jewelry Box,Angle Grinder,Cloth,Bunch of Bananas,Earring,Ascot,Ear,Vuvuzela,Mirror,Rubber Duck,Jewelry Box,Sousaphone,Cloth,Spinning Top
Adjusting Glasses,Glasses,Footstool,Nose,Marionette,Ear,Candy Apple,Cloth,Centrifuge,Case,Marbles,Glasses,Garlic Press,Nose,Ironing Board,Ear,Harpsichord,Cloth,Compass,Case,Banjo,Glasses,Shot Put,Nose,Stalagtite,Ear,Angle Grinder,Cloth,Fossil,Case,Yo-Yo,Glasses,Antlers,Nose,Spinning Top,Ear,Tumbleweed,Cloth,Forklift,Case,Bobblehead,Glasses,Thermos,Nose,Jump Rope,Ear,Door Stopper,Cloth,Hula Hoop,Case,Polo Mallet
Cleaning Glasses,Glasses,Poncho,Cloth,Javelin,Solution,Ruler,Case,Wheel of Cheese,Mirror,Segway,Glasses,Tape Dispenser,Cloth,Tumbleweed,Solution,Kazoo,Case,Accordion,Mirror,Retractor,Glasses,Hourglass,Cloth,Canoe,Solution,Oscillating Tool,Case,Scepter,Mirror,Urn,Glasses,Beehive,Cloth,Pommel,Solution,Muumuu,Case,Vuvuzela,Mirror,Maracas,Glasses,Barrel,Cloth,Jack-in-the-Box,Solution,Nibbler,Case,Tin Snips,Mirror,Jump Rope
Putting on a Name Tag,Name Tag,Cherry Pitter,Lapel,Sand Dollar,Pin,Whole Salmon,Lanyard,Heat Gun,Jacket,Urn,Name Tag,Pitchfork,Lapel,Pencil Sharpener,Pin,Drumstick (chicken),Lanyard,Binder Clip,Jacket,Trophy,Name Tag,Pommel,Lapel,Poncho,Pin,Microscope Slide,Lanyard,Forklift,Jacket,Jug,Name Tag,Corn on the Cob,Lapel,Kilt,Pin,Harpsichord,Lanyard,Canteen,Jacket,Recorder,Name Tag,Sticky Notes Pad,Lapel,Bongo Drum,Pin,Specimen Jar,Lanyard,Lollipop,Jacket,Scythe
Pinning a Flower,Flower,Pommel Horse,Pin,Belt Sander,Lapel,Wasp Nest,Jacket,Melon Baller,Hand,Bunsen Burner,Flower,Paper Clip Chain,Pin,Pogo Stick,Lapel,Jump Rope,Jacket,Kaleidoscope,Hand,Stalagtite,Flower,Goblet,Pin,Fondue Pot,Lapel,Balance Beam,Jacket,Whole Pineapple,Hand,Typewriter,Flower,Spats,Pin,Tricycle,Lapel,Stethoscope,Jacket,Marbles,Hand,Candy Apple,Flower,Torque Wrench,Pin,Gourd,Lapel,Submarine Periscope,Jacket,Sumo Belt,Hand,Discus
Tying a Necktie,Necktie,Javelin,Collar,Stalagtite,Mirror,Desk Calendar,Shirt,Caulk Gun,Hands,Recorder,Necktie,Balance Beam,Collar,Drumstick (chicken),Mirror,Whole Salmon,Shirt,Spats,Hands,Dough Hook,Necktie,Cotton Candy,Collar,Beret,Mirror,Chamberpot,Shirt,Rickshaw,Hands,Canoe,Necktie,Whole Pineapple,Collar,Specimen Jar,Mirror,Rowing Shell,Shirt,Candelabra,Hands,Letter Opener,Necktie,Pogo Stick,Collar,Discus,Mirror,Gramophone,Shirt,Jack-in-the-Box,Hands,Vuvuzela
Tying a Bow Tie,Bow Tie,Petri Dish,Collar,Pencil Sharpener,Mirror,Sedan Chair,Shirt,Jack-in-the-Box,Hands,Cowbell,Bow Tie,Bread Maker,Collar,Ear Trumpet,Mirror,Dough Hook,Shirt,Hang Glider,Hands,Oscillating Tool,Bow Tie,Snorkel Mask,Collar,Ventriloquist Dummy,Mirror,Ironing Board,Shirt,Dogsledge,Hands,Candy Floss,Bow Tie,Lute,Collar,Antlers,Mirror,Submarine Periscope,Shirt,Lump of Coal,Hands,Centrifuge,Bow Tie,Lederhosen,Collar,Yo-Yo,Mirror,Microscope Slide,Shirt,TV Remote,Hands,Pince-Nez
Folding a Handkerchief,Handkerchief,Hole Punch,Hands,Shuttlecock,Pocket,Spinning Top,Table,Dogsledge,Iron,Sombrero,Handkerchief,Forklift,Hands,Door Knocker,Pocket,Pince-Nez,Table,Cake Dome,Iron,Bongo Drum,Handkerchief,Compass,Hands,Angle Grinder,Pocket,Bullhorn,Table,Chaise Longue,Iron,Jawbreaker,Handkerchief,Watermelon,Hands,Spats,Pocket,Pommel Horse,Table,Fez,Iron,Retractor,Handkerchief,Thermos,Hands,Slinky,Pocket,Trophy,Table,Bread Maker,Iron,Oscillating Tool
Polishing Shoes,Shoe,Stalagtite,Polish,Kite,Brush,Tuxedo Jacket,Cloth,Ramekin,Tray,Pith Helmet,Shoe,Lobster,Polish,Stethoscope,Brush,Ironing Board,Cloth,Bunch of Bananas,Tray,Nibbler,Shoe,Goblet,Polish,Umbrella Stand,Brush,Sousaphone,Cloth,Ruler,Tray,Skeleton Sled,Shoe,Gramophone,Polish,Puppet,Brush,Correction Tape,Cloth,Gourd,Tray,Submarine Periscope,Shoe,Paperweight,Polish,Unicycle,Brush,Shot Put,Cloth,Candy Apple,Tray,Petri Dish
Lacing Shoes,Shoe,Pretzel,Lace,Sombrero,Eyelet,Centrifuge,Tongue,Slot Machine,Aglet,Muumuu,Shoe,Oscillating Tool,Lace,Correction Tape,Eyelet,Drumstick (chicken),Tongue,Kilt,Aglet,Corn on the Cob,Shoe,Clam Shell,Lace,Ramekin,Eyelet,Bunsen Burner,Tongue,Gourd,Aglet,Footstool,Shoe,Trophy,Lace,Beehive,Eyelet,Bone Saw,Tongue,Bobblehead,Aglet,Recorder,Shoe,Desk Calendar,Lace,Puppet,Eyelet,Kayak,Tongue,Typewriter,Aglet,Snow Globe
Putting on Rain Boots,Rain Boot,Dough Hook,Sock,Boomerang,Foot,Gummy Worm,Mat,Canoe,Umbrella,Mandolin,Rain Boot,Garlic Press,Sock,Flask,Foot,Egg Separator,Mat,Hourglass,Umbrella,Ukulele,Rain Boot,Slot Machine,Sock,Forceps,Foot,Tricycle,Mat,Belt Sander,Umbrella,Pumice Stone,Rain Boot,Spats,Sock,Scythe,Foot,Segway,Mat,Parka,Umbrella,Heat Gun,Rain Boot,Submarine Periscope,Sock,Jigsaw,Foot,Sumo Belt,Mat,Puppet,Umbrella,Slinky
Opening an Umbrella,Umbrella,Test Tube,Handle,Ironing Board,Button,Polo Mallet,Strap,Paper Clip Chain,Rain,Reflex Hammer,Umbrella,Sand Dollar,Handle,Candelabra,Button,Sousaphone,Strap,Ventriloquist Dummy,Rain,Corndog,Umbrella,Chalice,Handle,Drumstick (chicken),Button,Didgeridoo,Strap,Gondola,Rain,Chalk Line,Umbrella,Hang Glider,Handle,Marionette,Button,Caulk Gun,Strap,Candy Floss,Rain,Maracas,Umbrella,Anvil,Handle,Decanter,Button,Cloak,Strap,Xylophone,Rain,Pie Bird
Closing an Umbrella,Umbrella,Shuttlecock,Handle,Hazmat Suit,Strap,Sea Urchin,Snap,Tutu,Rain,Jawbreaker,Umbrella,Test Tube,Handle,Dough Hook,Strap,Bocce Ball,Snap,Paperweight,Rain,Bellhop Cart,Umbrella,Forceps,Handle,Ruler,Strap,Beret,Snap,Binder Clip,Rain,Chaise Longue,Umbrella,Yo-Yo,Handle,Baguette,Strap,Bunch of Bananas,Snap,Pith Helmet,Rain,Decanter,Umbrella,Coat Rack,Handle,Lollipop,Strap,Kayak,Snap,Amphora,Rain,Forklift
Shaking an Umbrella,Umbrella,Paperweight,Handle,Kaleidoscope,Strap,Whole Pineapple,Rain,Churro,Doorstep,Plumb Bob,Umbrella,Correction Tape,Handle,Ukulele,Strap,Lacrosse Stick,Rain,Boomerang,Doorstep,Catamaran,Umbrella,Skip-It,Handle,Dogsledge,Strap,Pommel,Rain,Tricycle,Doorstep,Accordion,Umbrella,Belt Sander,Handle,Gavel,Strap,Trophy,Rain,Lute,Doorstep,Blimp,Umbrella,Hurdle,Handle,Wheel of Cheese,Strap,Stalagtite,Rain,Ascot,Doorstep,Banjo
Fanning Yourself,Fan,Whole Pineapple,Hand,Tape Dispenser,Wrist,Amphora,Chair,Lobster,Shade,Bunch of Bananas,Fan,Cherry Pitter,Hand,Dough Hook,Wrist,Stalagtite,Chair,Petri Dish,Shade,Gargoyle,Fan,Forklift,Hand,Scepter,Wrist,Otoscope,Chair,Driftwood,Shade,Rivet Gun,Fan,Egg Separator,Hand,Bird Nest,Wrist,Inbox Tray,Chair,Salad Spinner,Shade,Cowl,Fan,Heat Gun,Hand,Lump of Coal,Wrist,Corn on the Cob,Chair,Catamaran,Shade,Theremin
Using a Hand Fan,Hand Fan,Candy Floss,Wrist,Binder Clip,Chair,Pitchfork,Shade,Hurdle,Dress,Bagpipes,Hand Fan,Blimp,Wrist,Churro,Chair,Hula Hoop,Shade,Kayak,Dress,Retractor,Hand Fan,Butter Dish,Wrist,Bunsen Burner,Chair,Pommel Horse,Shade,Lollipop,Dress,Maracas,Hand Fan,Rubber Band Ball,Wrist,Throw Pillow,Chair,Urn,Shade,Tin Snips,Dress,Slinky,Hand Fan,Amphora,Wrist,Pencil Sharpener,Chair,Petri Dish,Shade,Ukulele,Dress,Mannequin
Blowing a Whistle,Whistle,Candy Cane,Lanyard,Didgeridoo,Mouth,Xylophone,Breath,Bone Saw,Hand,Shuttlecock,Whistle,Fez,Lanyard,Gourd,Mouth,Tongue Depressor,Breath,Stethoscope,Hand,Gargoyle,Whistle,Monocle,Lanyard,Pommel,Mouth,Corn on the Cob,Breath,Snow Globe,Hand,Hole Punch,Whistle,Sedan Chair,Lanyard,Muumuu,Mouth,TV Remote,Breath,Spinning Top,Hand,Pinecone,Whistle,Tumbleweed,Lanyard,Typewriter,Mouth,Puppet,Breath,Ascot,Hand,Pogo Stick
Ringing a Bell,Bell,Gargoyle,Handle,Throw Pillow,Stand,Rickshaw,Cloth,Jug,Hand,Test Tube,Bell,Hole Punch,Handle,Angle Grinder,Stand,Wasp Nest,Cloth,Trophy,Hand,Paperweight,Bell,Pinball Machine,Handle,Rubber Band Ball,Stand,Sextant,Cloth,Candelabra,Hand,Baguette,Bell,Umbrella Stand,Handle,Jigsaw,Stand,Tumbleweed,Cloth,Ironing Board,Hand,Forceps,Bell,Geode,Handle,Tuxedo Jacket,Stand,Drumstick (chicken),Cloth,Pogo Stick,Hand,Caulk Gun
Clinking Glasses,Glass,Poncho,Drink,Skeleton Sled,Hand,Weather Vane,Table,Rubber Band Ball,Napkin,Cask,Glass,Snow Globe,Drink,Hula Hoop,Hand,Kayak,Table,Sombrero,Napkin,Compass,Glass,Hole Punch,Drink,Slot Machine,Hand,Rivet Gun,Table,Canteen,Napkin,TV Remote,Glass,Segway,Drink,Paperweight,Hand,Sea Urchin,Table,Skip-It,Napkin,Gourd,Glass,Sousaphone,Drink,Rowing Shell,Hand,Kilt,Table,Wasp Nest,Napkin,Megaphone
Toasting with a Glass,Glass,Watermelon,Drink,Retractor,Hand,Lollipop,Table,Microscope Slide,Napkin,Beret,Glass,Tuxedo Jacket,Drink,Amphora,Hand,Oscillating Tool,Table,Keg,Napkin,Ventriloquist Dummy,Glass,Bread Maker,Drink,Fondue Pot,Hand,Footstool,Table,Clam Shell,Napkin,Egg Separator,Glass,Cowbell,Drink,Bone Saw,Hand,Decanter,Table,Blimp,Napkin,Otoscope,Glass,Antlers,Drink,Vuvuzela,Hand,Gravy Boat,Table,Cowl,Napkin,Plumb Bob
Opening a Bottle Cap,Bottle,Door Stopper,Cap,Urn,Opener,Tumbleweed,Hand,Rivet Gun,Cloth,Candelabra,Bottle,Rowing Shell,Cap,Gummy Worm,Opener,Chalice,Hand,Drumstick (chicken),Cloth,Forklift,Bottle,Lacrosse Stick,Cap,Cake Dome,Opener,Lederhosen,Hand,Tape Dispenser,Cloth,Driftwood,Bottle,Fossil,Cap,Parka,Opener,Mandolin,Hand,Candy Cane,Cloth,TV Remote,Bottle,Floor Lamp,Cap,Pitchfork,Opener,Footstool,Hand,Wheel of Cheese,Cloth,Pumice Stone
Popping a Cork,Bottle,Megaphone,Cork,Melon Baller,Foil,Lobster,Glass,Egg Separator,Towel,Pinecone,Bottle,Parallel Bar,Cork,Thermos,Foil,Otoscope,Glass,Pastry Brush,Towel,Cowl,Bottle,Gavel,Cork,Dried Corn Husk,Foil,Pinwheel,Glass,Trophy,Towel,Tambourine,Bottle,Correction Tape,Cork,Retractor,Foil,Hazmat Suit,Glass,Boomerang,Towel,Bobblehead,Bottle,Cask,Cork,Tin Snips,Foil,Bongo Drum,Glass,Beret,Towel,Tutu
Peeling Foil,Bottle,Cask,Foil,Mannequin,Cork,Ukulele,Glass,Compass,Towel,Sundial,Bottle,Pie Bird,Foil,Scythe,Cork,Gravy Boat,Glass,Pencil Sharpener,Towel,Jigsaw,Bottle,Thermos,Foil,Lobster,Cork,Retractor,Glass,Bread Maker,Towel,Sticky Notes Pad,Bottle,Corn on the Cob,Foil,Periscope,Cork,Hole Punch,Glass,Stepladder,Towel,Inbox Tray,Bottle,Bongo Drum,Foil,Belt Sander,Cork,Reflex Hammer,Glass,Whole Salmon,Towel,Egg Separator
Squeezing a Stress Ball,Stress Ball,Baguette,Hand,Cauldron,Desk,Lobster,Chair,Goblet,Wrist Strap,Monocle,Stress Ball,Pommel Horse,Hand,Candy Floss,Desk,Ironing Board,Chair,Door Stopper,Wrist Strap,Stethoscope,Stress Ball,Angle Grinder,Hand,Dogsledge,Desk,Sumo Belt,Chair,Boomerang,Wrist Strap,Catamaran,Stress Ball,Pretzel,Hand,Cask,Desk,Snow Globe,Chair,Bellows,Wrist Strap,Bocce Ball,Stress Ball,Jawbreaker,Hand,Clam Shell,Desk,Spinning Top,Chair,Zamboni,Wrist Strap,Sextant
Winding a Music Box,Music Box,Megaphone,Key,Skeleton Sled,Hands,Ramekin,Table,Curling Stone,Cloth,Submarine Periscope,Music Box,Parka,Key,Churro,Hands,Rivet Gun,Table,Sextant,Cloth,Pencil Sharpener,Music Box,Stalagtite,Key,Stepladder,Hands,Pretzel,Table,Hula Hoop,Cloth,Spinning Top,Music Box,Urn,Key,Antlers,Hands,Sedan Chair,Table,Chamberpot,Cloth,Theremin,Music Box,Parallel Bar,Key,Pommel Horse,Hands,Monocle,Table,Giant Gummy Bear,Cloth,Weather Vane
Turning a Doorknob,Doorknob,Lacrosse Stick,Door,Slot Machine,Hand,Reflex Hammer,Key,Candy Apple,Mat,Jug,Doorknob,Ear Trumpet,Door,Desk Calendar,Hand,Cloak,Key,Slinky,Mat,Tuxedo Jacket,Doorknob,Gargoyle,Door,Sumo Belt,Hand,Luge,Key,Bobsled,Mat,Blimp,Doorknob,Driftwood,Door,Whole Salmon,Hand,Nibbler,Key,Cake Dome,Mat,Balance Beam,Doorknob,Cowl,Door,Chamberpot,Hand,Muumuu,Key,Catamaran,Mat,Correction Tape
Pushing a Button,Button,Dogsledge,Panel,Lollipop,Finger,Correction Tape,Hand,Door Knocker,Wall,Mannequin,Button,Mandolin,Panel,TV Remote,Finger,Pencil Sharpener,Hand,Binder Clip,Wall,Bellhop Cart,Button,Poncho,Panel,Recorder,Finger,Rivet Gun,Hand,Bellows,Wall,Bird Nest,Button,Amphora,Panel,Fondue Pot,Finger,Skeleton Sled,Hand,Sea Urchin,Wall,Cherry Pitter,Button,Desk Calendar,Panel,Barrel,Finger,Throw Pillow,Hand,Gondola,Wall,Stapler
Flipping a Switch,Switch,Footstool,Wall,Kayak,Finger,Cowl,Hand,Pastry Brush,Lamp,Luge,Switch,Driftwood,Wall,Geode,Finger,Yo-Yo,Hand,Fez,Lamp,Pipe Wrench,Switch,Dried Corn Husk,Wall,Candelabra,Finger,Bullhorn,Hand,Whole Salmon,Lamp,Unicycle,Switch,Theremin,Wall,Reflex Hammer,Finger,Letter Opener,Hand,Tumbleweed,Lamp,Inbox Tray,Switch,Bucket,Wall,Fossil,Finger,Jawbreaker,Hand,Abacus,Lamp,Pumice Stone
Turning a Dial,Dial,Rubber Duck,Panel,Thermos,Finger,Kite,Hand,Fez,Knob,Sand Dollar,Dial,Pinwheel,Panel,Torque Wrench,Finger,Butter Dish,Hand,Pitchfork,Knob,Dogsledge,Dial,Throw Pillow,Panel,Pogo Stick,Finger,Cloak,Hand,Rickshaw,Knob,Pencil Sharpener,Dial,Tutu,Panel,Jigsaw,Finger,Gargoyle,Hand,Chamberpot,Knob,Sumo Belt,Dial,Letter Opener,Panel,Pinball Machine,Finger,Stethoscope,Hand,Cotton Candy,Knob,Wheel of Cheese
Using a Key,Key,Snorkel Mask,Lock,Javelin,Door,Churro,Keychain,Snow Globe,Hand,Zither,Key,Harpsichord,Lock,Ventriloquist Dummy,Door,Lollipop,Keychain,Pommel Horse,Hand,Hole Punch,Key,Amphora,Lock,Hurdle,Door,Barrel,Keychain,Lump of Coal,Hand,Spinning Top,Key,Dried Corn Husk,Lock,Springform Pan,Door,Chaise Longue,Keychain,Bone Saw,Hand,Typewriter,Key,Plumb Bob,Lock,Cauldron,Door,Xylophone,Keychain,Polo Mallet,Hand,Maracas
Using a Remote Control,Remote,Sombrero,TV,Rubber Band Ball,Battery,Compass,Button,Floor Lamp,Couch,Candy Cane,Remote,Rickshaw,TV,Binder Clip,Battery,Pitchfork,Button,Harpsichord,Couch,Letter Opener,Remote,Typewriter,TV,Luge,Battery,Torque Wrench,Button,Didgeridoo,Couch,Baguette,Remote,Kazoo,TV,Ramekin,Battery,Ear Trumpet,Button,Decanter,Couch,Test Tube,Remote,Jack-in-the-Box,TV,Weather Vane,Battery,Kaleidoscope,Button,Curling Stone,Couch,Pinecone
Changing a Channel,Remote,Door Knocker,TV,Sedan Chair,Button,Plumb Bob,Couch,Forklift,Antenna,Petri Dish,Remote,Bongo Drum,TV,Candy Floss,Button,Street Sweeper,Couch,Ventriloquist Dummy,Antenna,Snow Globe,Remote,Spinning Top,TV,Gravy Boat,Button,Jawbreaker,Couch,Pie Bird,Antenna,Bread Maker,Remote,Baguette,TV,Fondue Pot,Button,Bone Saw,Couch,Specimen Jar,Antenna,Harpsichord,Remote,Blimp,TV,Cherry Pitter,Button,Melon Baller,Couch,Hourglass,Antenna,Hole Punch
Adjusting the Volume,Remote,Decanter,Speaker,Umbrella Stand,Knob,Cask,Button,Stapler,Ear,Flask,Remote,Forklift,Speaker,Chalice,Knob,Fossil,Button,Heat Gun,Ear,Floor Lamp,Remote,Trophy,Speaker,Door Knocker,Knob,Rubber Band Ball,Button,Cowl,Ear,Canoe,Remote,Megaphone,Speaker,Giant Gummy Bear,Knob,Baguette,Button,Discus,Ear,Hourglass,Remote,Sombrero,Speaker,Hole Punch,Knob,Amphora,Button,Javelin,Ear,Churro
Taking a Photo,Camera,Desk Calendar,Lens,Bellows,Button,Bellhop Cart,Strap,Gravy Boat,Cap,Pogo Stick,Camera,Bread Maker,Lens,Ventriloquist Dummy,Button,Cloak,Strap,Didgeridoo,Cap,Parka,Camera,Dogsledge,Lens,Stalagtite,Button,Petri Dish,Strap,Floor Lamp,Cap,Abacus,Camera,Otoscope,Lens,Pipe Wrench,Button,Sumo Belt,Strap,Bongo Drum,Cap,Accordion,Camera,Ramekin,Lens,Candy Apple,Button,Corndog,Strap,Curling Stone,Cap,Flask
Looking Through Binoculars,Binoculars,Dogsledge,Strap,Kazoo,Lens,Wasp Nest,Cap,Parallel Bar,Hand,Scepter,Binoculars,Slinky,Strap,Tuxedo Jacket,Lens,Puppet,Cap,Melon Baller,Hand,Pipe Wrench,Binoculars,Typewriter,Strap,Jigsaw,Lens,Polo Mallet,Cap,Churro,Hand,Frisbee,Binoculars,Lobster,Strap,Plumb Bob,Lens,Lacrosse Stick,Cap,Corndog,Hand,Ear Trumpet,Binoculars,Skeleton Sled,Strap,Sumo Belt,Lens,Forceps,Cap,Antlers,Hand,Pretzel
Using a Magnifying Glass,Magnifying Glass,Sundial,Object,Banjo,Hand,Jack-in-the-Box,Light,Hole Punch,Eye,Binder Clip,Magnifying Glass,Pitchfork,Object,Bocce Ball,Hand,Candy Apple,Light,Marionette,Eye,Gargoyle,Magnifying Glass,Pinecone,Object,Retractor,Hand,Shuttlecock,Light,Kayak,Eye,Pommel Horse,Magnifying Glass,Sand Dollar,Object,Test Tube,Hand,Skeleton Sled,Light,Whole Salmon,Eye,Stalagtite,Magnifying Glass,Pipe Wrench,Object,Canteen,Hand,Dough Hook,Light,Catamaran,Eye,Drumstick (chicken)
Looking in a Mirror,Mirror,Pommel Horse,Face,Chalice,Hand,Marionette,Cloth,Jigsaw,Frame,Bellhop Cart,Mirror,Pommel,Face,Submarine Periscope,Hand,Skip-It,Cloth,Spinning Top,Frame,Pith Helmet,Mirror,TV Remote,Face,Trophy,Hand,Beret,Cloth,Sousaphone,Frame,Goblet,Mirror,Bongo Drum,Face,Luge,Hand,Vuvuzela,Cloth,Rickshaw,Frame,Barrel,Mirror,Baguette,Face,Segway,Hand,Bunch of Bananas,Cloth,Kazoo,Frame,Geode
Combing a Beard,Comb,Stalagtite,Beard,Watermelon,Mirror,Stepladder,Scissors,Angle Grinder,Towel,Catamaran,Comb,Dough Hook,Beard,Giant Gummy Bear,Mirror,Jump Rope,Scissors,Frisbee,Towel,Butter Dish,Comb,Clam Shell,Beard,Beehive,Mirror,Bird Nest,Scissors,Salad Spinner,Towel,Lederhosen,Comb,Centrifuge,Beard,Tricycle,Mirror,Monocle,Scissors,Hazmat Suit,Towel,Ironing Board,Comb,Recorder,Beard,Pinecone,Mirror,Puppet,Scissors,Shot Put,Towel,Pie Bird
Shaving,Razor,Geode,Shaving Cream,Nibbler,Mirror,Lederhosen,Towel,Balance Beam,Sink,Pencil Sharpener,Razor,Garlic Press,Shaving Cream,Jug,Mirror,Harpsichord,Towel,Jawbreaker,Sink,Pipe Wrench,Razor,Puppet,Shaving Cream,Rubber Duck,Mirror,Trophy,Towel,Door Stopper,Sink,Ventriloquist Dummy,Razor,Rubber Band Ball,Shaving Cream,Bongo Drum,Mirror,Fez,Towel,Kilt,Sink,Pumice Stone,Razor,Rivet Gun,Shaving Cream,Melon Baller,Mirror,Boomerang,Towel,Torque Wrench,Sink,Candelabra
Applying Makeup,Brush,Discus,Makeup,Tambourine,Mirror,Bone Saw,Tissue,Reflex Hammer,Palette,Skip-It,Brush,Rubber Band Ball,Makeup,Flask,Mirror,Decanter,Tissue,Sombrero,Palette,Muumuu,Brush,Letter Opener,Makeup,Throw Pillow,Mirror,Anvil,Tissue,Centrifuge,Palette,Ascot,Brush,Gramophone,Makeup,Monocle,Mirror,Gavel,Tissue,Nibbler,Palette,Ramekin,Brush,Xylophone,Makeup,Wire Stripper,Mirror,Giant Gummy Bear,Tissue,Correction Tape,Palette,Canoe
Powdering a Face,Powder Puff,Sundial,Compact,Ascot,Mirror,Discus,Brush,Letter Opener,Tissue,Chalk Line,Powder Puff,Door Knocker,Compact,Poncho,Mirror,Barrel,Brush,Canoe,Tissue,Balance Beam,Powder Puff,Jack-in-the-Box,Compact,Petri Dish,Mirror,Driftwood,Brush,Bone Saw,Tissue,Sedan Chair,Powder Puff,Toilet Plunger,Compact,Otoscope,Mirror,Wire Stripper,Brush,Pipe Wrench,Tissue,Chamberpot,Powder Puff,Rickshaw,Compact,Dogsledge,Mirror,Catamaran,Brush,Kite,Tissue,Pitchfork
Curling Hair,Curling Iron,Banjo,Clip,Bone Saw,Mirror,Yo-Yo,Spray,Tuba,Towel,Weather Vane,Curling Iron,Street Sweeper,Clip,TV Remote,Mirror,Gondola,Spray,Bunsen Burner,Towel,Lacrosse Stick,Curling Iron,Catamaran,Clip,Sticky Notes Pad,Mirror,Sextant,Spray,Gavel,Towel,Stalagtite,Curling Iron,Pie Bird,Clip,Jigsaw,Mirror,Pumice Stone,Spray,Cloak,Towel,Butter Dish,Curling Iron,Rowing Shell,Clip,Pencil Sharpener,Mirror,Sea Urchin,Spray,Corndog,Towel,Tambourine
Pinning Hair Up,Bobby Pin,Dried Corn Husk,Mirror,Pith Helmet,Brush,Fire Poker,Clip,Umbrella Stand,Tie,Corndog,Bobby Pin,Tambourine,Mirror,Fez,Brush,Bread Maker,Clip,Forklift,Tie,Rubber Duck,Bobby Pin,Giant Gummy Bear,Mirror,Discus,Brush,Test Tube,Clip,Lacrosse Stick,Tie,Street Sweeper,Bobby Pin,Tape Dispenser,Mirror,Gummy Worm,Brush,Melon Baller,Clip,Parallel Bar,Tie,Bone Saw,Bobby Pin,Pipe Wrench,Mirror,Wire Stripper,Brush,Tumbleweed,Clip,Paper Clip Chain,Tie,Shuttlecock
Putting on a Tiara,Tiara,Amphora,Mirror,Lollipop,Head,Gramophone,Hair,Pince-Nez,Clip,Bellows,Tiara,Cowl,Mirror,Beehive,Head,Sand Dollar,Hair,Tuba,Clip,Muumuu,Tiara,Bongo Drum,Mirror,Bobsled,Head,Pommel Horse,Hair,Bucket,Clip,Footstool,Tiara,Shot Put,Mirror,Ruler,Head,Thermos,Hair,Spats,Clip,Watermelon,Tiara,Gravy Boat,Mirror,Gargoyle,Head,Harpsichord,Hair,Trophy,Clip,Door Knocker
Putting on a Crown,Crown,Shot Put,Head,Desk Calendar,Mirror,Recorder,Velvet Pillow,Pogo Stick,Cushion,Lollipop,Crown,Pinball Machine,Head,Anvil,Mirror,Skip-It,Velvet Pillow,Goblet,Cushion,Ear Trumpet,Crown,Marbles,Head,Tongue Depressor,Mirror,Torque Wrench,Velvet Pillow,Curling Stone,Cushion,Bread Maker,Crown,Luge,Head,Lathe,Mirror,Gummy Worm,Velvet Pillow,Reflex Hammer,Cushion,Street Sweeper,Crown,Footstool,Head,Centrifuge,Mirror,Compass,Velvet Pillow,Driftwood,Cushion,Harpsichord
Adjusting a Crown,Crown,Pencil Sharpener,Head,Kilt,Mirror,Test Tube,Hands,Oscillating Tool,Velvet,Harpsichord,Crown,Accordion,Head,Bagpipes,Mirror,Scythe,Hands,Xylophone,Velvet,Driftwood,Crown,Theremin,Head,Specimen Jar,Mirror,Gavel,Hands,Bucket,Velvet,Gummy Worm,Crown,Pommel Horse,Head,Pie Bird,Mirror,Heat Gun,Hands,Compass,Velvet,Snorkel Mask,Crown,Canteen,Head,Hurdle,Mirror,Sedan Chair,Hands,Canoe,Velvet,Javelin
Carrying a Tray,Tray,Petri Dish,Glasses,Pogo Stick,Plate,Heat Gun,Cloth,Kite,Stand,Submarine Periscope,Tray,Lute,Glasses,Mannequin,Plate,Hurdle,Cloth,Bird Nest,Stand,Chalice,Tray,Pinwheel,Glasses,Tutu,Plate,Jump Rope,Cloth,Kaleidoscope,Stand,Footstool,Tray,Bucket,Glasses,Pith Helmet,Plate,Gondola,Cloth,Ruler,Stand,Stepladder,Tray,Beehive,Glasses,Hula Hoop,Plate,Otoscope,Cloth,Paperweight,Stand,Wasp Nest
Balancing a Book on Head,Book,Pastry Brush,Head,Driftwood,Spine,Kaleidoscope,Chair,Snorkel Mask,Floor,Lollipop,Book,Keg,Head,Correction Tape,Spine,Pinwheel,Chair,Pince-Nez,Floor,Bellhop Cart,Book,Hang Glider,Head,Nibbler,Spine,Cowbell,Chair,Muumuu,Floor,Gravy Boat,Book,Luge,Head,Paperweight,Spine,Drumstick (chicken),Chair,Bone Saw,Floor,Tambourine,Book,Wire Stripper,Head,Lump of Coal,Spine,Fez,Chair,Skip-It,Floor,Kayak
Skipping Stones,Stone,Boomerang,Water,Retractor,Hand,Zamboni,Arm,Pitchfork,Shore,Fossil,Stone,Shuttlecock,Water,Bullhorn,Hand,TV Remote,Arm,Hourglass,Shore,Xylophone,Stone,Lute,Water,Gargoyle,Hand,Monocle,Arm,Heat Gun,Shore,Puppet,Stone,Amphora,Water,Shot Put,Hand,Polo Mallet,Arm,Snow Globe,Shore,Cowl,Stone,Urn,Water,Slinky,Hand,Poncho,Arm,Hole Punch,Shore,Paperweight
Tossing a Ball,Ball,Rivet Gun,Hand,Spinning Top,Target,Amphora,Arm,Jawbreaker,Glove,Tumbleweed,Ball,Umbrella Stand,Hand,Belt Sander,Target,Blimp,Arm,Hazmat Suit,Glove,Pitchfork,Ball,Rubber Duck,Hand,Curling Stone,Target,Ukulele,Arm,Cloak,Glove,Keg,Ball,Didgeridoo,Hand,Mannequin,Target,Discus,Arm,Gravy Boat,Glove,Forceps,Ball,Pinwheel,Hand,Bobsled,Target,Beret,Arm,Bongo Drum,Glove,Test Tube
Spinning a Basketball,Basketball,Rickshaw,Finger,Muumuu,Hand,Pie Bird,Shoes,Snorkel Mask,Court,Whole Pineapple,Basketball,Catamaran,Finger,Springform Pan,Hand,Pogo Stick,Shoes,Balance Beam,Court,Sticky Notes Pad,Basketball,Wire Stripper,Finger,Chaise Longue,Hand,Correction Tape,Shoes,Hole Punch,Court,Rivet Gun,Basketball,Bellhop Cart,Finger,Shuttlecock,Hand,Gramophone,Shoes,Javelin,Court,Otoscope,Basketball,Fez,Finger,Slinky,Hand,Bone Saw,Shoes,Tricycle,Court,Driftwood
Dribbling a Ball,Ball,Kayak,Hand,Decanter,Floor,Dough Hook,Sneakers,Rubber Duck,Court,Skeleton Sled,Ball,Slot Machine,Hand,Plumb Bob,Floor,Bullhorn,Sneakers,Egg Separator,Court,Wheel of Cheese,Ball,Periscope,Hand,Forklift,Floor,Lacrosse Stick,Sneakers,Ascot,Court,Cherry Pitter,Ball,Rowing Shell,Hand,Tricycle,Floor,Paper Clip Chain,Sneakers,Blimp,Court,Oscillating Tool,Ball,Butter Dish,Hand,Canteen,Floor,Bird Nest,Sneakers,Wasp Nest,Court,Keg
Shooting a Basketball,Basketball,Gavel,Hoop,Recorder,Hand,Spats,Sneakers,Door Stopper,Court,Ascot,Basketball,Forklift,Hoop,Jug,Hand,Marionette,Sneakers,Mandolin,Court,Scythe,Basketball,Sumo Belt,Hoop,Ironing Board,Hand,Amphora,Sneakers,Wheel of Cheese,Court,Trophy,Basketball,Zither,Hoop,Oscillating Tool,Hand,TV Remote,Sneakers,Egg Separator,Court,Lobster,Basketball,Skeleton Sled,Hoop,Accordion,Hand,Thermos,Sneakers,Gramophone,Court,Forceps
Kicking a Can,Can,Gramophone,Foot,Bocce Ball,Sneakers,Catamaran,Road,Driftwood,Sidewalk,Xylophone,Can,Gondola,Foot,Correction Tape,Sneakers,Pogo Stick,Road,Torque Wrench,Sidewalk,Street Sweeper,Can,Kazoo,Foot,Scepter,Sneakers,Tin Snips,Road,Scythe,Sidewalk,Lute,Can,Wasp Nest,Foot,Slinky,Sneakers,Belt Sander,Road,Salad Spinner,Sidewalk,Reflex Hammer,Can,Bullhorn,Foot,Coat Rack,Sneakers,Bunsen Burner,Road,Retractor,Sidewalk,Giant Gummy Bear
Rolling a Ball,Ball,Catamaran,Hand,Pretzel,Floor,Stepladder,Target,Goblet,Lane,Paper Clip Chain,Ball,Drumstick (chicken),Hand,Theremin,Floor,Marbles,Target,Ventriloquist Dummy,Lane,Cotton Candy,Ball,Forklift,Hand,Candy Floss,Floor,Gummy Worm,Target,Fossil,Lane,Spinning Top,Ball,Pencil Sharpener,Hand,Tricycle,Floor,Chalk Line,Target,Reflex Hammer,Lane,Pince-Nez,Ball,Test Tube,Hand,Dried Corn Husk,Floor,Baguette,Target,Decanter,Lane,Salad Spinner
Bowling,Bowling Ball,Canteen,Lane,Desk Calendar,Pins,Flask,Shoes,Marbles,Rack,Spinning Top,Bowling Ball,Ukulele,Lane,Snow Globe,Pins,Hazmat Suit,Shoes,Tricycle,Rack,Candy Cane,Bowling Ball,Sea Urchin,Lane,Microscope Slide,Pins,Trophy,Shoes,Correction Tape,Rack,Curling Stone,Bowling Ball,Gondola,Lane,Gravy Boat,Pins,Sundial,Shoes,Kayak,Rack,Didgeridoo,Bowling Ball,Xylophone,Lane,Polo Mallet,Pins,Pumice Stone,Shoes,Slinky,Rack,Fire Poker
Serving in Tennis,Tennis Racket,Gourd,Ball,Pencil Sharpener,Court,Amphora,Net,Bobsled,Shoes,Poncho,Tennis Racket,Weather Vane,Ball,Driftwood,Court,Tongue Depressor,Net,Puppet,Shoes,Jump Rope,Tennis Racket,Cauldron,Ball,Tricycle,Court,Zamboni,Net,Bellhop Cart,Shoes,Mannequin,Tennis Racket,Shuttlecock,Ball,Trophy,Court,Specimen Jar,Net,Javelin,Shoes,Tuxedo Jacket,Tennis Racket,Submarine Periscope,Ball,Toilet Plunger,Court,Cotton Candy,Net,Blimp,Shoes,Pince-Nez
Batting a Ball,Bat,Fossil,Ball,Periscope,Plate,Toilet Plunger,Helmet,Geode,Glove,Lacrosse Stick,Bat,Rubber Duck,Ball,Cloak,Plate,Tongue Depressor,Helmet,Retractor,Glove,Gramophone,Bat,Fire Poker,Ball,Bongo Drum,Plate,Gummy Worm,Helmet,Bellhop Cart,Glove,Angle Grinder,Bat,Jigsaw,Ball,Pince-Nez,Plate,Harpsichord,Helmet,Segway,Glove,Frisbee,Bat,Cherry Pitter,Ball,Sticky Notes Pad,Plate,Gargoyle,Helmet,Shuttlecock,Glove,Beehive
Catching a Ball,Ball,Bobblehead,Glove,Kilt,Cap,Cherry Pitter,Cleats,Whole Salmon,Jersey,Clam Shell,Ball,Candy Cane,Glove,Centrifuge,Cap,Plumb Bob,Cleats,Bongo Drum,Jersey,Puppet,Ball,Balance Beam,Glove,Egg Separator,Cap,Anvil,Cleats,Tin Snips,Jersey,Forceps,Ball,Lederhosen,Glove,Toilet Plunger,Cap,Catamaran,Cleats,Retractor,Jersey,Tuba,Ball,Ukulele,Glove,Marbles,Cap,Butter Dish,Cleats,Parka,Jersey,Pitchfork
Throwing a Dart,Dart,Chalice,Board,Street Sweeper,Hand,Angle Grinder,Chalk,Tuxedo Jacket,Stool,Yo-Yo,Dart,Compass,Board,Shot Put,Hand,Cowbell,Chalk,Abacus,Stool,Corndog,Dart,Skip-It,Board,Beret,Hand,Vuvuzela,Chalk,Wind-Up Toy,Stool,Mandolin,Dart,Whole Pineapple,Board,Test Tube,Hand,Totem Pole,Chalk,Lump of Coal,Stool,Pince-Nez,Dart,TV Remote,Board,Ear Trumpet,Hand,Sand Dollar,Chalk,Chamberpot,Stool,Clam Shell
Doing a Cartwheel,Mat,Bunsen Burner,Hands,Mandolin,Feet,Bird Nest,Sneakers,Fez,Shorts,Oscillating Tool,Mat,Periscope,Hands,Jump Rope,Feet,Decanter,Sneakers,Discus,Shorts,Ruler,Mat,Gummy Worm,Hands,Stalagtite,Feet,Tambourine,Sneakers,Coat Rack,Shorts,Paper Clip Chain,Mat,Ironing Board,Hands,Urn,Feet,Sundial,Sneakers,Anvil,Shorts,Thermos,Mat,Whole Pineapple,Hands,Sombrero,Feet,Rubber Band Ball,Sneakers,Pinball Machine,Shorts,Chalice
Doing a Somersault,Mat,Decanter,Head,Pumice Stone,Arms,Submarine Periscope,Sneakers,Cotton Candy,Shorts,Chamberpot,Mat,Gramophone,Head,Binder Clip,Arms,Bone Saw,Sneakers,Boomerang,Shorts,Recorder,Mat,Abacus,Head,Pie Bird,Arms,Microscope Slide,Sneakers,Zamboni,Shorts,Springform Pan,Mat,Bunsen Burner,Head,Sombrero,Arms,Jug,Sneakers,Shot Put,Shorts,Beehive,Mat,Banjo,Head,Rivet Gun,Arms,Tongue Depressor,Sneakers,Blimp,Shorts,Chalk Line
Doing a Headstand,Mat,Bocce Ball,Head,Blimp,Arms,Pinball Machine,Sneakers,Parka,Shorts,Retractor,Mat,Jump Rope,Head,Xylophone,Arms,Fossil,Sneakers,Ruler,Shorts,Pumice Stone,Mat,Unicycle,Head,Ramekin,Arms,Pretzel,Sneakers,Pitchfork,Shorts,Abacus,Mat,Bobsled,Head,Typewriter,Arms,Caulk Gun,Sneakers,Goblet,Shorts,Corn on the Cob,Mat,Forceps,Head,Anvil,Arms,Decanter,Sneakers,Footstool,Shorts,Pith Helmet
Doing a Handstand,Mat,Hang Glider,Hands,Canoe,Arms,Cherry Pitter,Sneakers,Stalagtite,Shorts,Torque Wrench,Mat,Driftwood,Hands,Gavel,Arms,Hourglass,Sneakers,Rubber Duck,Shorts,Giant Gummy Bear,Mat,Bobsled,Hands,Accordion,Arms,Ear Trumpet,Sneakers,Shuttlecock,Shorts,Sand Dollar,Mat,Sumo Belt,Hands,Ascot,Arms,Chamberpot,Sneakers,Rowing Shell,Shorts,Pitchfork,Mat,Cauldron,Hands,Rivet Gun,Arms,Poncho,Sneakers,Reflex Hammer,Shorts,Pommel Horse
Skipping to a Beat,Sneakers,Whole Pineapple,Shorts,Luge,Rope,Coat Rack,Mat,Retractor,Timer,Sedan Chair,Sneakers,Tutu,Shorts,Typewriter,Rope,Chamberpot,Mat,Door Knocker,Timer,Dogsledge,Sneakers,Bucket,Shorts,Curling Stone,Rope,Marionette,Mat,Heat Gun,Timer,Rivet Gun,Sneakers,Lobster,Shorts,Kaleidoscope,Rope,Submarine Periscope,Mat,Gummy Worm,Timer,Urn,Sneakers,Spinning Top,Shorts,Footstool,Rope,Oscillating Tool,Mat,Tricycle,Timer,Egg Separator
Marching in Place,Sneakers,Discus,Shorts,Submarine Periscope,Arms,Kite,Mat,Pommel,Timer,Sombrero,Sneakers,Pumice Stone,Shorts,Shot Put,Arms,Gavel,Mat,Chaise Longue,Timer,Pommel Horse,Sneakers,Wind-Up Toy,Shorts,Coat Rack,Arms,Bocce Ball,Mat,Chalice,Timer,Baguette,Sneakers,Tambourine,Shorts,Fez,Arms,Pipe Wrench,Mat,Cherry Pitter,Timer,Heat Gun,Sneakers,Candy Apple,Shorts,Forklift,Arms,Unicycle,Mat,Shuttlecock,Timer,Tape Dispenser
Doing a Lunge,Mat,Chalk Line,Sneakers,Tongue Depressor,Shorts,Nibbler,Arms,Bread Maker,Timer,Pommel Horse,Mat,Paperweight,Sneakers,Belt Sander,Shorts,Candelabra,Arms,Bucket,Timer,Kayak,Mat,Gavel,Sneakers,Butter Dish,Shorts,Decanter,Arms,Bone Saw,Timer,Wasp Nest,Mat,Corn on the Cob,Sneakers,Inbox Tray,Shorts,Street Sweeper,Arms,Pinwheel,Timer,Egg Separator,Mat,Unicycle,Sneakers,Door Stopper,Shorts,Sumo Belt,Arms,Correction Tape,Timer,Tuba
Doing a Squat,Mat,Pitchfork,Sneakers,Zamboni,Shorts,Abacus,Arms,Kaleidoscope,Timer,Lollipop,Mat,Lederhosen,Sneakers,Canteen,Shorts,Specimen Jar,Arms,Didgeridoo,Timer,Tutu,Mat,Whole Salmon,Sneakers,Dough Hook,Shorts,Paper Clip Chain,Arms,Sousaphone,Timer,Salad Spinner,Mat,Scepter,Sneakers,Test Tube,Shorts,Mandolin,Arms,Lump of Coal,Timer,Beehive,Mat,Zither,Sneakers,Segway,Shorts,Lathe,Arms,Rubber Band Ball,Timer,Slinky
Lifting Weights,Dumbbell,Stethoscope,Mat,Belt Sander,Gloves,Inbox Tray,Belt,Coat Rack,Shoes,Sombrero,Dumbbell,Tin Snips,Mat,Door Stopper,Gloves,Urn,Belt,Recorder,Shoes,Submarine Periscope,Dumbbell,Gargoyle,Mat,Floor Lamp,Gloves,Rivet Gun,Belt,Jigsaw,Shoes,Catamaran,Dumbbell,Pinecone,Mat,Totem Pole,Gloves,Kazoo,Belt,Tambourine,Shoes,Cask,Dumbbell,Hang Glider,Mat,Wind-Up Toy,Gloves,Tuba,Belt,Stapler,Shoes,Pastry Brush
Using a Jump Rope,Jump Rope,Ascot,Sneakers,Sousaphone,Mat,Barrel,Timer,Wasp Nest,Shorts,Skeleton Sled,Jump Rope,Megaphone,Sneakers,Bagpipes,Mat,Rubber Duck,Timer,Tutu,Shorts,Beehive,Jump Rope,Thermos,Sneakers,Snorkel Mask,Mat,Cherry Pitter,Timer,Stalagtite,Shorts,Torque Wrench,Jump Rope,Slinky,Sneakers,Paperweight,Mat,Whole Pineapple,Timer,Bobblehead,Shorts,Kazoo,Jump Rope,Bellows,Sneakers,Hang Glider,Mat,Correction Tape,Timer,Hurdle,Shorts,Marionette
Hula Hooping,Hula Hoop,Ascot,Hips,Whole Pineapple,Sneakers,Snow Globe,Shorts,Recorder,Mat,Periscope,Hula Hoop,Pitchfork,Hips,Driftwood,Sneakers,Pommel,Shorts,Accordion,Mat,Jack-in-the-Box,Hula Hoop,Shot Put,Hips,Bocce Ball,Sneakers,Centrifuge,Shorts,Balance Beam,Mat,Ventriloquist Dummy,Hula Hoop,Tutu,Hips,Dogsledge,Sneakers,Spats,Shorts,Muumuu,Mat,Sedan Chair,Hula Hoop,Paperweight,Hips,Barrel,Sneakers,Bunsen Burner,Shorts,Pommel Horse,Mat,Floor Lamp
Juggling,Balls,Ramekin,Hands,Hole Punch,Sneakers,Letter Opener,Stage,Microscope Slide,Mat,Accordion,Balls,Amphora,Hands,Plumb Bob,Sneakers,Lacrosse Stick,Stage,Gramophone,Mat,Ascot,Balls,Dogsledge,Hands,Ventriloquist Dummy,Sneakers,Footstool,Stage,Submarine Periscope,Mat,Egg Separator,Balls,Jawbreaker,Hands,Paperweight,Sneakers,Pith Helmet,Stage,Tutu,Mat,Rubber Band Ball,Balls,Gargoyle,Hands,Lollipop,Sneakers,Oscillating Tool,Stage,Forceps,Mat,Stethoscope
Spinning a Plate,Plate,Binder Clip,Stick,Ascot,Hand,Hang Glider,Stage,Bocce Ball,Mat,Snorkel Mask,Plate,Drumstick (chicken),Stick,Decanter,Hand,Whole Pineapple,Stage,Reflex Hammer,Mat,Pitchfork,Plate,Beehive,Stick,Door Knocker,Hand,Watermelon,Stage,Candy Apple,Mat,Butter Dish,Plate,Specimen Jar,Stick,Pogo Stick,Hand,Corn on the Cob,Stage,Candy Floss,Mat,Geode,Plate,Slot Machine,Stick,Torque Wrench,Hand,Salad Spinner,Stage,Bone Saw,Mat,Pie Bird
Walking a Tightrope,Rope,Lederhosen,Balance Pole,Monocle,Shoes,Gramophone,Stage,Pretzel,Net,Forklift,Rope,Bobsled,Balance Pole,Chamberpot,Shoes,Belt Sander,Stage,Lathe,Net,Snow Globe,Rope,Fossil,Balance Pole,Snorkel Mask,Shoes,Watermelon,Stage,Fondue Pot,Net,Skeleton Sled,Rope,Ironing Board,Balance Pole,Bunsen Burner,Shoes,Maracas,Stage,Polo Mallet,Net,Petri Dish,Rope,Stapler,Balance Pole,Vuvuzela,Shoes,Skip-It,Stage,Bird Nest,Net,Pumice Stone
Sword Swallowing,Sword,Tin Snips,Stage,Totem Pole,Cloth,Maracas,Hand,Microscope Slide,Belt,Typewriter,Sword,Driftwood,Stage,Shuttlecock,Cloth,Balance Beam,Hand,Slinky,Belt,Gravy Boat,Sword,Stalagtite,Stage,Marionette,Cloth,Geode,Hand,Frisbee,Belt,Chaise Longue,Sword,Zither,Stage,Belt Sander,Cloth,Cotton Candy,Hand,Spinning Top,Belt,Kilt,Sword,Jawbreaker,Stage,Barrel,Cloth,Ventriloquist Dummy,Hand,Sumo Belt,Belt,Bird Nest
Eating Fire,Torch,Theremin,Stage,Pinecone,Fireproof Cloth,Pipe Wrench,Hand,Binder Clip,Water,Retractor,Torch,Recorder,Stage,Polo Mallet,Fireproof Cloth,Chamberpot,Hand,Rubber Duck,Water,Discus,Torch,Ear Trumpet,Stage,Toilet Plunger,Fireproof Cloth,Zamboni,Hand,Beehive,Water,Javelin,Torch,Paperweight,Stage,Gramophone,Fireproof Cloth,Cherry Pitter,Hand,Caulk Gun,Water,Sea Urchin,Torch,Pommel Horse,Stage,Gummy Worm,Fireproof Cloth,Frisbee,Hand,Door Stopper,Water,Coat Rack
Riding a Unicycle,Unicycle,Driftwood,Pedal,Mannequin,Helmet,Scythe,Gloves,Parka,Stage,Corn on the Cob,Unicycle,Mandolin,Pedal,Lacrosse Stick,Helmet,Fire Poker,Gloves,Torque Wrench,Stage,Ruler,Unicycle,Thermos,Pedal,Pince-Nez,Helmet,Poncho,Gloves,Bongo Drum,Stage,Catamaran,Unicycle,Watermelon,Pedal,Sticky Notes Pad,Helmet,Discus,Gloves,Forceps,Stage,Dough Hook,Unicycle,Marionette,Pedal,Kaleidoscope,Helmet,Jigsaw,Gloves,Marbles,Stage,Anvil
Juggling Pins,Pin,Sombrero,Hands,Cloak,Stage,Fez,Sneakers,Jump Rope,Belt,Typewriter,Pin,Muumuu,Hands,Wire Stripper,Stage,Sedan Chair,Sneakers,Watermelon,Belt,Abacus,Pin,Clam Shell,Hands,Curling Stone,Stage,Jug,Sneakers,Dogsledge,Belt,Springform Pan,Pin,Salad Spinner,Hands,Corndog,Stage,Urn,Sneakers,Pipe Wrench,Belt,Giant Gummy Bear,Pin,Door Knocker,Hands,Zither,Stage,Fossil,Sneakers,Floor Lamp,Belt,Forceps
Tightrope Walking,Rope,Cake Dome,Balance Pole,Bird Nest,Shoes,Pinecone,Stage,Sombrero,Net,Kite,Rope,TV Remote,Balance Pole,Centrifuge,Shoes,Cask,Stage,Ear Trumpet,Net,Shot Put,Rope,Tongue Depressor,Balance Pole,Angle Grinder,Shoes,Candy Cane,Stage,Ramekin,Net,Giant Gummy Bear,Rope,Bongo Drum,Balance Pole,Pie Bird,Shoes,Gondola,Stage,Tin Snips,Net,Sextant,Rope,Whole Pineapple,Balance Pole,Floor Lamp,Shoes,Bellhop Cart,Stage,Bagpipes,Net,Slinky
Doing a Magic Trick,Wand,Parallel Bar,Hat,Javelin,Rabbit,Bullhorn,Cape,Belt Sander,Cards,Bunsen Burner,Wand,Door Knocker,Hat,Beehive,Rabbit,Discus,Cape,Slot Machine,Cards,Snow Globe,Wand,Canoe,Hat,Coat Rack,Rabbit,Microscope Slide,Cape,Tongue Depressor,Cards,Cauldron,Wand,Sedan Chair,Hat,Stalagtite,Rabbit,Rubber Band Ball,Cape,Jack-in-the-Box,Cards,Ukulele,Wand,Weather Vane,Hat,Bread Maker,Rabbit,Sticky Notes Pad,Cape,Letter Opener,Cards,Corndog
Pulling a Rabbit from a Hat,Hat,Bongo Drum,Rabbit,Cherry Pitter,Wand,Lump of Coal,Table,Pencil Sharpener,Cape,Parallel Bar,Hat,Tuxedo Jacket,Rabbit,Candy Floss,Wand,Stapler,Table,Pretzel,Cape,Trophy,Hat,Lollipop,Rabbit,Bread Maker,Wand,Sand Dollar,Table,Otoscope,Cape,Mandolin,Hat,Churro,Rabbit,Garlic Press,Wand,Jug,Table,Segway,Cape,Scepter,Hat,Door Knocker,Rabbit,Mannequin,Wand,Gummy Worm,Table,Skeleton Sled,Cape,Kaleidoscope
Sawing a Box,Box,Poncho,Saw,Candelabra,Wand,Ascot,Cape,Baguette,Stage,Urn,Box,Ramekin,Saw,Fire Poker,Wand,Bagpipes,Cape,Dogsledge,Stage,Thermos,Box,Bunsen Burner,Saw,Whole Salmon,Wand,Toilet Plunger,Cape,Pinball Machine,Stage,Beret,Box,Dough Hook,Saw,Sundial,Wand,Paper Clip Chain,Cape,Paperweight,Stage,Shuttlecock,Box,Frisbee,Saw,Torque Wrench,Wand,Wasp Nest,Cape,Rivet Gun,Stage,Slot Machine
Escaping from Handcuffs,Handcuffs,Rubber Band Ball,Key,Heat Gun,Chain,Oscillating Tool,Stage,Cloak,Cape,Lump of Coal,Handcuffs,Tongue Depressor,Key,Bunch of Bananas,Chain,Pie Bird,Stage,Zither,Cape,Snow Globe,Handcuffs,Slinky,Key,Gargoyle,Chain,Antlers,Stage,Hole Punch,Cape,Hang Glider,Handcuffs,Tutu,Key,Jawbreaker,Chain,Tuba,Stage,Rubber Duck,Cape,Fire Poker,Handcuffs,Paper Clip Chain,Key,Microscope Slide,Chain,Pencil Sharpener,Stage,Kite,Cape,Door Stopper
Brushing Teeth,Toothbrush,Hazmat Suit,Toothpaste,Paperweight,Cup of Water,Oscillating Tool,Dental Floss,Anvil,Mirror,Puppet,Toothbrush,Pommel,Toothpaste,Kite,Cup of Water,Sea Urchin,Dental Floss,Correction Tape,Mirror,Beehive,Toothbrush,Rickshaw,Toothpaste,Cotton Candy,Cup of Water,Chalk Line,Dental Floss,Jug,Mirror,Vuvuzela,Toothbrush,Frisbee,Toothpaste,Slot Machine,Cup of Water,Bongo Drum,Dental Floss,TV Remote,Mirror,Toilet Plunger,Toothbrush,Trophy,Toothpaste,Scythe,Cup of Water,Coat Rack,Dental Floss,Goblet,Mirror,Watermelon
Eating Cereal,Spoon,Rubber Band Ball,Milk,Sea Urchin,Bowl,Kilt,Cereal,Candy Cane,Napkin,Thermos,Spoon,Submarine Periscope,Milk,Snow Globe,Bowl,Gavel,Cereal,Angle Grinder,Napkin,Bongo Drum,Spoon,Driftwood,Milk,Chamberpot,Bowl,Giant Gummy Bear,Cereal,Shot Put,Napkin,Skeleton Sled,Spoon,Retractor,Milk,Megaphone,Bowl,Paperweight,Cereal,Geode,Napkin,Sumo Belt,Spoon,Toilet Plunger,Milk,Muumuu,Bowl,Spats,Cereal,Wire Stripper,Napkin,Bobblehead
Sweeping the Floor,Broom,Weather Vane,Dustpan,Oscillating Tool,Dirt,Chalk Line,Trash Bag,Corn on the Cob,Apron,Footstool,Broom,Skip-It,Dustpan,Cask,Dirt,Cowbell,Trash Bag,Sticky Notes Pad,Apron,Churro,Broom,Forceps,Dustpan,Curling Stone,Dirt,Pastry Brush,Trash Bag,Bunsen Burner,Apron,Lollipop,Broom,Heat Gun,Dustpan,Stethoscope,Dirt,Kaleidoscope,Trash Bag,Retractor,Apron,Binder Clip,Broom,Floor Lamp,Dustpan,Candelabra,Dirt,Candy Floss,Trash Bag,Melon Baller,Apron,Pinecone
Making a Sandwich,Bread,Hula Hoop,Butter,Submarine Periscope,Knife,Rivet Gun,Plate,Pitchfork,Lettuce,Pinecone,Bread,Sundial,Butter,Sticky Notes Pad,Knife,Candy Apple,Plate,Kaleidoscope,Lettuce,Baguette,Bread,Toilet Plunger,Butter,Pencil Sharpener,Knife,Hazmat Suit,Plate,Gourd,Lettuce,Forklift,Bread,Fossil,Butter,Scepter,Knife,Drumstick (chicken),Plate,Cherry Pitter,Lettuce,Stethoscope,Bread,Bucket,Butter,Coat Rack,Knife,Decanter,Plate,Hourglass,Lettuce,Lathe
Watering Plants,Watering Can,Lollipop,Water,Butter Dish,Hose,Sundial,Plant Pot,Rubber Duck,Gloves,Slinky,Watering Can,Candelabra,Water,Scepter,Hose,Marbles,Plant Pot,Sumo Belt,Gloves,Bocce Ball,Watering Can,Tuba,Water,Sticky Notes Pad,Hose,Tongue Depressor,Plant Pot,Forklift,Gloves,Wasp Nest,Watering Can,Stethoscope,Water,Pince-Nez,Hose,Sextant,Plant Pot,Weather Vane,Gloves,Tumbleweed,Watering Can,Cauldron,Water,Barrel,Hose,Kazoo,Plant Pot,Garlic Press,Gloves,Catamaran
Playing Catch,Baseball,Caulk Gun,Glove,Floor Lamp,Cap,Desk Calendar,Cleats,Hourglass,Bat,Slot Machine,Baseball,Snow Globe,Glove,TV Remote,Cap,Sundial,Cleats,Fire Poker,Bat,Pie Bird,Baseball,Antlers,Glove,Butter Dish,Cap,Fossil,Cleats,Gavel,Bat,Parka,Baseball,Puppet,Glove,Wasp Nest,Cap,Didgeridoo,Cleats,Pencil Sharpener,Bat,Bagpipes,Baseball,Forceps,Glove,Wind-Up Toy,Cap,Toilet Plunger,Cleats,Candy Cane,Bat,Sticky Notes Pad
Washing Dishes,Sponge,Microscope Slide,Dish Soap,Cake Dome,Dish,Torque Wrench,Scrub Brush,Pastry Brush,Dish Rack,Drumstick (chicken),Sponge,Centrifuge,Dish Soap,Springform Pan,Dish,Ramekin,Scrub Brush,Trophy,Dish Rack,Dough Hook,Sponge,Oscillating Tool,Dish Soap,Harpsichord,Dish,Canoe,Scrub Brush,Banjo,Dish Rack,Marbles,Sponge,Goblet,Dish Soap,Urn,Dish,Cloak,Scrub Brush,Toilet Plunger,Dish Rack,Stethoscope,Sponge,Pencil Sharpener,Dish Soap,Wire Stripper,Dish,Muumuu,Scrub Brush,Spats,Dish Rack,Tuba
Hammering a Nail,Hammer,Drumstick (chicken),Nail,Rowing Shell,Safety Goggles,Bird Nest,Workbench,Heat Gun,Pencil,Scythe,Hammer,Antlers,Nail,Specimen Jar,Safety Goggles,Vuvuzela,Workbench,Fez,Pencil,Giant Gummy Bear,Hammer,Tricycle,Nail,Forceps,Safety Goggles,Rubber Band Ball,Workbench,Monocle,Pencil,Tongue Depressor,Hammer,Submarine Periscope,Nail,Barrel,Safety Goggles,Corn on the Cob,Workbench,Bunsen Burner,Pencil,Throw Pillow,Hammer,Marionette,Nail,Cowl,Safety Goggles,Theremin,Workbench,Tumbleweed,Pencil,Sticky Notes Pad
Raking Leaves,Rake,Boomerang,Leaf Bag,Bread Maker,Leaves,Pie Bird,Gloves,Candelabra,Wheelbarrow,Monocle,Rake,Jawbreaker,Leaf Bag,Tape Dispenser,Leaves,Parka,Gloves,Nibbler,Wheelbarrow,Umbrella Stand,Rake,Driftwood,Leaf Bag,Ear Trumpet,Leaves,Sedan Chair,Gloves,Candy Floss,Wheelbarrow,Ruler,Rake,Canteen,Leaf Bag,Sticky Notes Pad,Leaves,Bunch of Bananas,Gloves,Fondue Pot,Wheelbarrow,Whole Salmon,Rake,Caulk Gun,Leaf Bag,Pommel Horse,Leaves,Plumb Bob,Gloves,Mannequin,Wheelbarrow,Ironing Board
