Activity Name,S1 Item1,S1 Sub1,S1 Item2,S1 Sub2,S1 Item3,S1 Sub3,S1 Item4,S1 Sub4,S1 Item5,S1 Sub5,S2 Item1,S2 Sub1,S2 Item2,S2 Sub2,S2 Item3,S2 Sub3,S2 Item4,S2 Sub4,S2 Item5,S2 Sub5,S3 Item1,S3 Sub1,S3 Item2,S3 Sub2,S3 Item3,S3 Sub3,S3 Item4,S3 Sub4,S3 Item5,S3 Sub5,S4 Item1,S4 Sub1,S4 Item2,S4 Sub2,S4 Item3,S4 Sub3,S4 Item4,S4 Sub4,S4 Item5,S4 Sub5,S5 Item1,S5 Sub1,S5 Item2,S5 Sub2,S5 Item3,S5 Sub3,S5 Item4,S5 Sub4,S5 Item5,S5 Sub5
Churning Butter,Churn,Banjo,Cream,Fossil,Paddle,Candy Floss,Butter Mold,Giant Gummy Bear,Cloth,Cauldron,Churn,Ventriloquist Dummy,Cream,Boomerang,Paddle,Sumo Belt,Butter Mold,Angle Grinder,Cloth,Bagpipes,Churn,Wheel of Cheese,Cream,Bocce Ball,Paddle,Lederhosen,Butter Mold,Chaise Longue,Cloth,Wire Stripper,Churn,Javelin,Cream,Recorder,Paddle,Didgeridoo,Butter Mold,Theremin,Cloth,Mannequin,Churn,Blimp,Cream,Geode,Paddle,Lathe,Butter Mold,Egg Separator,Cloth,Footstool
Tuning a Guitar,Guitar,Tumbleweed,Tuning Peg,Melon Baller,Pick,Dried Corn Husk,Capo,Binder Clip,Sheet Music,Pie Bird,Guitar,Forklift,Tuning Peg,Lederhosen,Pick,Polo Mallet,Capo,Plumb Bob,Sheet Music,Accordion,Guitar,Pinball Machine,Tuning Peg,Curling Stone,Pick,Tambourine,Capo,Jug,Sheet Music,Balance Beam,Guitar,Rickshaw,Tuning Peg,Cake Dome,Pick,Bunch of Bananas,Capo,Tin Snips,Sheet Music,Desk Calendar,Guitar,Microscope Slide,Tuning Peg,Egg Separator,Pick,Rivet Gun,Capo,Inbox Tray,Sheet Music,Pumice Stone
Soldering a Circuit,Soldering Iron,Vuvuzela,Solder,Typewriter,Circuit Board,Unicycle,Flux,Skip-It,Safety Goggles,Tutu,Soldering Iron,Candelabra,Solder,Lollipop,Circuit Board,Poncho,Flux,Nibbler,Safety Goggles,Boomerang,Soldering Iron,Test Tube,Solder,Bread Maker,Circuit Board,Ukulele,Flux,Fossil,Safety Goggles,Hula Hoop,Soldering Iron,Sundial,Solder,Forklift,Circuit Board,Hourglass,Flux,Maracas,Safety Goggles,Banjo,Soldering Iron,Gondola,Solder,Geode,Circuit Board,Slot Machine,Flux,Chalk Line,Safety Goggles,Spats
Laying Bricks,Trowel,Tuxedo Jacket,Wet Cement,Kilt,Brick,Maracas,Level,Melon Baller,Mortar,Geode,Trowel,Bread Maker,Wet Cement,Pitchfork,Brick,Bone Saw,Level,Paper Clip Chain,Mortar,Goblet,Trowel,Canoe,Wet Cement,Bunsen Burner,Brick,Reflex Hammer,Level,Lobster,Mortar,Cake Dome,Trowel,Churro,Wet Cement,Polo Mallet,Brick,Salad Spinner,Level,Muumuu,Mortar,Sticky Notes Pad,Trowel,Mandolin,Wet Cement,Wasp Nest,Brick,Tuba,Level,Megaphone,Mortar,Cotton Candy
Cracking a Safe,Stethoscope,Stepladder,Safe Door,Ukulele,Combination Dial,Inbox Tray,Flashlight,Chamberpot,Gloves,Bunch of Bananas,Stethoscope,Unicycle,Safe Door,Bone Saw,Combination Dial,Wasp Nest,Flashlight,Skeleton Sled,Gloves,Harpsichord,Stethoscope,Candy Cane,Safe Door,Lump of Coal,Combination Dial,Floor Lamp,Flashlight,Yo-Yo,Gloves,Discus,Stethoscope,Canteen,Safe Door,Wind-Up Toy,Combination Dial,Sousaphone,Flashlight,Pommel Horse,Gloves,Polo Mallet,Stethoscope,Drumstick (chicken),Safe Door,Corndog,Combination Dial,Wheel of Cheese,Flashlight,Test Tube,Gloves,Lederhosen
Shearing a Sheep,Shears,Correction Tape,Wool,Maracas,Bag,Spats,Comb,Pumice Stone,Clippers,Cask,Shears,Zither,Wool,Tricycle,Bag,Wheel of Cheese,Comb,Salad Spinner,Clippers,Gavel,Shears,Bunsen Burner,Wool,Blimp,Bag,Canoe,Comb,Bocce Ball,Clippers,Pinwheel,Shears,Jigsaw,Wool,Fondue Pot,Bag,Ironing Board,Comb,Javelin,Clippers,Submarine Periscope,Shears,Periscope,Wool,Scepter,Bag,Dough Hook,Comb,Pencil Sharpener,Clippers,Cowbell
Pressing Grapes,Barrel,Weather Vane,Grapes,Gramophone,Grape Juice,Segway,Bottle,Paper Clip Chain,Cork,Melon Baller,Barrel,Test Tube,Grapes,Bullhorn,Grape Juice,Pastry Brush,Bottle,Wheel of Cheese,Cork,Zamboni,Barrel,Decanter,Grapes,Oscillating Tool,Grape Juice,Tin Snips,Bottle,Gargoyle,Cork,Muumuu,Barrel,Cauldron,Grapes,Candy Floss,Grape Juice,Pinecone,Bottle,Stethoscope,Cork,Sombrero,Barrel,Lathe,Grapes,Tape Dispenser,Grape Juice,Tuba,Bottle,Cloak,Cork,Rivet Gun
Blacksmithing,Anvil,Bunch of Bananas,Tongs,Bellows,Hammer,Rickshaw,Apron,Balance Beam,Hot Metal,Xylophone,Anvil,Melon Baller,Tongs,Pitchfork,Hammer,Stapler,Apron,Skeleton Sled,Hot Metal,Tin Snips,Anvil,Bird Nest,Tongs,Tumbleweed,Hammer,Monocle,Apron,Beehive,Hot Metal,Vuvuzela,Anvil,Correction Tape,Tongs,Trophy,Hammer,Pretzel,Apron,Parallel Bar,Hot Metal,Corndog,Anvil,Kazoo,Tongs,Antlers,Hammer,Otoscope,Apron,Shuttlecock,Hot Metal,Sundial
Typing a Telegram,Telegraph Key,Puppet,Paper Tape,Sticky Notes Pad,Headset,Gargoyle,Codebook,Binder Clip,Ink,Reflex Hammer,Telegraph Key,Correction Tape,Paper Tape,Cask,Headset,Pogo Stick,Codebook,Ascot,Ink,Gramophone,Telegraph Key,Corndog,Paper Tape,Marbles,Headset,Throw Pillow,Codebook,Pipe Wrench,Ink,Stepladder,Telegraph Key,Gourd,Paper Tape,Catamaran,Headset,Specimen Jar,Codebook,Maracas,Ink,Amphora,Telegraph Key,Heat Gun,Paper Tape,Floor Lamp,Headset,Cotton Candy,Codebook,Snow Globe,Ink,Ruler
Using a Telescope,Telescope,Microscope Slide,Eyepiece,Spats,Star Chart,Slinky,Tripod,Whole Salmon,Lens Cover,Lederhosen,Telescope,Slot Machine,Eyepiece,Ascot,Star Chart,Cake Dome,Tripod,Hang Glider,Lens Cover,Street Sweeper,Telescope,Toilet Plunger,Eyepiece,Corn on the Cob,Star Chart,Fondue Pot,Tripod,Accordion,Lens Cover,Didgeridoo,Telescope,Kazoo,Eyepiece,Snorkel Mask,Star Chart,Lollipop,Tripod,Maracas,Lens Cover,Kaleidoscope,Telescope,Driftwood,Eyepiece,Salad Spinner,Star Chart,Oscillating Tool,Tripod,Chamberpot,Lens Cover,Unicycle
Taxidermy,Scalpel,Bobblehead,Hide,Specimen Jar,Form,Kayak,Pins,Compass,Glass Eyes,Paper Clip Chain,Scalpel,Rubber Duck,Hide,Accordion,Form,Curling Stone,Pins,Bucket,Glass Eyes,Fire Poker,Scalpel,Recorder,Hide,Centrifuge,Form,Skip-It,Pins,TV Remote,Glass Eyes,Cowl,Scalpel,Belt Sander,Hide,Polo Mallet,Form,Cowbell,Pins,Wind-Up Toy,Glass Eyes,Marionette,Scalpel,Cask,Hide,Corndog,Form,Test Tube,Pins,Salad Spinner,Glass Eyes,Rivet Gun
Falconry,Glove,Bagpipes,Falcon,Tin Snips,Hood,Skeleton Sled,Jesses,Salad Spinner,Lure,Candelabra,Glove,Lobster,Falcon,Lump of Coal,Hood,Cauldron,Jesses,Sedan Chair,Lure,Harpsichord,Glove,Urn,Falcon,Dried Corn Husk,Hood,Giant Gummy Bear,Jesses,Tricycle,Lure,Stapler,Glove,Door Knocker,Falcon,Binder Clip,Hood,Forceps,Jesses,Churro,Lure,Catamaran,Glove,Nibbler,Falcon,Keg,Hood,Pinecone,Jesses,Decanter,Lure,Petri Dish
Cooper Making a Barrel,Stave,Fire Poker,Hoop Driver,Lollipop,Hammer,Door Stopper,Plane,Puppet,Croze,Canteen,Stave,Hurdle,Hoop Driver,Kaleidoscope,Hammer,Wind-Up Toy,Plane,Cowl,Croze,Geode,Stave,Xylophone,Hoop Driver,Bucket,Hammer,Ascot,Plane,Jump Rope,Croze,Whole Salmon,Stave,Test Tube,Hoop Driver,Dried Corn Husk,Hammer,Cloak,Plane,Pretzel,Croze,Tape Dispenser,Stave,Watermelon,Hoop Driver,Floor Lamp,Hammer,Gargoyle,Plane,Pommel Horse,Croze,Footstool
Farriery,Hoof Pick,Rivet Gun,Rasp,Pitchfork,Nails,Pinecone,Anvil,Frisbee,Hammer,Street Sweeper,Hoof Pick,Periscope,Rasp,Segway,Nails,Yo-Yo,Anvil,Petri Dish,Hammer,Flask,Hoof Pick,Wheel of Cheese,Rasp,Goblet,Nails,Unicycle,Anvil,Pinwheel,Hammer,Barrel,Hoof Pick,Bone Saw,Rasp,Stethoscope,Nails,Bongo Drum,Anvil,Kilt,Hammer,Marionette,Hoof Pick,Zither,Rasp,Caulk Gun,Nails,Mannequin,Anvil,Catamaran,Hammer,Slinky
Saddlery,Awl,Candy Apple,Saddle,Bobsled,Thread,Rickshaw,Needle,Tape Dispenser,Mallet,Lederhosen,Awl,Muumuu,Saddle,Mandolin,Thread,Pommel Horse,Needle,Door Stopper,Mallet,Wasp Nest,Awl,Polo Mallet,Saddle,Microscope Slide,Thread,TV Remote,Needle,Cloak,Mallet,Cherry Pitter,Awl,Ramekin,Saddle,Harpsichord,Thread,Parallel Bar,Needle,Inbox Tray,Mallet,Fondue Pot,Awl,Reflex Hammer,Saddle,Wire Stripper,Thread,Cowbell,Needle,Pinwheel,Mallet,Cake Dome
Harness Making,Leather,Tuxedo Jacket,Awl,Bellows,Thread,Stalagtite,Needle,Canoe,Punch,Shuttlecock,Leather,Curling Stone,Awl,Hang Glider,Thread,Sombrero,Needle,Nibbler,Punch,Torque Wrench,Leather,Sand Dollar,Awl,Geode,Thread,Anvil,Needle,Candy Apple,Punch,Ramekin,Leather,Pretzel,Awl,Bird Nest,Thread,Banjo,Needle,Bullhorn,Punch,Hula Hoop,Leather,Forklift,Awl,Candelabra,Thread,Lute,Needle,Wheel of Cheese,Punch,Pinecone
Fletching Arrows,Shaft,Zamboni,Fletch,Pastry Brush,Glue,Churro,Jig,Tongue Depressor,Nock,Giant Gummy Bear,Shaft,Butter Dish,Fletch,Parallel Bar,Glue,Slinky,Jig,Desk Calendar,Nock,Spinning Top,Shaft,Whole Salmon,Fletch,Sextant,Glue,Lathe,Jig,Belt Sander,Nock,Puppet,Shaft,Slot Machine,Fletch,Jug,Glue,Coat Rack,Jig,Chamberpot,Nock,Compass,Shaft,Angle Grinder,Fletch,Clam Shell,Glue,Marbles,Jig,Pipe Wrench,Nock,Rubber Duck
Bowyer Work,Stave,Letter Opener,Drawknife,Rickshaw,Tillering Stick,Polo Mallet,Brace Height Gauge,Door Stopper,String,Caulk Gun,Stave,Bobblehead,Drawknife,Shuttlecock,Tillering Stick,Sundial,Brace Height Gauge,Toilet Plunger,String,Catamaran,Stave,Bellhop Cart,Drawknife,Chalice,Tillering Stick,Kazoo,Brace Height Gauge,Gramophone,String,Pipe Wrench,Stave,Whole Pineapple,Drawknife,Floor Lamp,Tillering Stick,Puppet,Brace Height Gauge,Bone Saw,String,Maracas,Stave,Snow Globe,Drawknife,Flask,Tillering Stick,Pinball Machine,Brace Height Gauge,TV Remote,String,Totem Pole
Wattle and Daub,Hazel Rods,Bunch of Bananas,Daub,Kayak,Trowel,Hole Punch,Float,Pommel Horse,Gloves,Bobblehead,Hazel Rods,Plumb Bob,Daub,Cask,Trowel,Stapler,Float,Keg,Gloves,Lute,Hazel Rods,Paper Clip Chain,Daub,Rivet Gun,Trowel,Lump of Coal,Float,Toilet Plunger,Gloves,Urn,Hazel Rods,Pencil Sharpener,Daub,Accordion,Trowel,Ear Trumpet,Float,Shot Put,Gloves,Tongue Depressor,Hazel Rods,Corn on the Cob,Daub,Cowl,Trowel,Street Sweeper,Float,Discus,Gloves,Candy Apple
Cob Building,Cob Mix,Whole Pineapple,Trowel,Desk Calendar,Float,Submarine Periscope,Gloves,Hole Punch,Bucket,Shot Put,Cob Mix,Specimen Jar,Trowel,Microscope Slide,Float,Caulk Gun,Gloves,Rubber Band Ball,Bucket,Ramekin,Cob Mix,Reflex Hammer,Trowel,Tape Dispenser,Float,Flask,Gloves,Pie Bird,Bucket,Sombrero,Cob Mix,Torque Wrench,Trowel,Sextant,Float,Mandolin,Gloves,Kayak,Bucket,Cowl,Cob Mix,Bunsen Burner,Trowel,Bread Maker,Float,Lacrosse Stick,Gloves,Whole Salmon,Bucket,Cowbell
Adobe Making,Adobe Mix,Cauldron,Mold,Flask,Trowel,Urn,Gloves,Bunsen Burner,Bucket,Gramophone,Adobe Mix,Skeleton Sled,Mold,Wire Stripper,Trowel,Oscillating Tool,Gloves,Bagpipes,Bucket,Canoe,Adobe Mix,Luge,Mold,Shot Put,Trowel,Desk Calendar,Gloves,Gondola,Bucket,Rivet Gun,Adobe Mix,Slinky,Mold,Thermos,Trowel,Lollipop,Gloves,Street Sweeper,Bucket,Corn on the Cob,Adobe Mix,Binder Clip,Mold,Correction Tape,Trowel,Spinning Top,Gloves,Throw Pillow,Bucket,Rickshaw
Rammed Earth,Earth,Umbrella Stand,Rammer,Unicycle,Formwork,Belt Sander,Gloves,Bagpipes,Bucket,Cask,Earth,Luge,Rammer,Lute,Formwork,Bongo Drum,Gloves,Bread Maker,Bucket,Salad Spinner,Earth,Heat Gun,Rammer,Ironing Board,Formwork,Kaleidoscope,Gloves,Lederhosen,Bucket,Pince-Nez,Earth,Chalk Line,Rammer,Cake Dome,Formwork,Pastry Brush,Gloves,Centrifuge,Bucket,Drumstick (chicken),Earth,Bobblehead,Rammer,Skip-It,Formwork,Beehive,Gloves,Accordion,Bucket,Wheel of Cheese
Straw Bale Building,Bale,Hula Hoop,Pins,Ramekin,Render,Trophy,Trowel,Anvil,Gloves,Test Tube,Bale,Urn,Pins,Zither,Render,Blimp,Trowel,Flask,Gloves,Bobsled,Bale,Puppet,Pins,Fire Poker,Render,Pitchfork,Trowel,Boomerang,Gloves,Desk Calendar,Bale,Cask,Pins,Pommel Horse,Render,Snow Globe,Trowel,Egg Separator,Gloves,Sedan Chair,Bale,Correction Tape,Pins,Thermos,Render,Salad Spinner,Trowel,Paper Clip Chain,Gloves,Dough Hook
Cordwaining,Last,Rivet Gun,Awl,Tape Dispenser,Thread,Watermelon,Needle,Bellows,Hammer,Kite,Last,Salad Spinner,Awl,Belt Sander,Thread,Bullhorn,Needle,Abacus,Hammer,Antlers,Last,Lute,Awl,Sumo Belt,Thread,Snow Globe,Needle,Zamboni,Hammer,Hazmat Suit,Last,Submarine Periscope,Awl,Pencil Sharpener,Thread,Pinwheel,Needle,Churro,Hammer,Springform Pan,Last,Fossil,Awl,Tricycle,Thread,Vuvuzela,Needle,Wheel of Cheese,Hammer,Tumbleweed
Clog Making,Wood Block,Yo-Yo,Adze,Street Sweeper,Gouge,Zamboni,Rasp,Xylophone,Knife,Salad Spinner,Wood Block,Discus,Adze,Cask,Gouge,Retractor,Rasp,Reflex Hammer,Knife,Gavel,Wood Block,Javelin,Adze,Lobster,Gouge,Fez,Rasp,Tricycle,Knife,Jigsaw,Wood Block,Bird Nest,Adze,Fossil,Gouge,Sundial,Rasp,Dried Corn Husk,Knife,Tutu,Wood Block,Sextant,Adze,Gourd,Gouge,Dough Hook,Rasp,Bucket,Knife,Petri Dish
Patternmaking,Paper,Jug,Ruler,Tuxedo Jacket,Pencil,Bucket,Scissors,Salad Spinner,Pins,Giant Gummy Bear,Paper,Curling Stone,Ruler,Tin Snips,Pencil,Fossil,Scissors,Jump Rope,Pins,Canoe,Paper,Cotton Candy,Ruler,Sombrero,Pencil,Chaise Longue,Scissors,Binder Clip,Pins,Scepter,Paper,Gravy Boat,Ruler,Gramophone,Pencil,Stapler,Scissors,Decanter,Pins,Microscope Slide,Paper,Tutu,Ruler,Pretzel,Pencil,Street Sweeper,Scissors,Beehive,Pins,Bellows
Tailoring,Fabric,Puppet,Shears,Antlers,Needle,Petri Dish,Thread,Corndog,Thimble,Cask,Fabric,Bocce Ball,Shears,Sticky Notes Pad,Needle,Lathe,Thread,Thermos,Thimble,Paperweight,Fabric,Chalice,Shears,Theremin,Needle,Fire Poker,Thread,Pitchfork,Thimble,Kaleidoscope,Fabric,Zither,Shears,Gondola,Needle,Rowing Shell,Thread,Slot Machine,Thimble,Reflex Hammer,Fabric,Tongue Depressor,Shears,Discus,Needle,Lump of Coal,Thread,Compass,Thimble,Floor Lamp
Hatmaking,Block,Belt Sander,Felt,Reflex Hammer,Steam,Gavel,Pins,Shuttlecock,Ribbon,Skeleton Sled,Block,Barrel,Felt,Chalk Line,Steam,Rickshaw,Pins,Lathe,Ribbon,Microscope Slide,Block,Cloak,Felt,Submarine Periscope,Steam,Slot Machine,Pins,Kilt,Ribbon,Pie Bird,Block,Butter Dish,Felt,Pencil Sharpener,Steam,Rubber Band Ball,Pins,Polo Mallet,Ribbon,Sextant,Block,Chalice,Felt,Wind-Up Toy,Steam,Sedan Chair,Pins,Floor Lamp,Ribbon,Pince-Nez
Glovemaking,Leather,Javelin,Pattern,Harpsichord,Scissors,Pommel Horse,Needle,Hazmat Suit,Thread,Hula Hoop,Leather,Lute,Pattern,Plumb Bob,Scissors,Sand Dollar,Needle,Luge,Thread,Kaleidoscope,Leather,Jump Rope,Pattern,Periscope,Scissors,Pinwheel,Needle,Tumbleweed,Thread,Bread Maker,Leather,Bone Saw,Pattern,Giant Gummy Bear,Scissors,Tambourine,Needle,Gavel,Thread,Ventriloquist Dummy,Leather,Driftwood,Pattern,Door Stopper,Scissors,Goblet,Needle,Pince-Nez,Thread,Shot Put
Cordage Making,Fiber,Sedan Chair,Clamp,Yo-Yo,Spindle,Desk Calendar,Scissors,Giant Gummy Bear,Ruler,Petri Dish,Fiber,Barrel,Clamp,Unicycle,Spindle,Cherry Pitter,Scissors,Springform Pan,Ruler,Ukulele,Fiber,Maracas,Clamp,Didgeridoo,Spindle,Weather Vane,Scissors,Bunch of Bananas,Ruler,Banjo,Fiber,Egg Separator,Clamp,Parallel Bar,Spindle,Harpsichord,Scissors,Footstool,Ruler,Urn,Fiber,Tumbleweed,Clamp,Binder Clip,Spindle,Kayak,Scissors,Blimp,Ruler,Chalice
Net Mending,Twine,Bongo Drum,Needle,Curling Stone,Gauge,Pogo Stick,Scissors,Torque Wrench,Rope,Weather Vane,Twine,Stepladder,Needle,Door Stopper,Gauge,Bunch of Bananas,Scissors,Test Tube,Rope,Parallel Bar,Twine,Pinball Machine,Needle,Bocce Ball,Gauge,Bread Maker,Scissors,Chalice,Rope,Canteen,Twine,Retractor,Needle,Lobster,Gauge,Rickshaw,Scissors,Vuvuzela,Rope,Lollipop,Twine,Accordion,Needle,Desk Calendar,Gauge,Cloak,Scissors,Kilt,Rope,Megaphone
Sail Mending,Canvas,Tape Dispenser,Palm,Snorkel Mask,Needle,Wire Stripper,Thread,Binder Clip,Scissors,Pogo Stick,Canvas,Forceps,Palm,Fossil,Needle,Mandolin,Thread,Dough Hook,Scissors,Door Knocker,Canvas,Springform Pan,Palm,Harpsichord,Needle,Flask,Thread,Dried Corn Husk,Scissors,Gavel,Canvas,Maracas,Palm,Petri Dish,Needle,Anvil,Thread,Desk Calendar,Scissors,Nibbler,Canvas,Kaleidoscope,Palm,Rowing Shell,Needle,Submarine Periscope,Thread,Correction Tape,Scissors,Garlic Press
Rope Splicing,Rope,Lump of Coal,Marlin Spike,Dried Corn Husk,Tape,Xylophone,Scissors,Jug,Seizing,Butter Dish,Rope,Reflex Hammer,Marlin Spike,Candelabra,Tape,Snorkel Mask,Scissors,Jigsaw,Seizing,Chalk Line,Rope,Pinecone,Marlin Spike,Geode,Tape,Slot Machine,Scissors,Stapler,Seizing,Rubber Band Ball,Rope,Oscillating Tool,Marlin Spike,Canteen,Tape,Hole Punch,Scissors,Pommel Horse,Seizing,Jawbreaker,Rope,Sextant,Marlin Spike,Antlers,Tape,Dough Hook,Scissors,Mandolin,Seizing,Drumstick (chicken)
Block Splicing,Block,Weather Vane,Rope,Tumbleweed,Marlin Spike,Chalk Line,Tape,Spinning Top,Scissors,Baguette,Block,Boomerang,Rope,Hazmat Suit,Marlin Spike,Pinecone,Tape,Bunsen Burner,Scissors,Stapler,Block,Bread Maker,Rope,Floor Lamp,Marlin Spike,Jug,Tape,Gummy Worm,Scissors,Coat Rack,Block,Lollipop,Rope,Megaphone,Marlin Spike,Tricycle,Tape,Belt Sander,Scissors,Marbles,Block,Microscope Slide,Rope,Bobsled,Marlin Spike,Tongue Depressor,Tape,Hurdle,Scissors,Pith Helmet
Eye Splicing,Rope,Slinky,Marlin Spike,Sand Dollar,Tape,Flask,Scissors,Cowl,Seizing,Anvil,Rope,Fez,Marlin Spike,Totem Pole,Tape,Chaise Longue,Scissors,Microscope Slide,Seizing,Springform Pan,Rope,Egg Separator,Marlin Spike,Forklift,Tape,Ascot,Scissors,Curling Stone,Seizing,Drumstick (chicken),Rope,Cloak,Marlin Spike,Inbox Tray,Tape,Skip-It,Scissors,Throw Pillow,Seizing,Weather Vane,Rope,Catamaran,Marlin Spike,Clam Shell,Tape,Floor Lamp,Scissors,Decanter,Seizing,Zither
Whipping a Rope,Rope,Hole Punch,Twine,Sundial,Needle,Antlers,Scissors,Rubber Band Ball,Tape,Tuba,Rope,Watermelon,Twine,Tricycle,Needle,Bagpipes,Scissors,Umbrella Stand,Tape,Pinecone,Rope,Pumice Stone,Twine,Hula Hoop,Needle,Megaphone,Scissors,Yo-Yo,Tape,Parallel Bar,Rope,Paperweight,Twine,Rubber Duck,Needle,Lobster,Scissors,Heat Gun,Tape,Rivet Gun,Rope,Cherry Pitter,Twine,Driftwood,Needle,Sedan Chair,Scissors,Bone Saw,Tape,Jack-in-the-Box
Serving a Rope,Rope,Snow Globe,Serving Mallet,Kazoo,Twine,Egg Separator,Scissors,Gourd,Tape,Cotton Candy,Rope,TV Remote,Serving Mallet,Spats,Twine,Pinball Machine,Scissors,Hourglass,Tape,Parallel Bar,Rope,Recorder,Serving Mallet,Polo Mallet,Twine,Marionette,Scissors,Canteen,Tape,Pipe Wrench,Rope,Tutu,Serving Mallet,Discus,Twine,Bucket,Scissors,Tumbleweed,Tape,Bread Maker,Rope,Ear Trumpet,Serving Mallet,Candy Apple,Twine,Poncho,Scissors,Coat Rack,Tape,Vuvuzela
Parcelling a Rope,Rope,Toilet Plunger,Canvas,Fossil,Tar,Drumstick (chicken),Scissors,Beehive,Tape,Keg,Rope,Frisbee,Canvas,Bobsled,Tar,Curling Stone,Scissors,Gavel,Tape,Candy Cane,Rope,Bocce Ball,Canvas,Tuxedo Jacket,Tar,Melon Baller,Scissors,Bellows,Tape,Caulk Gun,Rope,Ironing Board,Canvas,Cake Dome,Tar,Ukulele,Scissors,Pith Helmet,Tape,Wheel of Cheese,Rope,Wind-Up Toy,Canvas,Kazoo,Tar,Churro,Scissors,Dough Hook,Tape,Microscope Slide
Worming a Rope,Rope,Wind-Up Toy,Twine,Scythe,Scissors,Umbrella Stand,Tape,Tuba,Seizing,Ironing Board,Rope,Fondue Pot,Twine,Candy Floss,Scissors,Beehive,Tape,Giant Gummy Bear,Seizing,Tumbleweed,Rope,Rubber Band Ball,Twine,Whole Pineapple,Scissors,Pipe Wrench,Tape,Shuttlecock,Seizing,Spinning Top,Rope,Bongo Drum,Twine,Lute,Scissors,Pince-Nez,Tape,Forklift,Seizing,Megaphone,Rope,Tape Dispenser,Twine,Reflex Hammer,Scissors,Ear Trumpet,Tape,Flask,Seizing,Pencil Sharpener
Making Oakum,Hemp,Marbles,Tar,Springform Pan,Mallet,Pinwheel,Gloves,Jump Rope,Bucket,Gondola,Hemp,Theremin,Tar,Pie Bird,Mallet,Chalk Line,Gloves,Wheel of Cheese,Bucket,Gargoyle,Hemp,Kaleidoscope,Tar,Shot Put,Mallet,Inbox Tray,Gloves,Tape Dispenser,Bucket,Parallel Bar,Hemp,Correction Tape,Tar,Poncho,Mallet,Dried Corn Husk,Gloves,Watermelon,Bucket,Forklift,Hemp,Compass,Tar,Bobsled,Mallet,Tin Snips,Gloves,Candelabra,Bucket,Slinky
Caulking a Boat,Caulking Iron,Floor Lamp,Mallet,Slot Machine,Oakum,Letter Opener,Pot,Reflex Hammer,Gloves,Wind-Up Toy,Caulking Iron,Hourglass,Mallet,Ventriloquist Dummy,Oakum,Corndog,Pot,Forklift,Gloves,Torque Wrench,Caulking Iron,Test Tube,Mallet,Cowl,Oakum,Pommel Horse,Pot,Goblet,Gloves,Pinwheel,Caulking Iron,Retractor,Mallet,Accordion,Oakum,Anvil,Pot,Typewriter,Gloves,Fossil,Caulking Iron,Sextant,Mallet,Zither,Oakum,Lacrosse Stick,Pot,Ramekin,Gloves,Tambourine
Paying a Seam,Ladle,Sedan Chair,Pitch,Frisbee,Brush,Muumuu,Pot,Bellows,Gloves,Canteen,Ladle,Trophy,Pitch,Reflex Hammer,Brush,Forceps,Pot,Recorder,Gloves,Plumb Bob,Ladle,Otoscope,Pitch,Tape Dispenser,Brush,Forklift,Pot,Cowbell,Gloves,Sea Urchin,Ladle,Dough Hook,Pitch,Lobster,Brush,Whole Pineapple,Pot,Marionette,Gloves,Tutu,Ladle,Pastry Brush,Pitch,Coat Rack,Brush,Watermelon,Pot,Bocce Ball,Gloves,Desk Calendar
Coppering a Hull,Sheet,Kazoo,Nails,Driftwood,Hammer,Stalagtite,Tacks,Corn on the Cob,Gloves,Parka,Sheet,Scythe,Nails,Wind-Up Toy,Hammer,Bellows,Tacks,Wheel of Cheese,Gloves,Skip-It,Sheet,Hula Hoop,Nails,Barrel,Hammer,Sombrero,Tacks,Kite,Gloves,Harpsichord,Sheet,Reflex Hammer,Nails,Gondola,Hammer,Pince-Nez,Tacks,Lobster,Gloves,Kaleidoscope,Sheet,Test Tube,Nails,Catamaran,Hammer,Trophy,Tacks,Candy Floss,Gloves,Ruler
Splicing a Wire,Wire,Marionette,Marlin Spike,Rubber Duck,Pliers,Dried Corn Husk,Tape,Umbrella Stand,Seizing,Tin Snips,Wire,Chamberpot,Marlin Spike,Mannequin,Pliers,Pie Bird,Tape,Tuba,Seizing,Luge,Wire,Canteen,Marlin Spike,Gargoyle,Pliers,Scepter,Tape,Snorkel Mask,Seizing,Mandolin,Wire,Petri Dish,Marlin Spike,Tongue Depressor,Pliers,Jug,Tape,Spinning Top,Seizing,Pinwheel,Wire,Sedan Chair,Marlin Spike,Candelabra,Pliers,Rickshaw,Tape,Puppet,Seizing,Springform Pan
Rigging a Block,Block,Banjo,Rope,Cauldron,Shackle,Jawbreaker,Seizing,Door Stopper,Knife,Plumb Bob,Block,Chalk Line,Rope,Driftwood,Shackle,Sea Urchin,Seizing,Kite,Knife,Drumstick (chicken),Block,Jigsaw,Rope,Dogsledge,Shackle,Urn,Seizing,Sumo Belt,Knife,Gondola,Block,Yo-Yo,Rope,Bagpipes,Shackle,Ventriloquist Dummy,Seizing,Kazoo,Knife,Ruler,Block,Gummy Worm,Rope,Kaleidoscope,Shackle,Barrel,Seizing,Cherry Pitter,Knife,Zither
Reving a Block,Block,Polo Mallet,Rope,Tin Snips,Marlin Spike,Driftwood,Seizing,Whole Salmon,Knife,Jack-in-the-Box,Block,Snow Globe,Rope,Chalk Line,Marlin Spike,Antlers,Seizing,Jug,Knife,Canteen,Block,Thermos,Rope,Canoe,Marlin Spike,Boomerang,Seizing,Parallel Bar,Knife,Pinecone,Block,Gramophone,Rope,Reflex Hammer,Marlin Spike,Egg Separator,Seizing,Banjo,Knife,Rubber Duck,Block,Desk Calendar,Rope,Slinky,Marlin Spike,Mandolin,Seizing,Lederhosen,Knife,Frisbee
Serving a Wire,Wire,Pince-Nez,Serving Mallet,Pommel Horse,Twine,Luge,Scissors,Skeleton Sled,Tape,Dried Corn Husk,Wire,Rubber Duck,Serving Mallet,Driftwood,Twine,Spinning Top,Scissors,Hurdle,Tape,Bullhorn,Wire,Fez,Serving Mallet,Bird Nest,Twine,Decanter,Scissors,Skip-It,Tape,Oscillating Tool,Wire,Bunch of Bananas,Serving Mallet,Lacrosse Stick,Twine,Polo Mallet,Scissors,Monocle,Tape,Cotton Candy,Wire,Ironing Board,Serving Mallet,Whole Salmon,Twine,Desk Calendar,Scissors,Tongue Depressor,Tape,Lump of Coal
Making a Deadeye,Wood,Barrel,Drill,Jump Rope,Chisel,Drumstick (chicken),Rasp,Whole Pineapple,Sandpaper,Rubber Band Ball,Wood,Keg,Drill,Hula Hoop,Chisel,Pastry Brush,Rasp,Otoscope,Sandpaper,Candy Floss,Wood,Garlic Press,Drill,Giant Gummy Bear,Chisel,Didgeridoo,Rasp,Corn on the Cob,Sandpaper,Megaphone,Wood,Ear Trumpet,Drill,Fire Poker,Chisel,Kaleidoscope,Rasp,Marionette,Sandpaper,Bunch of Bananas,Wood,Watermelon,Drill,Melon Baller,Chisel,Balance Beam,Rasp,Trophy,Sandpaper,Pretzel
Making a Cleat,Wood,Hourglass,Saw,Binder Clip,Drill,Churro,Chisel,Trophy,Rasp,Sousaphone,Wood,Gourd,Saw,Kite,Drill,Unicycle,Chisel,Pogo Stick,Rasp,Dough Hook,Wood,Kayak,Saw,Discus,Drill,Zither,Chisel,Nibbler,Rasp,Tambourine,Wood,Pommel,Saw,Corndog,Drill,Jump Rope,Chisel,Torque Wrench,Rasp,Bunch of Bananas,Wood,Ascot,Saw,Centrifuge,Drill,Bird Nest,Chisel,Parallel Bar,Rasp,Watermelon
Making a Belaying Pin,Wood,Jigsaw,Lathe,Ventriloquist Dummy,Chisel,Vuvuzela,Rasp,Ruler,Sandpaper,Stepladder,Wood,Pogo Stick,Lathe,Cotton Candy,Chisel,Forklift,Rasp,Corndog,Sandpaper,Anvil,Wood,Desk Calendar,Lathe,Jawbreaker,Chisel,Bullhorn,Rasp,Bucket,Sandpaper,Bellhop Cart,Wood,Ear Trumpet,Lathe,Segway,Chisel,Spinning Top,Rasp,Candy Cane,Sandpaper,Ramekin,Wood,Tuxedo Jacket,Lathe,Mannequin,Chisel,Candy Apple,Rasp,Frisbee,Sandpaper,Pastry Brush
Making a Block,Wood,Nibbler,Saw,Heat Gun,Drill,Pith Helmet,Chisel,Pastry Brush,Rasp,Letter Opener,Wood,Blimp,Saw,Stethoscope,Drill,Tricycle,Chisel,Bellows,Rasp,Ventriloquist Dummy,Wood,Wasp Nest,Saw,Stalagtite,Drill,Tongue Depressor,Chisel,Polo Mallet,Rasp,Periscope,Wood,Segway,Saw,Kaleidoscope,Drill,Tape Dispenser,Chisel,Pogo Stick,Rasp,Bellhop Cart,Wood,Pommel Horse,Saw,Clam Shell,Drill,Cauldron,Chisel,Butter Dish,Rasp,Sextant
Making a Sheave,Wood,Marionette,Lathe,Harpsichord,Chisel,Banjo,Rasp,Sousaphone,Sandpaper,Kite,Wood,Fossil,Lathe,Beret,Chisel,Watermelon,Rasp,Marbles,Sandpaper,Pretzel,Wood,Compass,Lathe,Pastry Brush,Chisel,Keg,Rasp,Tumbleweed,Sandpaper,Bocce Ball,Wood,Corndog,Lathe,Snorkel Mask,Chisel,TV Remote,Rasp,Balance Beam,Sandpaper,Ukulele,Wood,Recorder,Lathe,Theremin,Chisel,Bongo Drum,Rasp,Baguette,Sandpaper,Chamberpot
Making a Fid,Wood,Snow Globe,Lathe,Bongo Drum,Chisel,Frisbee,Rasp,Tin Snips,Sandpaper,Trophy,Wood,Centrifuge,Lathe,Floor Lamp,Chisel,Kilt,Rasp,Bullhorn,Sandpaper,Microscope Slide,Wood,Bread Maker,Lathe,Throw Pillow,Chisel,Whole Pineapple,Rasp,Pinecone,Sandpaper,Toilet Plunger,Wood,Melon Baller,Lathe,Megaphone,Chisel,Garlic Press,Rasp,Antlers,Sandpaper,Submarine Periscope,Wood,Bagpipes,Lathe,Oscillating Tool,Chisel,Dough Hook,Rasp,Sticky Notes Pad,Sandpaper,Fire Poker
Making a Marlin Spike,Steel,Compass,Forge,Ramekin,Hammer,Reflex Hammer,Anvil,Candelabra,Rasp,Skeleton Sled,Steel,Petri Dish,Forge,Lobster,Hammer,Chaise Longue,Anvil,Ascot,Rasp,Tutu,Steel,Rivet Gun,Forge,Boomerang,Hammer,Inbox Tray,Anvil,Cotton Candy,Rasp,Pumice Stone,Steel,Megaphone,Forge,Rickshaw,Hammer,Stalagtite,Anvil,Stapler,Rasp,Canteen,Steel,Binder Clip,Forge,Slinky,Hammer,Ukulele,Anvil,Vuvuzela,Rasp,Pinball Machine
Making a Seam Rubber,Wood,Hang Glider,Rasp,Ventriloquist Dummy,Sandpaper,Pretzel,Cloth,Cake Dome,Varnish,Muumuu,Wood,Pith Helmet,Rasp,Rubber Band Ball,Sandpaper,Compass,Cloth,Stepladder,Varnish,Ironing Board,Wood,Forceps,Rasp,Jack-in-the-Box,Sandpaper,Snorkel Mask,Cloth,Bunch of Bananas,Varnish,Dogsledge,Wood,Slinky,Rasp,Nibbler,Sandpaper,Footstool,Cloth,Kaleidoscope,Varnish,Cowbell,Wood,Paper Clip Chain,Rasp,Cherry Pitter,Sandpaper,Sextant,Cloth,Cask,Varnish,Clam Shell
Making a Caulking Mallet,Wood,Rubber Band Ball,Saw,Trophy,Drill,Pince-Nez,Chisel,Zamboni,Rasp,Candelabra,Wood,Torque Wrench,Saw,Pinball Machine,Drill,Barrel,Chisel,Harpsichord,Rasp,Vuvuzela,Wood,Lump of Coal,Saw,Recorder,Drill,Wasp Nest,Chisel,Snorkel Mask,Rasp,Tongue Depressor,Wood,TV Remote,Saw,Sticky Notes Pad,Drill,Dough Hook,Chisel,Cotton Candy,Rasp,Bellhop Cart,Wood,Mannequin,Saw,Ear Trumpet,Drill,Amphora,Chisel,Flask,Rasp,Chaise Longue
Making a Serving Mallet,Wood,Tuba,Saw,Melon Baller,Drill,Cowbell,Chisel,Jawbreaker,Rasp,Gravy Boat,Wood,Theremin,Saw,Blimp,Drill,Salad Spinner,Chisel,Churro,Rasp,Antlers,Wood,Gourd,Saw,Lollipop,Drill,Cloak,Chisel,Wire Stripper,Rasp,Ukulele,Wood,Angle Grinder,Saw,Kayak,Drill,Candy Apple,Chisel,Tricycle,Rasp,Kaleidoscope,Wood,Parallel Bar,Saw,Whole Pineapple,Drill,Tutu,Chisel,Catamaran,Rasp,Trophy
Coopering,Stave,Pommel Horse,Hoop,Kaleidoscope,Driver,Lathe,Hammer,Kayak,Plane,Paper Clip Chain,Stave,Ruler,Hoop,Kazoo,Driver,Accordion,Hammer,Lacrosse Stick,Plane,Sand Dollar,Stave,Otoscope,Hoop,Lobster,Driver,Pith Helmet,Hammer,Cloak,Plane,Banjo,Stave,Vuvuzela,Hoop,Sombrero,Driver,Flask,Hammer,Candy Cane,Plane,Pumice Stone,Stave,Bongo Drum,Hoop,Chamberpot,Driver,Candy Apple,Hammer,Pretzel,Plane,Corn on the Cob
Swaging,Swage Block,Ukulele,Hammer,Cake Dome,Tongs,Antlers,Anvil,Hula Hoop,Punch,Bone Saw,Swage Block,Slot Machine,Hammer,Gargoyle,Tongs,Petri Dish,Anvil,Spats,Punch,Stalagtite,Swage Block,Fossil,Hammer,Pogo Stick,Tongs,Chaise Longue,Anvil,Correction Tape,Punch,Wind-Up Toy,Swage Block,Maracas,Hammer,Corn on the Cob,Tongs,Skip-It,Anvil,Melon Baller,Punch,Barrel,Swage Block,Javelin,Hammer,Keg,Tongs,Zither,Anvil,Bunch of Bananas,Punch,Abacus
Drifting,Drift,Cloak,Hammer,Melon Baller,Anvil,Ear Trumpet,Tongs,Slinky,Punch,Sand Dollar,Drift,Sextant,Hammer,Tape Dispenser,Anvil,Parallel Bar,Tongs,Gondola,Punch,Kaleidoscope,Drift,Javelin,Hammer,Nibbler,Anvil,Bunsen Burner,Tongs,Fire Poker,Punch,Bobblehead,Drift,Caulk Gun,Hammer,Door Stopper,Anvil,Muumuu,Tongs,Zamboni,Punch,Bellows,Drift,Toilet Plunger,Hammer,Cake Dome,Anvil,Harpsichord,Tongs,Periscope,Punch,Chalk Line
Punching,Punch,Chamberpot,Hammer,Drumstick (chicken),Anvil,Door Stopper,Tongs,Street Sweeper,Hot Metal,Plumb Bob,Punch,Gargoyle,Hammer,Retractor,Anvil,Chalice,Tongs,Gummy Worm,Hot Metal,Toilet Plunger,Punch,Sticky Notes Pad,Hammer,Fez,Anvil,Reflex Hammer,Tongs,Abacus,Hot Metal,Gramophone,Punch,Pince-Nez,Hammer,Correction Tape,Anvil,Bellows,Tongs,Corndog,Hot Metal,Chalk Line,Punch,Frisbee,Hammer,Specimen Jar,Anvil,Accordion,Tongs,Fire Poker,Hot Metal,Stalagtite
Slitting,Slitter,Rowing Shell,Hammer,Sextant,Anvil,Clam Shell,Tongs,Curling Stone,Hot Metal,Reflex Hammer,Slitter,Gondola,Hammer,Chalice,Anvil,Pencil Sharpener,Tongs,Tongue Depressor,Hot Metal,Pommel Horse,Slitter,Pogo Stick,Hammer,Hang Glider,Anvil,Fez,Tongs,Luge,Hot Metal,Lump of Coal,Slitter,Drumstick (chicken),Hammer,Umbrella Stand,Anvil,Hourglass,Tongs,Jawbreaker,Hot Metal,Bread Maker,Slitter,Rivet Gun,Hammer,Floor Lamp,Anvil,Shuttlecock,Tongs,Cotton Candy,Hot Metal,Rickshaw
Chiselling,Chisel,Scythe,Hammer,Baguette,Anvil,Sticky Notes Pad,Tongs,Candelabra,Hot Metal,Giant Gummy Bear,Chisel,Tutu,Hammer,Slinky,Anvil,Cowbell,Tongs,Door Stopper,Hot Metal,TV Remote,Chisel,Totem Pole,Hammer,Bunch of Bananas,Anvil,Bullhorn,Tongs,Pastry Brush,Hot Metal,Boomerang,Chisel,Jump Rope,Hammer,Butter Dish,Anvil,Cask,Tongs,Banjo,Hot Metal,Egg Separator,Chisel,Accordion,Hammer,Rickshaw,Anvil,Pencil Sharpener,Tongs,Skeleton Sled,Hot Metal,Sundial
Upsetting,Fuller,Jawbreaker,Hammer,Bongo Drum,Anvil,Jump Rope,Tongs,Thermos,Hot Metal,Bucket,Fuller,Balance Beam,Hammer,Theremin,Anvil,Tambourine,Tongs,Tutu,Hot Metal,Sand Dollar,Fuller,Bone Saw,Hammer,Driftwood,Anvil,Fossil,Tongs,Rowing Shell,Hot Metal,Ruler,Fuller,Chalice,Hammer,Slinky,Anvil,Kayak,Tongs,Cherry Pitter,Hot Metal,Puppet,Fuller,Dried Corn Husk,Hammer,Sticky Notes Pad,Anvil,Parallel Bar,Tongs,Bird Nest,Hot Metal,Gummy Worm
Drawing Out,Fuller,Hole Punch,Hammer,Kilt,Anvil,Lacrosse Stick,Tongs,Paperweight,Hot Metal,Clam Shell,Fuller,Gourd,Hammer,Caulk Gun,Anvil,Frisbee,Tongs,Torque Wrench,Hot Metal,Butter Dish,Fuller,Cherry Pitter,Hammer,Theremin,Anvil,Tongue Depressor,Tongs,Poncho,Hot Metal,Jack-in-the-Box,Fuller,Egg Separator,Hammer,Skeleton Sled,Anvil,Marbles,Tongs,Abacus,Hot Metal,Monocle,Fuller,Driftwood,Hammer,Pinecone,Anvil,Forceps,Tongs,Microscope Slide,Hot Metal,Bagpipes
Forge Welding,Hammer,Pastry Brush,Anvil,Forceps,Tongs,Spats,Flux,Jug,Hot Metal,Totem Pole,Hammer,Ironing Board,Anvil,Rowing Shell,Tongs,Bocce Ball,Flux,Hourglass,Hot Metal,Kazoo,Hammer,Flask,Anvil,Decanter,Tongs,Bullhorn,Flux,Correction Tape,Hot Metal,Harpsichord,Hammer,Dried Corn Husk,Anvil,Goblet,Tongs,Hurdle,Flux,Lute,Hot Metal,TV Remote,Hammer,Catamaran,Anvil,Oscillating Tool,Tongs,Throw Pillow,Flux,Jigsaw,Hot Metal,Blimp
Fire Welding,Hammer,Stepladder,Anvil,Springform Pan,Tongs,Luge,Flux,Boomerang,Hot Metal,Segway,Hammer,Retractor,Anvil,Snorkel Mask,Tongs,Sedan Chair,Flux,Drumstick (chicken),Hot Metal,Shuttlecock,Hammer,Sea Urchin,Anvil,Dogsledge,Tongs,Scythe,Flux,Frisbee,Hot Metal,Watermelon,Hammer,Candy Floss,Anvil,Fez,Tongs,Vuvuzela,Flux,Shot Put,Hot Metal,Salad Spinner,Hammer,Submarine Periscope,Anvil,Abacus,Tongs,Puppet,Flux,Wasp Nest,Hot Metal,Test Tube
Pattern Welding,Hammer,Dough Hook,Anvil,Bellhop Cart,Tongs,Paperweight,Flux,Spats,Hot Metal,Baguette,Hammer,Parallel Bar,Anvil,Tricycle,Tongs,Corndog,Flux,Candy Cane,Hot Metal,Banjo,Hammer,Bagpipes,Anvil,Tuxedo Jacket,Tongs,Skeleton Sled,Flux,Beehive,Hot Metal,Letter Opener,Hammer,Bullhorn,Anvil,Centrifuge,Tongs,Weather Vane,Flux,Submarine Periscope,Hot Metal,Pencil Sharpener,Hammer,Decanter,Anvil,Hazmat Suit,Tongs,Gourd,Flux,Bocce Ball,Hot Metal,Bobsled
Making Chain Mail,Wire,Boomerang,Pliers,Lobster,Mandrel,Flask,Cutters,Rubber Duck,Rings,Anvil,Wire,Pommel Horse,Pliers,Jigsaw,Mandrel,Snorkel Mask,Cutters,Street Sweeper,Rings,Pipe Wrench,Wire,Sea Urchin,Pliers,Javelin,Mandrel,Chalk Line,Cutters,Wasp Nest,Rings,Specimen Jar,Wire,Skeleton Sled,Pliers,Sand Dollar,Mandrel,Shuttlecock,Cutters,Zither,Rings,Centrifuge,Wire,Gravy Boat,Pliers,Tongue Depressor,Mandrel,Candy Apple,Cutters,Pommel,Rings,Unicycle
Making a Sword,Steel,Inbox Tray,Forge,Throw Pillow,Hammer,Watermelon,Anvil,Sextant,Grinder,Nibbler,Steel,Drumstick (chicken),Forge,Rubber Band Ball,Hammer,Theremin,Anvil,Tape Dispenser,Grinder,Retractor,Steel,Jack-in-the-Box,Forge,Mandolin,Hammer,Marbles,Anvil,Garlic Press,Grinder,Sumo Belt,Steel,Gravy Boat,Forge,Recorder,Hammer,Urn,Anvil,Canoe,Grinder,Segway,Steel,Lobster,Forge,Jawbreaker,Hammer,Submarine Periscope,Anvil,Poncho,Grinder,Paperweight
Making a Knife,Steel,Ventriloquist Dummy,Forge,Tambourine,Hammer,Forklift,Anvil,Slot Machine,Grinder,Torque Wrench,Steel,Pretzel,Forge,Maracas,Hammer,Bocce Ball,Anvil,Compass,Grinder,Whole Salmon,Steel,Dogsledge,Forge,Pinwheel,Hammer,Bucket,Anvil,Stepladder,Grinder,Mannequin,Steel,Rubber Duck,Forge,Correction Tape,Hammer,Unicycle,Anvil,Kayak,Grinder,Tuba,Steel,Salad Spinner,Forge,Bone Saw,Hammer,Reflex Hammer,Anvil,Pommel Horse,Grinder,Cask
Making an Axe,Steel,Gourd,Forge,Salad Spinner,Hammer,Didgeridoo,Anvil,Candy Floss,Grinder,Lathe,Steel,Dogsledge,Forge,Tin Snips,Hammer,Ironing Board,Anvil,Ear Trumpet,Grinder,Candy Apple,Steel,Cowl,Forge,Fire Poker,Hammer,Hang Glider,Anvil,Springform Pan,Grinder,Bellows,Steel,Hazmat Suit,Forge,Stalagtite,Hammer,Bullhorn,Anvil,Harpsichord,Grinder,Blimp,Steel,Dried Corn Husk,Forge,Trophy,Hammer,Maracas,Anvil,Kite,Grinder,Reflex Hammer
Making a Horseshoe,Steel,Skip-It,Forge,Polo Mallet,Hammer,Antlers,Anvil,Ironing Board,Punch,Scythe,Steel,Gondola,Forge,Lollipop,Hammer,Pipe Wrench,Anvil,Curling Stone,Punch,Rubber Duck,Steel,Banjo,Forge,Bobsled,Hammer,Harpsichord,Anvil,Segway,Punch,Slot Machine,Steel,Abacus,Forge,Gravy Boat,Hammer,Xylophone,Anvil,Gramophone,Punch,Chamberpot,Steel,Gourd,Forge,Binder Clip,Hammer,Desk Calendar,Anvil,Balance Beam,Punch,Totem Pole
Shoeing a Horse,Horseshoe,Stalagtite,Nail,Gourd,Hammer,Letter Opener,Rasp,Beret,Hoof Pick,Spats,Horseshoe,Wind-Up Toy,Nail,Megaphone,Hammer,Wasp Nest,Rasp,Gargoyle,Hoof Pick,TV Remote,Horseshoe,Umbrella Stand,Nail,Cherry Pitter,Hammer,Bread Maker,Rasp,Rowing Shell,Hoof Pick,Javelin,Horseshoe,Bird Nest,Nail,Inbox Tray,Hammer,Tutu,Rasp,Gravy Boat,Hoof Pick,Torque Wrench,Horseshoe,Thermos,Nail,Cowbell,Hammer,Poncho,Rasp,Balance Beam,Hoof Pick,Pommel
Making a Bit,Steel,Antlers,Forge,Rubber Band Ball,Hammer,Test Tube,Anvil,Wheel of Cheese,File,Decanter,Steel,Skip-It,Forge,Ironing Board,Hammer,Megaphone,Anvil,Pinball Machine,File,Stethoscope,Steel,Dough Hook,Forge,Snorkel Mask,Hammer,Centrifuge,Anvil,Candy Apple,File,Torque Wrench,Steel,Harpsichord,Forge,Egg Separator,Hammer,Canteen,Anvil,Rickshaw,File,Muumuu,Steel,Scythe,Forge,Pinwheel,Hammer,Pastry Brush,Anvil,Lacrosse Stick,File,Pith Helmet
Making a Stirrup,Steel,Cowbell,Forge,Throw Pillow,Hammer,Lathe,Anvil,Plumb Bob,File,Jawbreaker,Steel,Desk Calendar,Forge,Chaise Longue,Hammer,Jigsaw,Anvil,Harpsichord,File,Kayak,Steel,Hourglass,Forge,Footstool,Hammer,Corndog,Anvil,Pencil Sharpener,File,Unicycle,Steel,Marionette,Forge,Pipe Wrench,Hammer,Chamberpot,Anvil,Jack-in-the-Box,File,Fossil,Steel,Hole Punch,Forge,Sextant,Hammer,Bunch of Bananas,Anvil,Skip-It,File,Tuxedo Jacket
Making a Spur,Steel,Kilt,Forge,Bagpipes,Hammer,Snorkel Mask,Anvil,Antlers,File,Pogo Stick,Steel,Kaleidoscope,Forge,Cake Dome,Hammer,Hourglass,Anvil,Otoscope,File,Sedan Chair,Steel,Compass,Forge,Petri Dish,Hammer,Chaise Longue,Anvil,Watermelon,File,Zither,Steel,Cowbell,Forge,Candy Apple,Hammer,Plumb Bob,Anvil,Sticky Notes Pad,File,Thermos,Steel,Kayak,Forge,Pumice Stone,Hammer,Frisbee,Anvil,Theremin,File,Polo Mallet
Making a Buckle,Steel,Lederhosen,Forge,TV Remote,Hammer,Candy Apple,Anvil,Reflex Hammer,File,Pommel Horse,Steel,Ironing Board,Forge,Ear Trumpet,Hammer,Ascot,Anvil,Door Stopper,File,Corn on the Cob,Steel,Microscope Slide,Forge,Submarine Periscope,Hammer,Oscillating Tool,Anvil,Parka,File,Ruler,Steel,Door Knocker,Forge,Wheel of Cheese,Hammer,Retractor,Anvil,Typewriter,File,Didgeridoo,Steel,Pogo Stick,Forge,Lollipop,Hammer,Petri Dish,Anvil,Boomerang,File,Segway
Making a Hinge,Steel,Door Stopper,Forge,Lump of Coal,Hammer,Keg,Anvil,Dough Hook,Punch,Rubber Duck,Steel,Trophy,Forge,Garlic Press,Hammer,Bongo Drum,Anvil,Bunch of Bananas,Punch,Catamaran,Steel,Monocle,Forge,Pipe Wrench,Hammer,Canteen,Anvil,Wire Stripper,Punch,Cask,Steel,Parallel Bar,Forge,Sea Urchin,Hammer,Urn,Anvil,Salad Spinner,Punch,Pinecone,Steel,Nibbler,Forge,Umbrella Stand,Hammer,Lobster,Anvil,Boomerang,Punch,Harpsichord
Making a Hasp,Steel,Antlers,Forge,Bunsen Burner,Hammer,Letter Opener,Anvil,Retractor,Punch,Bullhorn,Steel,Sand Dollar,Forge,Pipe Wrench,Hammer,Marbles,Anvil,Rickshaw,Punch,Segway,Steel,Pencil Sharpener,Forge,Pumice Stone,Hammer,Gargoyle,Anvil,Bucket,Punch,Paperweight,Steel,Ironing Board,Forge,Pith Helmet,Hammer,Cauldron,Anvil,Boomerang,Punch,Bone Saw,Steel,Mannequin,Forge,Corn on the Cob,Hammer,Cloak,Anvil,Accordion,Punch,Pretzel
Making a Staple,Steel,Kazoo,Forge,Sedan Chair,Hammer,Mandolin,Anvil,Umbrella Stand,Punch,Snow Globe,Steel,Trophy,Forge,Bird Nest,Hammer,Chalk Line,Anvil,Gravy Boat,Punch,Baguette,Steel,Letter Opener,Forge,Bellhop Cart,Hammer,Flask,Anvil,Bucket,Punch,Didgeridoo,Steel,Unicycle,Forge,Beehive,Hammer,Tutu,Anvil,Canteen,Punch,Candelabra,Steel,Pommel Horse,Forge,TV Remote,Hammer,Stalagtite,Anvil,Heat Gun,Punch,Urn
Making a Hook,Steel,Slot Machine,Forge,Curling Stone,Hammer,Fire Poker,Anvil,Lobster,Punch,Cloak,Steel,Wind-Up Toy,Forge,Hourglass,Hammer,Sousaphone,Anvil,Pastry Brush,Punch,Stapler,Steel,Periscope,Forge,Compass,Hammer,Jump Rope,Anvil,Specimen Jar,Punch,Pie Bird,Steel,TV Remote,Forge,Bobsled,Hammer,Heat Gun,Anvil,Zamboni,Punch,Dogsledge,Steel,Paper Clip Chain,Forge,Submarine Periscope,Hammer,Whole Pineapple,Anvil,Egg Separator,Punch,Thermos
Making a Ring,Steel,Accordion,Forge,Balance Beam,Hammer,Forklift,Mandrel,Cotton Candy,Punch,Candy Floss,Steel,Watermelon,Forge,Bunsen Burner,Hammer,Muumuu,Mandrel,Lathe,Punch,Marionette,Steel,Thermos,Forge,Chamberpot,Hammer,Gravy Boat,Mandrel,Street Sweeper,Punch,Ramekin,Steel,Pinecone,Forge,Candelabra,Hammer,Skeleton Sled,Mandrel,Decanter,Punch,Harpsichord,Steel,Hurdle,Forge,Jack-in-the-Box,Hammer,Scepter,Mandrel,Tricycle,Punch,Butter Dish
Making a Rivet,Steel,Rubber Duck,Forge,Lederhosen,Hammer,Harpsichord,Anvil,Bone Saw,Punch,Otoscope,Steel,Bocce Ball,Forge,Springform Pan,Hammer,Forklift,Anvil,Garlic Press,Punch,Marionette,Steel,Melon Baller,Forge,Cherry Pitter,Hammer,Mannequin,Anvil,Pinecone,Punch,Letter Opener,Steel,Wasp Nest,Forge,Boomerang,Hammer,Forceps,Anvil,Beret,Punch,Sextant,Steel,Sundial,Forge,Watermelon,Hammer,Whole Salmon,Anvil,Periscope,Punch,Mandolin
Riveting,Rivet,Candy Floss,Rivet Set,Rubber Duck,Hammer,Pencil Sharpener,Bucking Bar,Clam Shell,Punch,Cake Dome,Rivet,Umbrella Stand,Rivet Set,Candy Cane,Hammer,Kazoo,Bucking Bar,Corn on the Cob,Punch,Belt Sander,Rivet,Retractor,Rivet Set,Rickshaw,Hammer,Whole Salmon,Bucking Bar,Rivet Gun,Punch,Plumb Bob,Rivet,Bagpipes,Rivet Set,Pince-Nez,Hammer,Footstool,Bucking Bar,Giant Gummy Bear,Punch,Pie Bird,Rivet,Ventriloquist Dummy,Rivet Set,Muumuu,Hammer,Theremin,Bucking Bar,Frisbee,Punch,Cherry Pitter
Making a Pin,Steel,Parka,Forge,Fire Poker,Hammer,Geode,Anvil,Whole Salmon,File,Tricycle,Steel,Sea Urchin,Forge,Desk Calendar,Hammer,Snow Globe,Anvil,Skip-It,File,Umbrella Stand,Steel,Cake Dome,Forge,Flask,Hammer,Oscillating Tool,Anvil,Gourd,File,Torque Wrench,Steel,Canoe,Forge,Lederhosen,Hammer,Pipe Wrench,Anvil,Spinning Top,File,Canteen,Steel,Periscope,Forge,Monocle,Hammer,Otoscope,Anvil,Tuba,File,Abacus
Making a Bolt,Steel,Bunch of Bananas,Forge,Poncho,Hammer,Chaise Longue,Anvil,Javelin,Die,Otoscope,Steel,Candy Cane,Forge,Kazoo,Hammer,Compass,Anvil,Pastry Brush,Die,Sombrero,Steel,Spats,Forge,Reflex Hammer,Hammer,Megaphone,Anvil,Pinwheel,Die,Sticky Notes Pad,Steel,Fez,Forge,Door Stopper,Hammer,Zamboni,Anvil,Curling Stone,Die,Hurdle,Steel,Hourglass,Forge,Snorkel Mask,Hammer,Toilet Plunger,Anvil,Letter Opener,Die,Urn
Making a Nut,Steel,Slinky,Forge,Bellows,Hammer,Antlers,Anvil,Lathe,Tap,Dogsledge,Steel,Snorkel Mask,Forge,Jump Rope,Hammer,Salad Spinner,Anvil,Bunsen Burner,Tap,Bellhop Cart,Steel,Desk Calendar,Forge,Springform Pan,Hammer,Candy Floss,Anvil,Rubber Band Ball,Tap,Egg Separator,Steel,Pommel Horse,Forge,Goblet,Hammer,Watermelon,Anvil,Pretzel,Tap,Binder Clip,Steel,Rivet Gun,Forge,Tin Snips,Hammer,Butter Dish,Anvil,Hang Glider,Tap,Gavel
Making a Washer,Steel,Ukulele,Forge,Kayak,Hammer,Megaphone,Punch,Whole Pineapple,Anvil,Hula Hoop,Steel,Snow Globe,Forge,Skeleton Sled,Hammer,Urn,Punch,Kazoo,Anvil,Cake Dome,Steel,Toilet Plunger,Forge,Throw Pillow,Hammer,Centrifuge,Punch,Yo-Yo,Anvil,Lobster,Steel,Rickshaw,Forge,Jawbreaker,Hammer,Zamboni,Punch,Blimp,Anvil,Rubber Band Ball,Steel,Xylophone,Forge,Baguette,Hammer,Nibbler,Punch,Bellhop Cart,Anvil,Stepladder
Making a Spring,Steel,Ascot,Forge,Decanter,Mandrel,Garlic Press,Hammer,Spats,Anvil,Whole Pineapple,Steel,Scepter,Forge,Stalagtite,Mandrel,Sombrero,Hammer,Didgeridoo,Anvil,TV Remote,Steel,Door Stopper,Forge,Door Knocker,Mandrel,Petri Dish,Hammer,Watermelon,Anvil,Snow Globe,Steel,Boomerang,Forge,Abacus,Mandrel,Polo Mallet,Hammer,Javelin,Anvil,Curling Stone,Steel,Wasp Nest,Forge,Wire Stripper,Mandrel,Pinecone,Hammer,Hole Punch,Anvil,Bobblehead
Making a Leaf Spring,Steel,Sea Urchin,Forge,Giant Gummy Bear,Hammer,Bellows,Anvil,Balance Beam,File,Ear Trumpet,Steel,Snow Globe,Forge,Gargoyle,Hammer,Beret,Anvil,Tongue Depressor,File,Kilt,Steel,Sumo Belt,Forge,Shuttlecock,Hammer,Letter Opener,Anvil,Thermos,File,Kaleidoscope,Steel,Clam Shell,Forge,Bocce Ball,Hammer,Oscillating Tool,Anvil,Bobblehead,File,Pitchfork,Steel,Vuvuzela,Forge,Bread Maker,Hammer,Door Stopper,Anvil,Lobster,File,Catamaran
Making a Coil Spring,Steel,Muumuu,Mandrel,Gramophone,Forge,Gummy Worm,Hammer,Bellows,Anvil,Petri Dish,Steel,Mandolin,Mandrel,Candy Apple,Forge,Ramekin,Hammer,Wire Stripper,Anvil,Slot Machine,Steel,Amphora,Mandrel,Snow Globe,Forge,Microscope Slide,Hammer,Paperweight,Anvil,Pommel,Steel,Jawbreaker,Mandrel,Pith Helmet,Forge,Pitchfork,Hammer,Skeleton Sled,Anvil,Ear Trumpet,Steel,Dogsledge,Mandrel,Melon Baller,Forge,Watermelon,Hammer,Balance Beam,Anvil,Gourd
Making a Torsion Bar,Steel,Retractor,Forge,Tongue Depressor,Hammer,Whole Pineapple,Anvil,Watermelon,File,Rubber Duck,Steel,Cowbell,Forge,Harpsichord,Hammer,Javelin,Anvil,Caulk Gun,File,Sundial,Steel,Typewriter,Forge,Centrifuge,Hammer,Weather Vane,Anvil,Fire Poker,File,Ruler,Steel,Tumbleweed,Forge,Boomerang,Hammer,Bird Nest,Anvil,Cauldron,File,Desk Calendar,Steel,Corndog,Forge,Muumuu,Hammer,Bocce Ball,Anvil,Urn,File,Pinwheel
Making a Cam,Steel,Pince-Nez,Lathe,Door Stopper,File,Spinning Top,Hammer,Zamboni,Anvil,Discus,Steel,Belt Sander,Lathe,Tricycle,File,Springform Pan,Hammer,Bocce Ball,Anvil,Decanter,Steel,Gondola,Lathe,Scepter,File,Stethoscope,Hammer,Pipe Wrench,Anvil,Harpsichord,Steel,Antlers,Lathe,Gourd,File,Ventriloquist Dummy,Hammer,Lobster,Anvil,Chalk Line,Steel,Poncho,Lathe,Shot Put,File,Tutu,Hammer,Pommel,Anvil,Stapler
Making a Gear,Steel,Slinky,Forge,Bread Maker,File,Salad Spinner,Hammer,Vuvuzela,Anvil,Spinning Top,Steel,Abacus,Forge,Gummy Worm,File,Chalice,Hammer,Puppet,Anvil,Cotton Candy,Steel,Bellows,Forge,Umbrella Stand,File,Inbox Tray,Hammer,Luge,Anvil,Lacrosse Stick,Steel,Pinecone,Forge,Binder Clip,File,Tuxedo Jacket,Hammer,Discus,Anvil,Pince-Nez,Steel,Ukulele,Forge,Yo-Yo,File,Muumuu,Hammer,Clam Shell,Anvil,Totem Pole
Making a Ratchet,Steel,Stethoscope,Forge,Forceps,File,Correction Tape,Hammer,Plumb Bob,Anvil,Door Stopper,Steel,Hazmat Suit,Forge,Chamberpot,File,Zither,Hammer,Tongue Depressor,Anvil,Gargoyle,Steel,Geode,Forge,Abacus,File,Candy Floss,Hammer,Tin Snips,Anvil,Muumuu,Steel,Drumstick (chicken),Forge,Belt Sander,File,Forklift,Hammer,Marbles,Anvil,Throw Pillow,Steel,Spinning Top,Forge,Stapler,File,Cherry Pitter,Hammer,Cauldron,Anvil,Flask
Making a Pulley,Steel,Chalk Line,Forge,Balance Beam,File,Paperweight,Hammer,Gargoyle,Anvil,Lacrosse Stick,Steel,Ruler,Forge,Tuba,File,Banjo,Hammer,Forceps,Anvil,Correction Tape,Steel,Butter Dish,Forge,Scepter,File,Wind-Up Toy,Hammer,Canoe,Anvil,Didgeridoo,Steel,Chalice,Forge,Clam Shell,File,Cherry Pitter,Hammer,Gramophone,Anvil,Sand Dollar,Steel,Lederhosen,Forge,Hazmat Suit,File,Ascot,Hammer,Dough Hook,Anvil,Parka
Making a Wheel,Steel,Centrifuge,Forge,Springform Pan,Hammer,Belt Sander,Anvil,Pinball Machine,File,Submarine Periscope,Steel,Plumb Bob,Forge,Ruler,Hammer,Tuxedo Jacket,Anvil,Flask,File,Cask,Steel,Bunch of Bananas,Forge,Pretzel,Hammer,Tricycle,Anvil,Otoscope,File,Lump of Coal,Steel,Balance Beam,Forge,Snow Globe,Hammer,Banjo,Anvil,Jawbreaker,File,Pommel,Steel,Cowbell,Forge,Cherry Pitter,Hammer,Ironing Board,Anvil,Spinning Top,File,Gramophone
Making an Axle,Steel,Rubber Band Ball,Lathe,Footstool,File,Specimen Jar,Hammer,Balance Beam,Anvil,Shuttlecock,Steel,Cloak,Lathe,Pie Bird,File,Gramophone,Hammer,Angle Grinder,Anvil,Luge,Steel,Tricycle,Lathe,Stalagtite,File,Frisbee,Hammer,Cotton Candy,Anvil,Bucket,Steel,Petri Dish,Lathe,Cauldron,File,Paperweight,Hammer,Kite,Anvil,Xylophone,Steel,Stepladder,Lathe,Recorder,File,Slot Machine,Hammer,Nibbler,Anvil,Ruler
Making a Bearing,Steel,Weather Vane,Lathe,Watermelon,File,Skip-It,Hammer,Ear Trumpet,Balls,Sumo Belt,Steel,Chamberpot,Lathe,Hula Hoop,File,Abacus,Hammer,Javelin,Balls,Pastry Brush,Steel,Jigsaw,Lathe,Rubber Duck,File,Throw Pillow,Hammer,Kazoo,Balls,Muumuu,Steel,Mannequin,Lathe,Poncho,File,Zither,Hammer,Wheel of Cheese,Balls,Totem Pole,Steel,Cotton Candy,Lathe,Ironing Board,File,Xylophone,Hammer,Keg,Balls,Urn
Making a Coupling,Steel,Tuba,Lathe,Wire Stripper,File,Beehive,Hammer,Kazoo,Anvil,Bagpipes,Steel,Submarine Periscope,Lathe,Maracas,File,Fossil,Hammer,Lute,Anvil,Slot Machine,Steel,Retractor,Lathe,Spinning Top,File,Footstool,Hammer,Skeleton Sled,Anvil,Sedan Chair,Steel,Sombrero,Lathe,Jug,File,Egg Separator,Hammer,Cauldron,Anvil,Jack-in-the-Box,Steel,Yo-Yo,Lathe,Unicycle,File,Accordion,Hammer,Abacus,Anvil,Corndog
Making a Flange,Steel,Hula Hoop,Forge,Tumbleweed,Hammer,Ramekin,Anvil,Pogo Stick,Drill,Tambourine,Steel,Fossil,Forge,Lederhosen,Hammer,Muumuu,Anvil,Sea Urchin,Drill,Paper Clip Chain,Steel,Harpsichord,Forge,Mandolin,Hammer,Cask,Anvil,Watermelon,Drill,Kaleidoscope,Steel,Pith Helmet,Forge,Boomerang,Hammer,Fez,Anvil,Cake Dome,Drill,Cotton Candy,Steel,Sombrero,Forge,Microscope Slide,Hammer,Candy Floss,Anvil,Sumo Belt,Drill,Lathe
Making a Collar,Steel,Pie Bird,Lathe,Letter Opener,File,Chalice,Hammer,Stethoscope,Anvil,Scythe,Steel,Cloak,Lathe,Chalk Line,File,Tumbleweed,Hammer,Gravy Boat,Anvil,Luge,Steel,Cask,Lathe,Cake Dome,File,Floor Lamp,Hammer,Rubber Band Ball,Anvil,Trophy,Steel,Coat Rack,Lathe,Wheel of Cheese,File,Sundial,Hammer,Marbles,Anvil,Slot Machine,Steel,Typewriter,Lathe,Bucket,File,Bone Saw,Hammer,Pommel Horse,Anvil,Corn on the Cob
Making a Sleeve,Steel,Pogo Stick,Lathe,Xylophone,File,Scepter,Hammer,Rickshaw,Anvil,Whole Salmon,Steel,Hourglass,Lathe,Pumice Stone,File,Bongo Drum,Hammer,Gramophone,Anvil,Hurdle,Steel,TV Remote,Lathe,Cowbell,File,Lobster,Hammer,Skip-It,Anvil,Mandolin,Steel,Melon Baller,Lathe,Muumuu,File,Marionette,Hammer,Canteen,Anvil,Bird Nest,Steel,Weather Vane,Lathe,Bunsen Burner,File,Retractor,Hammer,Ascot,Anvil,Bullhorn
Making a Bush,Steel,Stapler,Lathe,Kaleidoscope,File,Theremin,Hammer,Floor Lamp,Anvil,Jawbreaker,Steel,Retractor,Lathe,Footstool,File,Bongo Drum,Hammer,Forklift,Anvil,Lobster,Steel,Puppet,Lathe,Fondue Pot,File,Toilet Plunger,Hammer,Trophy,Anvil,Pommel Horse,Steel,Bocce Ball,Lathe,Ventriloquist Dummy,File,Mannequin,Hammer,Melon Baller,Anvil,Spinning Top,Steel,Garlic Press,Lathe,Desk Calendar,File,Paper Clip Chain,Hammer,Tuxedo Jacket,Anvil,Jack-in-the-Box
Making a Stud,Steel,Mandolin,Lathe,Beret,Die,Rubber Band Ball,Hammer,Bullhorn,Anvil,Inbox Tray,Steel,Gramophone,Lathe,Kayak,Die,Lollipop,Hammer,Throw Pillow,Anvil,Zither,Steel,Tuba,Lathe,Pencil Sharpener,Die,Cotton Candy,Hammer,Pipe Wrench,Anvil,Fondue Pot,Steel,Gummy Worm,Lathe,Thermos,Die,Ruler,Hammer,Belt Sander,Anvil,Monocle,Steel,Lederhosen,Lathe,Discus,Die,Binder Clip,Hammer,Reflex Hammer,Anvil,Sextant
Making a Screw,Steel,Pinball Machine,Lathe,Jump Rope,Die,Stapler,Hammer,Bird Nest,Anvil,Sea Urchin,Steel,Stethoscope,Lathe,Bucket,Die,Tumbleweed,Hammer,Vuvuzela,Anvil,Kayak,Steel,Pumice Stone,Lathe,Muumuu,Die,Corndog,Hammer,Slinky,Anvil,Paperweight,Steel,Hourglass,Lathe,Canoe,Die,Floor Lamp,Hammer,Polo Mallet,Anvil,Javelin,Steel,Rickshaw,Lathe,Wire Stripper,Die,Candy Cane,Hammer,Poncho,Anvil,Segway
Making a Pin Gauge,Steel,Sumo Belt,Lathe,Salad Spinner,File,Xylophone,Micrometer,Plumb Bob,Cloth,Kazoo,Steel,Tambourine,Lathe,Compass,File,Anvil,Micrometer,Kite,Cloth,Reflex Hammer,Steel,Pipe Wrench,Lathe,Kaleidoscope,File,Geode,Micrometer,Muumuu,Cloth,Poncho,Steel,Angle Grinder,Lathe,Mandolin,File,Curling Stone,Micrometer,Amphora,Cloth,Barrel,Steel,Ascot,Lathe,Keg,File,Maracas,Micrometer,Banjo,Cloth,Belt Sander
Making a Plug Gauge,Steel,Pommel Horse,Lathe,Nibbler,File,Weather Vane,Micrometer,Fondue Pot,Cloth,Sousaphone,Steel,Test Tube,Lathe,Tape Dispenser,File,Gravy Boat,Micrometer,Discus,Cloth,Curling Stone,Steel,Watermelon,Lathe,Candy Cane,File,Umbrella Stand,Micrometer,Spinning Top,Cloth,Poncho,Steel,Centrifuge,Lathe,Forceps,File,Heat Gun,Micrometer,Decanter,Cloth,Scepter,Steel,Zamboni,Lathe,Balance Beam,File,Bunsen Burner,Micrometer,Pinecone,Cloth,Pipe Wrench
Making a Ring Gauge,Steel,Weather Vane,Lathe,Boomerang,File,Melon Baller,Micrometer,Jigsaw,Cloth,Snow Globe,Steel,Nibbler,Lathe,Kaleidoscope,File,Floor Lamp,Micrometer,Cauldron,Cloth,Bone Saw,Steel,Barrel,Lathe,Wheel of Cheese,File,Gummy Worm,Micrometer,Sand Dollar,Cloth,Pipe Wrench,Steel,Bocce Ball,Lathe,Zamboni,File,Ironing Board,Micrometer,Abacus,Cloth,Butter Dish,Steel,Beret,Lathe,Drumstick (chicken),File,Footstool,Micrometer,Amphora,Cloth,Toilet Plunger
Making a Caliper,Steel,Baguette,Lathe,Zither,File,Scythe,Micrometer,Driftwood,Cloth,Zamboni,Steel,Segway,Lathe,Ventriloquist Dummy,File,Hazmat Suit,Micrometer,Chalk Line,Cloth,Pie Bird,Steel,Gondola,Lathe,Ramekin,File,Tutu,Micrometer,Decanter,Cloth,Tambourine,Steel,Snorkel Mask,Lathe,Tuxedo Jacket,File,Bellhop Cart,Micrometer,Stepladder,Cloth,Kaleidoscope,Steel,Sticky Notes Pad,Lathe,Boomerang,File,Chamberpot,Micrometer,Kite,Cloth,Fire Poker
Making a Micrometer,Steel,Bocce Ball,Lathe,Decanter,File,Canoe,Micrometer,Cotton Candy,Cloth,Plumb Bob,Steel,Ear Trumpet,Lathe,Pretzel,File,Gargoyle,Micrometer,Street Sweeper,Cloth,Balance Beam,Steel,Drumstick (chicken),Lathe,Abacus,File,Watermelon,Micrometer,Dogsledge,Cloth,Churro,Steel,Recorder,Lathe,Cherry Pitter,File,Fez,Micrometer,Pencil Sharpener,Cloth,Catamaran,Steel,Melon Baller,Lathe,Lederhosen,File,Zither,Micrometer,Monocle,Cloth,Bucket
Making a Vernier,Steel,Monocle,Lathe,Chalk Line,File,Bellhop Cart,Micrometer,Retractor,Cloth,TV Remote,Steel,Vuvuzela,Lathe,Ramekin,File,Kite,Micrometer,Reflex Hammer,Cloth,Bullhorn,Steel,Candy Apple,Lathe,Pumice Stone,File,Hole Punch,Micrometer,Skeleton Sled,Cloth,Oscillating Tool,Steel,Ear Trumpet,Lathe,Beehive,File,Ascot,Micrometer,Compass,Cloth,Canoe,Steel,Tongue Depressor,Lathe,Bongo Drum,File,Gavel,Micrometer,Tricycle,Cloth,Geode
Making a Square,Steel,Wind-Up Toy,File,Pipe Wrench,Micrometer,TV Remote,Cloth,Street Sweeper,Ruler,Sousaphone,Steel,Desk Calendar,File,Lollipop,Micrometer,Tricycle,Cloth,Sextant,Ruler,Pastry Brush,Steel,Drumstick (chicken),File,Jack-in-the-Box,Micrometer,Canoe,Cloth,Typewriter,Ruler,Sticky Notes Pad,Steel,Candy Apple,File,Scepter,Micrometer,Tambourine,Cloth,Xylophone,Ruler,Footstool,Steel,Gondola,File,Cauldron,Micrometer,Pie Bird,Cloth,Tumbleweed,Ruler,Rubber Duck
Making a Bevel,Steel,Tuxedo Jacket,File,Gummy Worm,Micrometer,Discus,Cloth,Ramekin,Ruler,Spats,Steel,Pommel Horse,File,Didgeridoo,Micrometer,Footstool,Cloth,Rivet Gun,Ruler,Paper Clip Chain,Steel,Lathe,File,Blimp,Micrometer,Pitchfork,Cloth,Oscillating Tool,Ruler,Gramophone,Steel,Kayak,File,Shuttlecock,Micrometer,Corn on the Cob,Cloth,Amphora,Ruler,Floor Lamp,Steel,Anvil,File,Marionette,Micrometer,Tumbleweed,Cloth,Sand Dollar,Ruler,Churro
Making a Try Square,Steel,Corndog,File,Segway,Micrometer,Thermos,Cloth,Sand Dollar,Ruler,Dough Hook,Steel,Bobsled,File,Goblet,Micrometer,Pinwheel,Cloth,Pommel,Ruler,Watermelon,Steel,Belt Sander,File,Sedan Chair,Micrometer,Zamboni,Cloth,Monocle,Ruler,Ramekin,Steel,Puppet,File,Cloak,Micrometer,Stepladder,Cloth,Gondola,Ruler,Inbox Tray,Steel,Pitchfork,File,Clam Shell,Micrometer,Balance Beam,Cloth,Shot Put,Ruler,Fossil
Making a Scribing Gauge,Steel,Pinwheel,File,Snorkel Mask,Micrometer,Luge,Cloth,Candelabra,Ruler,Catamaran,Steel,Salad Spinner,File,Bagpipes,Micrometer,Inbox Tray,Cloth,Whole Salmon,Ruler,Pencil Sharpener,Steel,Bunch of Bananas,File,Tongue Depressor,Micrometer,Gavel,Cloth,Tuba,Ruler,Tambourine,Steel,Geode,File,Tutu,Micrometer,Bellows,Cloth,Bongo Drum,Ruler,Slot Machine,Steel,Tuxedo Jacket,File,Megaphone,Micrometer,Canoe,Cloth,Accordion,Ruler,Jug
Making a Marking Gauge,Wood,Door Knocker,Chisel,Bullhorn,File,Typewriter,Micrometer,Compass,Cloth,Ironing Board,Wood,Unicycle,Chisel,Forceps,File,Bucket,Micrometer,Sedan Chair,Cloth,Bunsen Burner,Wood,Lute,Chisel,Pipe Wrench,File,Gramophone,Micrometer,Chaise Longue,Cloth,Mandolin,Wood,Rowing Shell,Chisel,Oscillating Tool,File,Lollipop,Micrometer,Curling Stone,Cloth,Butter Dish,Wood,Decanter,Chisel,Toilet Plunger,File,Baguette,Micrometer,Javelin,Cloth,Gummy Worm
Making a Mortise Gauge,Wood,Zither,Chisel,Gummy Worm,File,Ear Trumpet,Micrometer,Gramophone,Cloth,Dough Hook,Wood,Harpsichord,Chisel,Binder Clip,File,Bunch of Bananas,Micrometer,Xylophone,Cloth,Bunsen Burner,Wood,Letter Opener,Chisel,Egg Separator,File,Rubber Duck,Micrometer,Floor Lamp,Cloth,Mandolin,Wood,Thermos,Chisel,Belt Sander,File,Wind-Up Toy,Micrometer,Cowl,Cloth,Spats,Wood,Stepladder,Chisel,Bird Nest,File,Umbrella Stand,Micrometer,Pipe Wrench,Cloth,TV Remote
Making a Panel Gauge,Wood,Scepter,Chisel,Luge,File,Snow Globe,Micrometer,Plumb Bob,Cloth,Urn,Wood,Sedan Chair,Chisel,Binder Clip,File,Javelin,Micrometer,Kilt,Cloth,Hang Glider,Wood,Snorkel Mask,Chisel,Keg,File,Pinwheel,Micrometer,Letter Opener,Cloth,Jigsaw,Wood,Stapler,Chisel,Rubber Duck,File,Dried Corn Husk,Micrometer,Door Stopper,Cloth,Tuxedo Jacket,Wood,Rickshaw,Chisel,Gourd,File,Centrifuge,Micrometer,Cherry Pitter,Cloth,Accordion
Making a Sliding Bevel,Steel,Stepladder,Wood,Centrifuge,File,Frisbee,Micrometer,Scythe,Cloth,Egg Separator,Steel,Bunsen Burner,Wood,Antlers,File,Stapler,Micrometer,Caulk Gun,Cloth,TV Remote,Steel,Hula Hoop,Wood,Gondola,File,Pommel,Micrometer,Cowbell,Cloth,Yo-Yo,Steel,Kaleidoscope,Wood,Ascot,File,Sextant,Micrometer,Spats,Cloth,Segway,Steel,Rickshaw,Wood,Springform Pan,File,Bongo Drum,Micrometer,Corndog,Cloth,Sundial
Making a Miter Square,Steel,Dried Corn Husk,File,Tambourine,Micrometer,Dogsledge,Cloth,Spats,Ruler,Antlers,Steel,Bellows,File,Ear Trumpet,Micrometer,Pinball Machine,Cloth,Polo Mallet,Ruler,Urn,Steel,Nibbler,File,Yo-Yo,Micrometer,Hourglass,Cloth,Lump of Coal,Ruler,Bullhorn,Steel,Shot Put,File,Pogo Stick,Micrometer,Rickshaw,Cloth,Inbox Tray,Ruler,Gramophone,Steel,Rowing Shell,File,Jump Rope,Micrometer,Pencil Sharpener,Cloth,Muumuu,Ruler,Zither
Making a Combination Square,Steel,Accordion,File,Javelin,Micrometer,Bucket,Cloth,Harpsichord,Ruler,Butter Dish,Steel,Rubber Band Ball,File,Submarine Periscope,Micrometer,Poncho,Cloth,Mandolin,Ruler,Balance Beam,Steel,Sumo Belt,File,Parka,Micrometer,Forklift,Cloth,Drumstick (chicken),Ruler,Beehive,Steel,Spinning Top,File,Hang Glider,Micrometer,Chalice,Cloth,Corn on the Cob,Ruler,Pastry Brush,Steel,Lederhosen,File,Kaleidoscope,Micrometer,Scepter,Cloth,Sousaphone,Ruler,Hurdle
Making a Spirit Level,Steel,Specimen Jar,Glass,Poncho,Spirit,Cask,Cloth,Luge,Ruler,Lute,Steel,Segway,Glass,Polo Mallet,Spirit,Decanter,Cloth,Bird Nest,Ruler,Bobblehead,Steel,Kayak,Glass,Cotton Candy,Spirit,Giant Gummy Bear,Cloth,Puppet,Ruler,Antlers,Steel,Microscope Slide,Glass,Shuttlecock,Spirit,Pinwheel,Cloth,Tuxedo Jacket,Ruler,Geode,Steel,Amphora,Glass,Canteen,Spirit,Correction Tape,Cloth,Chaise Longue,Ruler,Inbox Tray
Making a Plumb Bob,Steel,Tuxedo Jacket,Lathe,Parallel Bar,String,Bird Nest,Cloth,Pince-Nez,Ruler,Gondola,Steel,Wheel of Cheese,Lathe,Driftwood,String,Thermos,Cloth,Rubber Band Ball,Ruler,Slinky,Steel,Centrifuge,Lathe,Fondue Pot,String,Tin Snips,Cloth,Rubber Duck,Ruler,Cask,Steel,Stalagtite,Lathe,Paperweight,String,Ramekin,Cloth,Cake Dome,Ruler,Toilet Plunger,Steel,Marbles,Lathe,Angle Grinder,String,Tongue Depressor,Cloth,Letter Opener,Ruler,Bullhorn
Making a Chalk Line,Steel,Cauldron,String,Zamboni,Chalk,Hurdle,Cloth,Wire Stripper,Ruler,Sumo Belt,Steel,Canoe,String,Shot Put,Chalk,Skeleton Sled,Cloth,Rubber Band Ball,Ruler,Tuba,Steel,Pipe Wrench,String,Floor Lamp,Chalk,Cowbell,Cloth,Antlers,Ruler,Bobsled,Steel,Beehive,String,Sombrero,Chalk,Cake Dome,Cloth,Slot Machine,Ruler,Skip-It,Steel,Cotton Candy,String,Abacus,Chalk,Rickshaw,Cloth,Test Tube,Ruler,Slinky
Making a Straight Edge,Steel,Fez,File,Jawbreaker,Micrometer,Fire Poker,Cloth,Lute,Ruler,Cauldron,Steel,Thermos,File,Heat Gun,Micrometer,Sombrero,Cloth,Ascot,Ruler,Cowbell,Steel,Poncho,File,Door Knocker,Micrometer,Hang Glider,Cloth,Vuvuzela,Ruler,Reflex Hammer,Steel,Door Stopper,File,Goblet,Micrometer,Hurdle,Cloth,Cake Dome,Ruler,Shuttlecock,Steel,Dogsledge,File,Gummy Worm,Micrometer,Luge,Cloth,Paperweight,Ruler,Kazoo
Making a Surface Plate,Steel,Abacus,File,Wire Stripper,Micrometer,Drumstick (chicken),Cloth,Sundial,Ruler,Ascot,Steel,Balance Beam,File,Parallel Bar,Micrometer,Pith Helmet,Cloth,Rubber Duck,Ruler,Tuxedo Jacket,Steel,Mannequin,File,Heat Gun,Micrometer,Hole Punch,Cloth,Candelabra,Ruler,Butter Dish,Steel,Giant Gummy Bear,File,Tape Dispenser,Micrometer,Kazoo,Cloth,Bongo Drum,Ruler,Toilet Plunger,Steel,Melon Baller,File,Chalk Line,Micrometer,Canoe,Cloth,Dried Corn Husk,Ruler,Cowl
Making an Angle Plate,Steel,Gavel,File,Desk Calendar,Micrometer,Bird Nest,Cloth,Cauldron,Ruler,Dogsledge,Steel,Springform Pan,File,Driftwood,Micrometer,Sousaphone,Cloth,Pince-Nez,Ruler,Javelin,Steel,Slot Machine,File,Sundial,Micrometer,Candy Floss,Cloth,Bone Saw,Ruler,Tambourine,Steel,Forklift,File,Bucket,Micrometer,Kaleidoscope,Cloth,Cake Dome,Ruler,Bagpipes,Steel,Chalice,File,Fez,Micrometer,Cotton Candy,Cloth,Skeleton Sled,Ruler,Ramekin
Making a Vee Block,Steel,Tuba,File,Amphora,Micrometer,TV Remote,Cloth,Sousaphone,Ruler,Whole Pineapple,Steel,Sand Dollar,File,Balance Beam,Micrometer,Bocce Ball,Cloth,Sextant,Ruler,Keg,Steel,Parallel Bar,File,Segway,Micrometer,Specimen Jar,Cloth,Otoscope,Ruler,Rubber Band Ball,Steel,Harpsichord,File,Heat Gun,Micrometer,Beret,Cloth,Egg Separator,Ruler,Canoe,Steel,Bellows,File,Candy Apple,Micrometer,Frisbee,Cloth,Zither,Ruler,Ear Trumpet
Making a Clamp,Steel,Fondue Pot,File,Slot Machine,Micrometer,Nibbler,Cloth,Gargoyle,Ruler,Stapler,Steel,Kaleidoscope,File,Forceps,Micrometer,Harpsichord,Cloth,Chalice,Ruler,Cloak,Steel,Angle Grinder,File,Zither,Micrometer,Cauldron,Cloth,Barrel,Ruler,Gummy Worm,Steel,Skip-It,File,Bread Maker,Micrometer,Tongue Depressor,Cloth,Cake Dome,Ruler,Shot Put,Steel,Letter Opener,File,Clam Shell,Micrometer,Blimp,Cloth,Corn on the Cob,Ruler,Jigsaw
Making a Vice,Steel,Plumb Bob,File,Chalice,Micrometer,Toilet Plunger,Cloth,Bone Saw,Ruler,Wasp Nest,Steel,Candy Cane,File,Chaise Longue,Micrometer,Slinky,Cloth,Gavel,Ruler,Tongue Depressor,Steel,Amphora,File,Bird Nest,Micrometer,Curling Stone,Cloth,Harpsichord,Ruler,Rickshaw,Steel,Frisbee,File,Pencil Sharpener,Micrometer,Rivet Gun,Cloth,Yo-Yo,Ruler,Goblet,Steel,Butter Dish,File,Bongo Drum,Micrometer,Hula Hoop,Cloth,Tumbleweed,Ruler,Forklift
Making a C-Clamp,Steel,Cherry Pitter,File,Cowbell,Micrometer,Chalice,Cloth,Snorkel Mask,Ruler,Desk Calendar,Steel,Fez,File,Whole Pineapple,Micrometer,Drumstick (chicken),Cloth,Churro,Ruler,Luge,Steel,Decanter,File,Bone Saw,Micrometer,Parka,Cloth,Reflex Hammer,Ruler,Flask,Steel,Kazoo,File,Ventriloquist Dummy,Micrometer,Pretzel,Cloth,Mannequin,Ruler,Ironing Board,Steel,Shuttlecock,File,Balance Beam,Micrometer,Cowl,Cloth,Pommel,Ruler,Dough Hook
Making a G-Clamp,Steel,Torque Wrench,File,Barrel,Micrometer,Wasp Nest,Cloth,Sumo Belt,Ruler,Rubber Duck,Steel,Forklift,File,Giant Gummy Bear,Micrometer,Weather Vane,Cloth,Chalk Line,Ruler,Lump of Coal,Steel,Gummy Worm,File,Javelin,Micrometer,Kilt,Cloth,Canteen,Ruler,Ukulele,Steel,Throw Pillow,File,Megaphone,Micrometer,Caulk Gun,Cloth,Bellows,Ruler,Gondola,Steel,Jug,File,Lacrosse Stick,Micrometer,Segway,Cloth,Test Tube,Ruler,Whole Salmon
Making a Bench Stop,Wood,Sand Dollar,Chisel,Gargoyle,File,Heat Gun,Cloth,Driftwood,Ruler,Yo-Yo,Wood,Jack-in-the-Box,Chisel,Kayak,File,Binder Clip,Cloth,Bunsen Burner,Ruler,Scythe,Wood,Churro,Chisel,Hula Hoop,File,Snow Globe,Cloth,Boomerang,Ruler,Umbrella Stand,Wood,Tuba,Chisel,Chamberpot,File,Beret,Cloth,Candy Cane,Ruler,Corn on the Cob,Wood,Centrifuge,Chisel,Scepter,File,Fez,Cloth,Pitchfork,Ruler,Mannequin
Making a Bench Hook,Wood,Kilt,Chisel,Footstool,File,Hang Glider,Cloth,Tape Dispenser,Ruler,Fez,Wood,Dried Corn Husk,Chisel,Baguette,File,Beret,Cloth,Pinecone,Ruler,Marbles,Wood,Torque Wrench,Chisel,Snow Globe,File,Plumb Bob,Cloth,Tongue Depressor,Ruler,Paper Clip Chain,Wood,Fondue Pot,Chisel,Pie Bird,File,Banjo,Cloth,Desk Calendar,Ruler,Test Tube,Wood,Bobblehead,Chisel,Caulk Gun,File,Lobster,Cloth,Sousaphone,Ruler,Tuxedo Jacket
Making a Shooting Board,Wood,Xylophone,Chisel,Tuxedo Jacket,File,Tongue Depressor,Cloth,Churro,Ruler,Mandolin,Wood,Bellows,Chisel,Ramekin,File,Sombrero,Cloth,Trophy,Ruler,Polo Mallet,Wood,Desk Calendar,Chisel,Pommel,File,Whole Salmon,Cloth,Puppet,Ruler,Salad Spinner,Wood,Pogo Stick,Chisel,Fondue Pot,File,Gourd,Cloth,Pipe Wrench,Ruler,Gavel,Wood,Springform Pan,Chisel,Bunch of Bananas,File,Pencil Sharpener,Cloth,Theremin,Ruler,Pastry Brush
Making a Mitre Box,Wood,Chamberpot,Saw,Cake Dome,Chisel,Rubber Band Ball,File,Kilt,Ruler,Sand Dollar,Wood,Kite,Saw,Pith Helmet,Chisel,Unicycle,File,Ascot,Ruler,Pommel,Wood,Goblet,Saw,Candy Apple,Chisel,Balance Beam,File,Torque Wrench,Ruler,Coat Rack,Wood,Tuba,Saw,Megaphone,Chisel,Melon Baller,File,Kayak,Ruler,Gondola,Wood,Frisbee,Saw,Petri Dish,Chisel,Ironing Board,File,Bellhop Cart,Ruler,Rivet Gun
Making a Saw Bench,Wood,Paper Clip Chain,Saw,Jump Rope,Chisel,Marbles,File,Geode,Ruler,Sundial,Wood,Xylophone,Saw,Recorder,Chisel,Bone Saw,File,Parka,Ruler,Tutu,Wood,Tape Dispenser,Saw,Bocce Ball,Chisel,Bobblehead,File,Marionette,Ruler,Angle Grinder,Wood,Puppet,Saw,Retractor,Chisel,Kilt,File,Luge,Ruler,Wheel of Cheese,Wood,Compass,Saw,Ascot,Chisel,Snorkel Mask,File,Bucket,Ruler,Chalice
Making a Workbench,Wood,Beret,Saw,Gavel,Chisel,Urn,File,Mandolin,Ruler,Wheel of Cheese,Wood,Ironing Board,Saw,Parka,Chisel,Microscope Slide,File,Xylophone,Ruler,Canteen,Wood,Bobsled,Saw,Pommel,Chisel,Corn on the Cob,File,Stalagtite,Ruler,Lacrosse Stick,Wood,Cloak,Saw,Hula Hoop,Chisel,Tuba,File,Jack-in-the-Box,Ruler,Shot Put,Wood,Sea Urchin,Saw,Boomerang,Chisel,Gourd,File,Bunch of Bananas,Ruler,Periscope
Making a Tool Chest,Wood,Shuttlecock,Saw,Bucket,Chisel,Candy Cane,File,Caulk Gun,Ruler,Luge,Wood,Cauldron,Saw,Belt Sander,Chisel,Whole Salmon,File,Beehive,Ruler,Kilt,Wood,Rubber Band Ball,Saw,Ironing Board,Chisel,Gargoyle,File,Pinwheel,Ruler,Muumuu,Wood,Pogo Stick,Saw,Cloak,Chisel,Street Sweeper,File,Bocce Ball,Ruler,Bobsled,Wood,Sombrero,Saw,Ramekin,Chisel,Pinecone,File,Thermos,Ruler,Pie Bird
Making a Tool Tote,Wood,Candy Cane,Saw,Springform Pan,Chisel,Compass,File,Gondola,Ruler,Slinky,Wood,Pitchfork,Saw,Ironing Board,Chisel,Petri Dish,File,Footstool,Ruler,Gummy Worm,Wood,Specimen Jar,Saw,Snorkel Mask,Chisel,Zither,File,Theremin,Ruler,Dough Hook,Wood,Coat Rack,Saw,Ramekin,Chisel,Bocce Ball,File,Pommel,Ruler,Abacus,Wood,Kite,Saw,Bread Maker,Chisel,Sousaphone,File,Pipe Wrench,Ruler,Gravy Boat
Making a Mallet,Wood,Chamberpot,Lathe,Hula Hoop,Chisel,Plumb Bob,File,Sextant,Ruler,Slinky,Wood,Kaleidoscope,Lathe,Driftwood,Chisel,Kite,File,Periscope,Ruler,Footstool,Wood,Bread Maker,Lathe,Poncho,Chisel,Weather Vane,File,Geode,Ruler,Chalk Line,Wood,Ironing Board,Lathe,Gourd,Chisel,Stapler,File,Frisbee,Ruler,Goblet,Wood,Paperweight,Lathe,Segway,Chisel,Forceps,File,Gramophone,Ruler,Lute
Making a Wooden Plane,Wood,Torque Wrench,Iron,Coat Rack,Chisel,Street Sweeper,File,Test Tube,Ruler,Churro,Wood,Canoe,Iron,Scepter,Chisel,Angle Grinder,File,Bocce Ball,Ruler,Marbles,Wood,Lump of Coal,Iron,Rowing Shell,Chisel,Stethoscope,File,Pince-Nez,Ruler,Candy Cane,Wood,Paper Clip Chain,Iron,Tuxedo Jacket,Chisel,Corndog,File,Ukulele,Ruler,Submarine Periscope,Wood,Mannequin,Iron,Slinky,Chisel,Abacus,File,Yo-Yo,Ruler,Bellows
Making a Spokeshave,Steel,Door Knocker,Wood,Pogo Stick,File,Whole Pineapple,Chisel,Canteen,Ruler,Parka,Steel,Snorkel Mask,Wood,Rickshaw,File,Rubber Band Ball,Chisel,Lacrosse Stick,Ruler,Jawbreaker,Steel,Rubber Duck,Wood,Polo Mallet,File,Barrel,Chisel,Theremin,Ruler,Slot Machine,Steel,Dogsledge,Wood,Typewriter,File,Hazmat Suit,Chisel,Pitchfork,Ruler,Ventriloquist Dummy,Steel,Kazoo,Wood,Butter Dish,File,Pinecone,Chisel,Stethoscope,Ruler,Tape Dispenser
Making a Drawknife,Steel,Compass,Wood,Coat Rack,File,Hang Glider,Chisel,Weather Vane,Ruler,Kayak,Steel,Whole Salmon,Wood,Sand Dollar,File,Xylophone,Chisel,Lobster,Ruler,Bullhorn,Steel,Shot Put,Wood,Caulk Gun,File,Pastry Brush,Chisel,Hula Hoop,Ruler,Javelin,Steel,Microscope Slide,Wood,Scepter,File,Parallel Bar,Chisel,Jack-in-the-Box,Ruler,Corndog,Steel,Goblet,Wood,Melon Baller,File,Pie Bird,Chisel,Chamberpot,Ruler,Scythe
Making a Scraper,Steel,Bobsled,File,Catamaran,Burnisher,Churro,Cloth,Melon Baller,Ruler,Drumstick (chicken),Steel,Candy Floss,File,Pinecone,Burnisher,Test Tube,Cloth,Driftwood,Ruler,Pitchfork,Steel,Paper Clip Chain,File,Canteen,Burnisher,Cake Dome,Cloth,Bellhop Cart,Ruler,Maracas,Steel,Frisbee,File,Luge,Burnisher,Bone Saw,Cloth,Hang Glider,Ruler,Correction Tape,Steel,Fondue Pot,File,Marionette,Burnisher,Lobster,Cloth,Abacus,Ruler,Bobblehead
Making a Marking Knife,Steel,Otoscope,Wood,Lacrosse Stick,File,Marbles,Cloth,Keg,Ruler,Street Sweeper,Steel,Jug,Wood,Letter Opener,File,Gondola,Cloth,Trophy,Ruler,Sea Urchin,Steel,Wasp Nest,Wood,Salad Spinner,File,Candy Cane,Cloth,Accordion,Ruler,Ukulele,Steel,Pie Bird,Wood,Scythe,File,Desk Calendar,Cloth,Cloak,Ruler,Stapler,Steel,Zamboni,Wood,Canteen,File,Pith Helmet,Cloth,Abacus,Ruler,Blimp
Making a Mortise Chisel,Steel,Caulk Gun,Wood,TV Remote,File,Gondola,Cloth,Springform Pan,Ruler,Sticky Notes Pad,Steel,Drumstick (chicken),Wood,Lobster,File,Discus,Cloth,Sousaphone,Ruler,Shuttlecock,Steel,Street Sweeper,Wood,Test Tube,File,Abacus,Cloth,Door Stopper,Ruler,Spats,Steel,Ramekin,Wood,Melon Baller,File,Ventriloquist Dummy,Cloth,Puppet,Ruler,Hurdle,Steel,Sextant,Wood,Butter Dish,File,Tricycle,Cloth,Whole Pineapple,Ruler,Sedan Chair
Making a Paring Chisel,Steel,Sumo Belt,Wood,Kazoo,File,Periscope,Cloth,Gummy Worm,Ruler,Lump of Coal,Steel,Drumstick (chicken),Wood,Flask,File,Geode,Cloth,Blimp,Ruler,Plumb Bob,Steel,Gargoyle,Wood,Footstool,File,Gondola,Cloth,Catamaran,Ruler,Pith Helmet,Steel,Coat Rack,Wood,Lollipop,File,Butter Dish,Cloth,Watermelon,Ruler,Tape Dispenser,Steel,Canoe,Wood,Bellhop Cart,File,Trophy,Cloth,Melon Baller,Ruler,Spinning Top
Making a Turning Gouge,Steel,Bobsled,Wood,Bongo Drum,File,Rubber Duck,Cloth,Door Knocker,Ruler,Fire Poker,Steel,Ironing Board,Wood,Test Tube,File,Xylophone,Cloth,Poncho,Ruler,Lathe,Steel,Belt Sander,Wood,Candy Floss,File,Bone Saw,Cloth,Mannequin,Ruler,Floor Lamp,Steel,Tin Snips,Wood,Mandolin,File,Door Stopper,Cloth,Cotton Candy,Ruler,Sundial,Steel,Pogo Stick,Wood,Thermos,File,Barrel,Cloth,Megaphone,Ruler,Stepladder
Making a Skew Chisel,Steel,Yo-Yo,Wood,Dried Corn Husk,File,Didgeridoo,Cloth,Footstool,Ruler,Shot Put,Steel,Angle Grinder,Wood,Microscope Slide,File,Kaleidoscope,Cloth,Weather Vane,Ruler,Skip-It,Steel,Hang Glider,Wood,Megaphone,File,Spinning Top,Cloth,Pumice Stone,Ruler,Tape Dispenser,Steel,Chalice,Wood,Blimp,File,Retractor,Cloth,Paper Clip Chain,Ruler,Bobsled,Steel,Cauldron,Wood,Tuxedo Jacket,File,Snorkel Mask,Cloth,Anvil,Ruler,Fossil
Making a Bowl Gouge,Steel,Kayak,Wood,Chalk Line,File,Chalice,Cloth,Thermos,Ruler,Lollipop,Steel,Letter Opener,Wood,Kite,File,Sticky Notes Pad,Cloth,Reflex Hammer,Ruler,Candy Floss,Steel,Retractor,Wood,Candy Apple,File,Spinning Top,Cloth,Paper Clip Chain,Ruler,Banjo,Steel,Bocce Ball,Wood,Kilt,File,Door Knocker,Cloth,Cask,Ruler,Scythe,Steel,Dough Hook,Wood,Gargoyle,File,Giant Gummy Bear,Cloth,Cherry Pitter,Ruler,Tambourine
Making a Spindle Gouge,Steel,TV Remote,Wood,Floor Lamp,File,Egg Separator,Cloth,Parka,Ruler,Hazmat Suit,Steel,Forceps,Wood,Thermos,File,Marbles,Cloth,Stapler,Ruler,Wire Stripper,Steel,Maracas,Wood,Gramophone,File,Trophy,Cloth,Umbrella Stand,Ruler,Microscope Slide,Steel,Door Knocker,Wood,Kite,File,Reflex Hammer,Cloth,Skeleton Sled,Ruler,Mandolin,Steel,Garlic Press,Wood,Stalagtite,File,Churro,Cloth,Curling Stone,Ruler,Goblet
Making a Parting Tool,Steel,Fossil,Wood,Egg Separator,File,Barrel,Cloth,Sumo Belt,Ruler,Giant Gummy Bear,Steel,Bobsled,Wood,Pince-Nez,File,Amphora,Cloth,Corndog,Ruler,Compass,Steel,Stepladder,Wood,Belt Sander,File,Bongo Drum,Cloth,Ramekin,Ruler,Door Stopper,Steel,Tuxedo Jacket,Wood,Gondola,File,Puppet,Cloth,Test Tube,Ruler,Retractor,Steel,Candelabra,Wood,Kayak,File,Maracas,Cloth,Stapler,Ruler,Rivet Gun
Making a Roughing Gouge,Steel,Gummy Worm,Wood,Maracas,File,Urn,Cloth,Belt Sander,Ruler,Bucket,Steel,Tumbleweed,Wood,Chaise Longue,File,Stethoscope,Cloth,Dried Corn Husk,Ruler,Marionette,Steel,Forklift,Wood,Skeleton Sled,File,Sousaphone,Cloth,Canteen,Ruler,Poncho,Steel,Banjo,Wood,Compass,File,Chamberpot,Cloth,Shuttlecock,Ruler,Test Tube,Steel,Discus,Wood,Kaleidoscope,File,Pinball Machine,Cloth,Sticky Notes Pad,Ruler,Jawbreaker
Making a Sharpening Stone,Abrasive,Decanter,Binder,Snow Globe,Mold,Sumo Belt,Press,Trophy,Kiln,Stalagtite,Abrasive,Beehive,Binder,Letter Opener,Mold,Bobsled,Press,Cake Dome,Kiln,Shot Put,Abrasive,Pogo Stick,Binder,Pitchfork,Mold,Forceps,Press,Paper Clip Chain,Kiln,Bunch of Bananas,Abrasive,Pince-Nez,Binder,Amphora,Mold,Clam Shell,Press,Boomerang,Kiln,Lute,Abrasive,Geode,Binder,Driftwood,Mold,Plumb Bob,Press,Fez,Kiln,Bird Nest
Making a Leather Strop,Leather,Mandolin,Board,Tin Snips,Compound,Scepter,Cloth,Submarine Periscope,Ruler,Corn on the Cob,Leather,Heat Gun,Board,Snow Globe,Compound,Tongue Depressor,Cloth,Pinwheel,Ruler,Forceps,Leather,Rowing Shell,Board,Cask,Compound,Slinky,Cloth,Antlers,Ruler,Chalk Line,Leather,Typewriter,Board,Luge,Compound,Pretzel,Cloth,Retractor,Ruler,Chaise Longue,Leather,Parallel Bar,Board,Beehive,Compound,Kayak,Cloth,Harpsichord,Ruler,Sand Dollar
Making a Honing Guide,Steel,Beehive,File,Fez,Cloth,Fondue Pot,Ruler,Watermelon,Micrometer,Pie Bird,Steel,Butter Dish,File,Fossil,Cloth,Tambourine,Ruler,Bird Nest,Micrometer,Cotton Candy,Steel,Kazoo,File,Lump of Coal,Cloth,Caulk Gun,Ruler,Stethoscope,Micrometer,Letter Opener,Steel,Compass,File,Megaphone,Cloth,Melon Baller,Ruler,Coat Rack,Micrometer,Beret,Steel,Rivet Gun,File,Muumuu,Cloth,Skip-It,Ruler,Zither,Micrometer,Segway
Making a Grinding Wheel,Abrasive,Gavel,Binder,Poncho,Mold,Ramekin,Press,Jawbreaker,Kiln,Caulk Gun,Abrasive,Ventriloquist Dummy,Binder,Cherry Pitter,Mold,Vuvuzela,Press,Belt Sander,Kiln,Springform Pan,Abrasive,Nibbler,Binder,Toilet Plunger,Mold,Muumuu,Press,Canteen,Kiln,Lathe,Abrasive,Gummy Worm,Binder,Tin Snips,Mold,Candelabra,Press,Cask,Kiln,Dogsledge,Abrasive,Amphora,Binder,Sand Dollar,Mold,Torque Wrench,Press,Pipe Wrench,Kiln,Skip-It
Making a Buffing Wheel,Sisal,Whole Pineapple,Arbor,Jack-in-the-Box,Glue,Fondue Pot,Cloth,Skip-It,Ruler,Throw Pillow,Sisal,Cloak,Arbor,Floor Lamp,Glue,Javelin,Cloth,Tutu,Ruler,Snow Globe,Sisal,Coat Rack,Arbor,Stapler,Glue,Kaleidoscope,Cloth,Urn,Ruler,Lump of Coal,Sisal,Driftwood,Arbor,Letter Opener,Glue,Gravy Boat,Cloth,Decanter,Ruler,Gargoyle,Sisal,Amphora,Arbor,Ironing Board,Glue,Beehive,Cloth,Bobsled,Ruler,Candelabra
Making a Polishing Mop,Calico,Vuvuzela,Arbor,Toilet Plunger,Stitch,Thermos,Cloth,Canoe,Ruler,Harpsichord,Calico,Giant Gummy Bear,Arbor,Chalice,Stitch,Gondola,Cloth,Skeleton Sled,Ruler,Wind-Up Toy,Calico,Lobster,Arbor,Ear Trumpet,Stitch,Luge,Cloth,Fossil,Ruler,Dried Corn Husk,Calico,Whole Salmon,Arbor,Door Knocker,Stitch,Pommel,Cloth,Bellhop Cart,Ruler,Periscope,Calico,Forceps,Arbor,Barrel,Stitch,Baguette,Cloth,Fire Poker,Ruler,Candy Apple
Making a Wire Wheel,Wire,Lobster,Hub,Blimp,Arbor,Segway,Pliers,Mandolin,Cloth,Boomerang,Wire,Test Tube,Hub,Periscope,Arbor,Umbrella Stand,Pliers,Nibbler,Cloth,Bellows,Wire,Kaleidoscope,Hub,Clam Shell,Arbor,Forceps,Pliers,Urn,Cloth,Scepter,Wire,Trophy,Hub,Bobsled,Arbor,Bucket,Pliers,Bird Nest,Cloth,Weather Vane,Wire,Skip-It,Hub,Bunch of Bananas,Arbor,Chaise Longue,Pliers,Mannequin,Cloth,Lacrosse Stick
Making a Flap Wheel,Abrasive,Wheel of Cheese,Hub,Skeleton Sled,Arbor,Door Knocker,Glue,Maracas,Cloth,Fez,Abrasive,Reflex Hammer,Hub,Kite,Arbor,Chaise Longue,Glue,Inbox Tray,Cloth,Kaleidoscope,Abrasive,Gavel,Hub,Ramekin,Arbor,Sumo Belt,Glue,Footstool,Cloth,Wind-Up Toy,Abrasive,Sand Dollar,Hub,Lacrosse Stick,Arbor,Cake Dome,Glue,Correction Tape,Cloth,Gourd,Abrasive,Snow Globe,Hub,Umbrella Stand,Arbor,Sedan Chair,Glue,Angle Grinder,Cloth,Stalagtite
Making a Drum Sander,Drum,Cask,Abrasive,Nibbler,Arbor,Javelin,Glue,Sombrero,Cloth,Canteen,Drum,Gargoyle,Abrasive,Accordion,Arbor,Jigsaw,Glue,Jug,Cloth,Gummy Worm,Drum,Curling Stone,Abrasive,Retractor,Arbor,Harpsichord,Glue,Door Stopper,Cloth,Hole Punch,Drum,Poncho,Abrasive,Street Sweeper,Arbor,Cauldron,Glue,Bunsen Burner,Cloth,Egg Separator,Drum,Gramophone,Abrasive,Floor Lamp,Arbor,Catamaran,Glue,Beehive,Cloth,TV Remote
Making a Spindle Sander,Drum,Slot Machine,Abrasive,Salad Spinner,Arbor,Forceps,Glue,Baguette,Cloth,Inbox Tray,Drum,Ironing Board,Abrasive,Angle Grinder,Arbor,Specimen Jar,Glue,TV Remote,Cloth,Melon Baller,Drum,Rowing Shell,Abrasive,Cloak,Arbor,Shuttlecock,Glue,Stalagtite,Cloth,Wind-Up Toy,Drum,Chalk Line,Abrasive,Segway,Arbor,Watermelon,Glue,Javelin,Cloth,Churro,Drum,Lump of Coal,Abrasive,Gummy Worm,Arbor,Wheel of Cheese,Glue,Door Knocker,Cloth,Amphora
Making a Disc Sander,Disc,Bellows,Abrasive,Angle Grinder,Arbor,Petri Dish,Glue,Cauldron,Cloth,Egg Separator,Disc,Theremin,Abrasive,Bread Maker,Arbor,Shot Put,Glue,Garlic Press,Cloth,Forceps,Disc,Canteen,Abrasive,Mandolin,Arbor,Compass,Glue,Harpsichord,Cloth,Heat Gun,Disc,Spats,Abrasive,Tuxedo Jacket,Arbor,Lute,Glue,Hurdle,Cloth,Sedan Chair,Disc,Reflex Hammer,Abrasive,Giant Gummy Bear,Arbor,Tambourine,Glue,Ironing Board,Cloth,Dough Hook
Making a Belt Sander,Belt,Cowbell,Abrasive,Paperweight,Drum,Inbox Tray,Glue,Cask,Cloth,Gavel,Belt,Spats,Abrasive,Harpsichord,Drum,Luge,Glue,Ventriloquist Dummy,Cloth,Slinky,Belt,Ukulele,Abrasive,Dough Hook,Drum,Specimen Jar,Glue,Sea Urchin,Cloth,Bunch of Bananas,Belt,Curling Stone,Abrasive,Fondue Pot,Drum,Kazoo,Glue,Centrifuge,Cloth,Salad Spinner,Belt,Beehive,Abrasive,Pommel,Drum,Parallel Bar,Glue,Plumb Bob,Cloth,Parka
Making a Planer,Steel,Fire Poker,Wood,Bellows,File,Forceps,Chisel,Scythe,Ruler,Barrel,Steel,Snow Globe,Wood,Bird Nest,File,Cauldron,Chisel,Bongo Drum,Ruler,Goblet,Steel,Fez,Wood,Hurdle,File,Paper Clip Chain,Chisel,Rowing Shell,Ruler,Chamberpot,Steel,Skeleton Sled,Wood,Door Knocker,File,Springform Pan,Chisel,Correction Tape,Ruler,Tambourine,Steel,Lute,Wood,Lathe,File,Maracas,Chisel,Harpsichord,Ruler,Flask
Making a Thicknesser,Steel,Melon Baller,Wood,Rubber Band Ball,File,Test Tube,Chisel,Pitchfork,Ruler,Pommel,Steel,Candy Apple,Wood,Inbox Tray,File,Bellows,Chisel,Gavel,Ruler,Paper Clip Chain,Steel,Ironing Board,Wood,Megaphone,File,Polo Mallet,Chisel,Snow Globe,Ruler,Fez,Steel,Paperweight,Wood,Typewriter,File,Gravy Boat,Chisel,Maracas,Ruler,Bread Maker,Steel,Wind-Up Toy,Wood,Pinball Machine,File,Blimp,Chisel,Lacrosse Stick,Ruler,Jigsaw
Making a Jointer,Steel,Wind-Up Toy,Wood,Fire Poker,File,Shuttlecock,Chisel,Salad Spinner,Ruler,Xylophone,Steel,Zamboni,Wood,Recorder,File,Centrifuge,Chisel,Stethoscope,Ruler,Torque Wrench,Steel,Pinball Machine,Wood,Coat Rack,File,Whole Pineapple,Chisel,Bread Maker,Ruler,Sticky Notes Pad,Steel,Bucket,Wood,Puppet,File,Tambourine,Chisel,Antlers,Ruler,Hang Glider,Steel,Mannequin,Wood,Lacrosse Stick,File,Bunch of Bananas,Chisel,Jawbreaker,Ruler,Poncho
Making a Router,Steel,Egg Separator,Wood,Antlers,File,Marbles,Chisel,Hole Punch,Ruler,Gargoyle,Steel,Gourd,Wood,Beehive,File,Drumstick (chicken),Chisel,Bobblehead,Ruler,Fossil,Steel,Pinecone,Wood,Desk Calendar,File,Sextant,Chisel,Parallel Bar,Ruler,Canteen,Steel,Kaleidoscope,Wood,Cake Dome,File,Tuxedo Jacket,Chisel,Bunsen Burner,Ruler,Tape Dispenser,Steel,Ukulele,Wood,Tongue Depressor,File,Curling Stone,Chisel,Stalagtite,Ruler,Tambourine
Making a Jigsaw,Steel,Catamaran,Wood,Baguette,File,Egg Separator,Chisel,Candelabra,Ruler,Lump of Coal,Steel,Cotton Candy,Wood,Jack-in-the-Box,File,Petri Dish,Chisel,Cherry Pitter,Ruler,Slot Machine,Steel,Balance Beam,Wood,Lobster,File,Marbles,Chisel,Corndog,Ruler,Hurdle,Steel,Skip-It,Wood,Maracas,File,Churro,Chisel,Snow Globe,Ruler,Beret,Steel,Umbrella Stand,Wood,Tricycle,File,Hula Hoop,Chisel,Luge,Ruler,Toilet Plunger
Making a Circular Saw,Steel,Hang Glider,Wood,Rubber Duck,File,Bird Nest,Chisel,Bagpipes,Ruler,Hurdle,Steel,Canoe,Wood,Wasp Nest,File,Gramophone,Chisel,Amphora,Ruler,Thermos,Steel,Jigsaw,Wood,Flask,File,Weather Vane,Chisel,Stethoscope,Ruler,Spinning Top,Steel,Pencil Sharpener,Wood,Zither,File,Bunsen Burner,Chisel,Door Stopper,Ruler,Frisbee,Steel,Cotton Candy,Wood,Whole Salmon,File,Beret,Chisel,Hazmat Suit,Ruler,Marbles
Making a Table Saw,Steel,Chamberpot,Wood,Scythe,File,Stapler,Chisel,Wheel of Cheese,Ruler,Belt Sander,Steel,Ukulele,Wood,Jigsaw,File,Jawbreaker,Chisel,Segway,Ruler,Retractor,Steel,Heat Gun,Wood,Gravy Boat,File,Inbox Tray,Chisel,Lacrosse Stick,Ruler,Canoe,Steel,Pinwheel,Wood,Wasp Nest,File,Watermelon,Chisel,Pencil Sharpener,Ruler,Garlic Press,Steel,Angle Grinder,Wood,Mannequin,File,Bellows,Chisel,Letter Opener,Ruler,Anvil
Making a Band Saw,Steel,Watermelon,Wood,Flask,File,Tin Snips,Chisel,Gourd,Ruler,Pinecone,Steel,Frisbee,Wood,Snorkel Mask,File,Chaise Longue,Chisel,Candelabra,Ruler,Balance Beam,Steel,Poncho,Wood,Pommel,File,Lute,Chisel,Pogo Stick,Ruler,Inbox Tray,Steel,Candy Floss,Wood,Wasp Nest,File,Clam Shell,Chisel,Butter Dish,Ruler,Chalk Line,Steel,Ventriloquist Dummy,Wood,Vuvuzela,File,Binder Clip,Chisel,Slot Machine,Ruler,Pommel Horse
Making a Scroll Saw,Steel,Hurdle,Wood,Flask,File,Chaise Longue,Chisel,Bobsled,Ruler,Giant Gummy Bear,Steel,Gondola,Wood,Drumstick (chicken),File,Corn on the Cob,Chisel,Bagpipes,Ruler,Dough Hook,Steel,Rubber Band Ball,Wood,Sumo Belt,File,Puppet,Chisel,Lederhosen,Ruler,Bunsen Burner,Steel,Belt Sander,Wood,Paperweight,File,Pommel,Chisel,Mandolin,Ruler,Dogsledge,Steel,Zamboni,Wood,Pinecone,File,Jawbreaker,Chisel,Accordion,Ruler,Recorder
Making a Drill Press,Steel,Urn,Wood,Gramophone,File,Bellhop Cart,Chisel,Salad Spinner,Ruler,Retractor,Steel,Footstool,Wood,Pumice Stone,File,Skeleton Sled,Chisel,Plumb Bob,Ruler,Hazmat Suit,Steel,Bellows,Wood,Forceps,File,Fondue Pot,Chisel,Paperweight,Ruler,Correction Tape,Steel,Rubber Band Ball,Wood,Stalagtite,File,Nibbler,Chisel,Cotton Candy,Ruler,Kite,Steel,Chaise Longue,Wood,Wasp Nest,File,Kaleidoscope,Chisel,Maracas,Ruler,Hula Hoop
Making a Wood Lathe,Steel,Beehive,Wood,Ironing Board,File,Sedan Chair,Chisel,Tuxedo Jacket,Ruler,Maracas,Steel,Ukulele,Wood,Nibbler,File,Zamboni,Chisel,Abacus,Ruler,Bunsen Burner,Steel,Flask,Wood,Retractor,File,Tuba,Chisel,Polo Mallet,Ruler,Chalice,Steel,Accordion,Wood,Wasp Nest,File,Churro,Chisel,Marionette,Ruler,Pitchfork,Steel,Submarine Periscope,Wood,Door Stopper,File,Geode,Chisel,Fondue Pot,Ruler,Gavel
Making a Metal Lathe,Steel,Chaise Longue,File,Tongue Depressor,Micrometer,Scepter,Cloth,Rickshaw,Ruler,Pinecone,Steel,Tuxedo Jacket,File,Binder Clip,Micrometer,Bread Maker,Cloth,Tricycle,Ruler,Bird Nest,Steel,Typewriter,File,Tambourine,Micrometer,Gummy Worm,Cloth,Beehive,Ruler,Tutu,Steel,Marionette,File,Kayak,Micrometer,Pince-Nez,Cloth,Ramekin,Ruler,Dough Hook,Steel,Torque Wrench,File,Kaleidoscope,Micrometer,Fondue Pot,Cloth,Cauldron,Ruler,Egg Separator
Making a Milling Machine,Steel,Desk Calendar,File,Luge,Micrometer,Test Tube,Cloth,Tricycle,Ruler,Pince-Nez,Steel,Tutu,File,Angle Grinder,Micrometer,Hurdle,Cloth,Tuba,Ruler,Rickshaw,Steel,Submarine Periscope,File,Lederhosen,Micrometer,Thermos,Cloth,Jump Rope,Ruler,Salad Spinner,Steel,Lobster,File,Sea Urchin,Micrometer,Vuvuzela,Cloth,Wheel of Cheese,Ruler,Scythe,Steel,Bagpipes,File,Pinecone,Micrometer,Geode,Cloth,Canoe,Ruler,Correction Tape
Making a Grinder,Steel,Zamboni,File,Canoe,Micrometer,Accordion,Cloth,Oscillating Tool,Ruler,Bullhorn,Steel,Lump of Coal,File,Barrel,Micrometer,Luge,Cloth,Chaise Longue,Ruler,Bread Maker,Steel,Sedan Chair,File,Corn on the Cob,Micrometer,Corndog,Cloth,Bagpipes,Ruler,Hurdle,Steel,Lederhosen,File,Pince-Nez,Micrometer,Harpsichord,Cloth,Curling Stone,Ruler,Shuttlecock,Steel,Salad Spinner,File,Kilt,Micrometer,Megaphone,Cloth,Snow Globe,Ruler,Sextant
Making a Broach,Steel,Beehive,Lathe,Urn,File,Churro,Micrometer,Cherry Pitter,Cloth,Pinball Machine,Steel,Pie Bird,Lathe,Periscope,File,Gummy Worm,Micrometer,Footstool,Cloth,Snow Globe,Steel,Dogsledge,Lathe,Corn on the Cob,File,Bobsled,Micrometer,Pommel Horse,Cloth,Bocce Ball,Steel,Dried Corn Husk,Lathe,Forklift,File,Fire Poker,Micrometer,Amphora,Cloth,Geode,Steel,Zither,Lathe,Letter Opener,File,Thermos,Micrometer,Rubber Duck,Cloth,Chalk Line
Making a Tap,Steel,Hourglass,Lathe,Paperweight,File,Goblet,Micrometer,Inbox Tray,Cloth,Jug,Steel,Cloak,Lathe,Kaleidoscope,File,Didgeridoo,Micrometer,Marionette,Cloth,Skeleton Sled,Steel,Sticky Notes Pad,Lathe,Canteen,File,Pommel Horse,Micrometer,Ironing Board,Cloth,Gummy Worm,Steel,Pommel,Lathe,Hole Punch,File,Rickshaw,Micrometer,Fondue Pot,Cloth,Pitchfork,Steel,Discus,Lathe,Yo-Yo,File,Zither,Micrometer,Candelabra,Cloth,Spats
Making a Die,Steel,Shot Put,Lathe,Trophy,File,Hazmat Suit,Micrometer,Door Knocker,Cloth,TV Remote,Steel,Pretzel,Lathe,Dried Corn Husk,File,Otoscope,Micrometer,Megaphone,Cloth,Rubber Duck,Steel,Watermelon,Lathe,Clam Shell,File,Wire Stripper,Micrometer,Wasp Nest,Cloth,Gondola,Steel,Gramophone,Lathe,Slot Machine,File,Pinwheel,Micrometer,Retractor,Cloth,Bullhorn,Steel,Abacus,Lathe,Urn,File,Sand Dollar,Micrometer,Whole Salmon,Cloth,Kite
Making a Reamer,Steel,Jigsaw,Lathe,Bird Nest,File,Flask,Micrometer,Ascot,Cloth,Angle Grinder,Steel,Forceps,Lathe,Tuba,File,Stepladder,Micrometer,Gondola,Cloth,Pinecone,Steel,Bongo Drum,Lathe,Bobsled,File,Rubber Band Ball,Micrometer,Thermos,Cloth,Totem Pole,Steel,Zither,Lathe,Butter Dish,File,Fondue Pot,Micrometer,Salad Spinner,Cloth,Letter Opener,Steel,Fossil,Lathe,Rivet Gun,File,Paperweight,Micrometer,Ukulele,Cloth,Bone Saw
Making a Counterbore,Steel,Pommel Horse,Lathe,Bone Saw,File,Slot Machine,Micrometer,Cotton Candy,Cloth,Segway,Steel,Accordion,Lathe,Egg Separator,File,Gummy Worm,Micrometer,Centrifuge,Cloth,Cherry Pitter,Steel,Flask,Lathe,Umbrella Stand,File,Barrel,Micrometer,Candy Apple,Cloth,Nibbler,Steel,Pitchfork,Lathe,Beehive,File,Parka,Micrometer,Spats,Cloth,Goblet,Steel,Skip-It,Lathe,Rivet Gun,File,Rubber Duck,Micrometer,Wasp Nest,Cloth,Bongo Drum
Making a Countersink,Steel,Totem Pole,Lathe,Chalk Line,File,Chamberpot,Micrometer,Specimen Jar,Cloth,Stapler,Steel,Pinball Machine,Lathe,Tuxedo Jacket,File,Binder Clip,Micrometer,Coat Rack,Cloth,Toilet Plunger,Steel,Scepter,Lathe,Sedan Chair,File,Belt Sander,Micrometer,Trophy,Cloth,Rowing Shell,Steel,Garlic Press,Lathe,Caulk Gun,File,Paperweight,Micrometer,Banjo,Cloth,Skip-It,Steel,Lollipop,Lathe,Kazoo,File,Compass,Micrometer,Javelin,Cloth,Bongo Drum
Making a Spot Face,Steel,Sedan Chair,Lathe,Fondue Pot,File,Dough Hook,Micrometer,Gondola,Cloth,TV Remote,Steel,Rubber Duck,Lathe,Bellows,File,Throw Pillow,Micrometer,Bone Saw,Cloth,Pith Helmet,Steel,Dogsledge,Lathe,Baguette,File,Sticky Notes Pad,Micrometer,Flask,Cloth,Tambourine,Steel,Monocle,Lathe,Mandolin,File,Wasp Nest,Micrometer,Jigsaw,Cloth,Gummy Worm,Steel,Bread Maker,Lathe,Spinning Top,File,Kaleidoscope,Micrometer,Abacus,Cloth,Tuba
Making a Centre Drill,Steel,Centrifuge,Lathe,Tuba,File,Muumuu,Micrometer,Churro,Cloth,Rivet Gun,Steel,Pastry Brush,Lathe,Marbles,File,Shuttlecock,Micrometer,Chamberpot,Cloth,Door Knocker,Steel,Dough Hook,Lathe,Rubber Band Ball,File,Gavel,Micrometer,Segway,Cloth,Tutu,Steel,Canteen,Lathe,Pitchfork,File,Antlers,Micrometer,Test Tube,Cloth,Oscillating Tool,Steel,Sea Urchin,Lathe,Anvil,File,Scepter,Micrometer,Cowbell,Cloth,Lump of Coal
Making a Twist Drill,Steel,Geode,Lathe,Pastry Brush,File,Compass,Micrometer,Sousaphone,Cloth,Abacus,Steel,Wheel of Cheese,Lathe,Nibbler,File,Barrel,Micrometer,Vuvuzela,Cloth,Letter Opener,Steel,Cloak,Lathe,Whole Pineapple,File,Segway,Micrometer,Whole Salmon,Cloth,Rickshaw,Steel,Wind-Up Toy,Lathe,Rubber Duck,File,Spats,Micrometer,Beret,Cloth,Oscillating Tool,Steel,Hazmat Suit,Lathe,Candelabra,File,Lederhosen,Micrometer,Goblet,Cloth,Drumstick (chicken)
Making a Spade Drill,Steel,Dogsledge,Lathe,Pommel Horse,File,Whole Pineapple,Micrometer,Candy Cane,Cloth,Microscope Slide,Steel,Urn,Lathe,Poncho,File,Cotton Candy,Micrometer,Tuba,Cloth,Cask,Steel,Ear Trumpet,Lathe,Stalagtite,File,Curling Stone,Micrometer,Sticky Notes Pad,Cloth,Tongue Depressor,Steel,Pencil Sharpener,Lathe,Frisbee,File,Mannequin,Micrometer,Lump of Coal,Cloth,Gourd,Steel,TV Remote,Lathe,Paperweight,File,Door Knocker,Micrometer,Xylophone,Cloth,Ventriloquist Dummy
Making a Core Drill,Steel,Jack-in-the-Box,Lathe,Zamboni,File,Barrel,Micrometer,Tuba,Cloth,Unicycle,Steel,Dogsledge,Lathe,Bellhop Cart,File,Door Stopper,Micrometer,Chamberpot,Cloth,Skip-It,Steel,Shuttlecock,Lathe,Jigsaw,File,Ironing Board,Micrometer,Toilet Plunger,Cloth,Bellows,Steel,Gravy Boat,Lathe,Ukulele,File,Desk Calendar,Micrometer,Ascot,Cloth,Hazmat Suit,Steel,Lederhosen,Lathe,Lobster,File,Xylophone,Micrometer,Cherry Pitter,Cloth,Sticky Notes Pad
Making a Step Drill,Steel,Jigsaw,Lathe,Candy Apple,File,Stepladder,Micrometer,Cake Dome,Cloth,Scythe,Steel,Fossil,Lathe,Desk Calendar,File,Spinning Top,Micrometer,Microscope Slide,Cloth,Pogo Stick,Steel,Barrel,Lathe,Keg,File,Bone Saw,Micrometer,Yo-Yo,Cloth,Cask,Steel,Chalice,Lathe,Scepter,File,Stethoscope,Micrometer,Recorder,Cloth,Egg Separator,Steel,Hang Glider,Lathe,Clam Shell,File,Watermelon,Micrometer,Megaphone,Cloth,Unicycle
Making an Annular Cutter,Steel,Ukulele,Lathe,Door Stopper,File,Weather Vane,Micrometer,Bone Saw,Cloth,Desk Calendar,Steel,Gargoyle,Lathe,Sousaphone,File,Banjo,Micrometer,Trophy,Cloth,Fez,Steel,Hula Hoop,Lathe,Inbox Tray,File,Sextant,Micrometer,Sedan Chair,Cloth,Blimp,Steel,Bellows,Lathe,Lacrosse Stick,File,Caulk Gun,Micrometer,Pogo Stick,Cloth,Stalagtite,Steel,Stethoscope,Lathe,Jump Rope,File,Parka,Micrometer,Stapler,Cloth,Slinky
Making a Hollow Mill,Steel,Lederhosen,Lathe,Pinwheel,File,Pencil Sharpener,Micrometer,TV Remote,Cloth,Theremin,Steel,Toilet Plunger,Lathe,Pretzel,File,Hourglass,Micrometer,Bullhorn,Cloth,Geode,Steel,Corndog,Lathe,Nibbler,File,Bongo Drum,Micrometer,Antlers,Cloth,Paper Clip Chain,Steel,Bone Saw,Lathe,Tumbleweed,File,Cowbell,Micrometer,Kazoo,Cloth,Candy Apple,Steel,Chalk Line,Lathe,Pince-Nez,File,Test Tube,Micrometer,Slot Machine,Cloth,Rubber Duck
Making a Shell Mill,Steel,Dried Corn Husk,Lathe,Accordion,File,Baguette,Micrometer,Dough Hook,Cloth,Bocce Ball,Steel,Egg Separator,Lathe,Lump of Coal,File,Totem Pole,Micrometer,Centrifuge,Cloth,Typewriter,Steel,Bellows,Lathe,Forceps,File,Lobster,Micrometer,Spats,Cloth,Tumbleweed,Steel,Tutu,Lathe,Cloak,File,Gavel,Micrometer,Ruler,Cloth,Gummy Worm,Steel,Shuttlecock,Lathe,Tape Dispenser,File,Canteen,Micrometer,Cauldron,Cloth,Sundial
Making a Face Mill,Steel,Jug,Lathe,Stethoscope,File,Unicycle,Micrometer,Otoscope,Cloth,Pince-Nez,Steel,Sundial,Lathe,Kaleidoscope,File,Xylophone,Micrometer,Stepladder,Cloth,Sombrero,Steel,Belt Sander,Lathe,Pogo Stick,File,Kazoo,Micrometer,Submarine Periscope,Cloth,Amphora,Steel,Geode,Lathe,Beret,File,Goblet,Micrometer,Cowl,Cloth,Tambourine,Steel,Bobsled,Lathe,Wind-Up Toy,File,Hurdle,Micrometer,Bongo Drum,Cloth,Rickshaw
Making an End Mill,Steel,Candy Cane,Lathe,Pinwheel,File,Pinball Machine,Micrometer,Rubber Duck,Cloth,Barrel,Steel,Otoscope,Lathe,Candy Floss,File,Anvil,Micrometer,Discus,Cloth,Slinky,Steel,Dogsledge,Lathe,Pie Bird,File,Floor Lamp,Micrometer,Bocce Ball,Cloth,Rubber Band Ball,Steel,Mandolin,Lathe,Skeleton Sled,File,Stepladder,Micrometer,Fondue Pot,Cloth,Hang Glider,Steel,Compass,Lathe,Lollipop,File,Keg,Micrometer,Zamboni,Cloth,Ruler
Making a Ball Nose Mill,Steel,Totem Pole,Lathe,Forklift,File,Correction Tape,Micrometer,Kazoo,Cloth,Paperweight,Steel,Accordion,Lathe,Fire Poker,File,Goblet,Micrometer,Bread Maker,Cloth,Bongo Drum,Steel,Rubber Duck,Lathe,Torque Wrench,File,Test Tube,Micrometer,Gourd,Cloth,Pretzel,Steel,Skeleton Sled,Lathe,Hourglass,File,Keg,Micrometer,Cotton Candy,Cloth,Door Stopper,Steel,Tambourine,Lathe,Watermelon,File,Cask,Micrometer,Spats,Cloth,Bunch of Bananas
Making a Dovetail Cutter,Steel,Kite,Lathe,Catamaran,File,Fire Poker,Micrometer,Plumb Bob,Cloth,Nibbler,Steel,Footstool,Lathe,Bellows,File,Stethoscope,Micrometer,Hula Hoop,Cloth,Urn,Steel,Door Knocker,Lathe,Balance Beam,File,Garlic Press,Micrometer,Chalice,Cloth,Paperweight,Steel,Specimen Jar,Lathe,Kilt,File,Bobsled,Micrometer,Polo Mallet,Cloth,Bellhop Cart,Steel,Sousaphone,Lathe,Whole Salmon,File,Bobblehead,Micrometer,Heat Gun,Cloth,Torque Wrench
Making a T-Slot Cutter,Steel,Lute,Lathe,Gavel,File,Sumo Belt,Micrometer,Centrifuge,Cloth,Churro,Steel,Reflex Hammer,Lathe,Forceps,File,Dried Corn Husk,Micrometer,Drumstick (chicken),Cloth,Dogsledge,Steel,Heat Gun,Lathe,Rowing Shell,File,Totem Pole,Micrometer,Lollipop,Cloth,Hang Glider,Steel,Jug,Lathe,Mannequin,File,Door Knocker,Micrometer,Gramophone,Cloth,Lobster,Steel,Hula Hoop,Lathe,Unicycle,File,Sand Dollar,Micrometer,Whole Salmon,Cloth,Throw Pillow
Making a Woodruff Cutter,Steel,Kilt,Lathe,Salad Spinner,File,Gravy Boat,Micrometer,Lollipop,Cloth,Angle Grinder,Steel,Whole Salmon,Lathe,Javelin,File,Submarine Periscope,Micrometer,Melon Baller,Cloth,Spinning Top,Steel,Candy Apple,Lathe,Fossil,File,Polo Mallet,Micrometer,Canteen,Cloth,Sombrero,Steel,Desk Calendar,Lathe,Letter Opener,File,Cowbell,Micrometer,Bone Saw,Cloth,Sumo Belt,Steel,Zamboni,Lathe,Periscope,File,Tricycle,Micrometer,Recorder,Cloth,Jump Rope
Making a Keyseat Cutter,Steel,Driftwood,Lathe,Pipe Wrench,File,Inbox Tray,Micrometer,Kilt,Cloth,Sticky Notes Pad,Steel,Dried Corn Husk,Lathe,Catamaran,File,Tutu,Micrometer,Cask,Cloth,Bobblehead,Steel,Recorder,Lathe,Skip-It,File,Microscope Slide,Micrometer,Kite,Cloth,Whole Pineapple,Steel,Zamboni,Lathe,Blimp,File,Cowbell,Micrometer,Baguette,Cloth,Shot Put,Steel,Specimen Jar,Lathe,Submarine Periscope,File,Tin Snips,Micrometer,Ear Trumpet,Cloth,Luge
Making a Corner Rounding Mill,Steel,Skip-It,Lathe,Pinwheel,File,Jug,Micrometer,Amphora,Cloth,Correction Tape,Steel,Urn,Lathe,Xylophone,File,Toilet Plunger,Micrometer,Churro,Cloth,Totem Pole,Steel,Chamberpot,Lathe,Rubber Duck,File,Egg Separator,Micrometer,Beehive,Cloth,Pretzel,Steel,Tuxedo Jacket,Lathe,Marionette,File,Keg,Micrometer,Weather Vane,Cloth,Specimen Jar,Steel,Candy Apple,Lathe,Zither,File,Ramekin,Micrometer,Gourd,Cloth,Sombrero
Making a Chamfer Mill,Steel,Bird Nest,Lathe,Hazmat Suit,File,Curling Stone,Micrometer,Scythe,Cloth,Corn on the Cob,Steel,Lederhosen,Lathe,Lute,File,Caulk Gun,Micrometer,Paperweight,Cloth,Catamaran,Steel,Fire Poker,Lathe,Rickshaw,File,Pretzel,Micrometer,Bongo Drum,Cloth,Skip-It,Steel,Boomerang,Lathe,Yo-Yo,File,Heat Gun,Micrometer,Antlers,Cloth,Sundial,Steel,Pommel,Lathe,Floor Lamp,File,Tumbleweed,Micrometer,Microscope Slide,Cloth,Test Tube
Making a Thread Mill,Steel,Floor Lamp,Lathe,Ironing Board,File,Hula Hoop,Micrometer,Kazoo,Cloth,Canoe,Steel,Totem Pole,Lathe,Tricycle,File,Lollipop,Micrometer,Door Stopper,Cloth,Megaphone,Steel,Caulk Gun,Lathe,Lederhosen,File,Bongo Drum,Micrometer,Stapler,Cloth,Sumo Belt,Steel,Bullhorn,Lathe,Corndog,File,Sea Urchin,Micrometer,Bocce Ball,Cloth,Bone Saw,Steel,Zither,Lathe,Bread Maker,File,Monocle,Micrometer,Lump of Coal,Cloth,Sedan Chair
Making a Lollipop Cutter,Steel,Polo Mallet,Lathe,Kilt,File,Sedan Chair,Micrometer,Corn on the Cob,Cloth,Giant Gummy Bear,Steel,Jump Rope,Lathe,Sextant,File,Pipe Wrench,Micrometer,Antlers,Cloth,Totem Pole,Steel,Snorkel Mask,Lathe,Angle Grinder,File,Rubber Duck,Micrometer,Bone Saw,Cloth,Toilet Plunger,Steel,Nibbler,Lathe,Lederhosen,File,Pinwheel,Micrometer,Pith Helmet,Cloth,Didgeridoo,Steel,Whole Salmon,Lathe,Geode,File,Clam Shell,Micrometer,Sticky Notes Pad,Cloth,Monocle
Making a Slot Drill,Steel,Clam Shell,Lathe,Pommel,File,Lacrosse Stick,Micrometer,Coat Rack,Cloth,Sextant,Steel,Bagpipes,Lathe,Monocle,File,Microscope Slide,Micrometer,Snow Globe,Cloth,Sousaphone,Steel,Decanter,Lathe,Xylophone,File,Skeleton Sled,Micrometer,Scythe,Cloth,Chamberpot,Steel,Flask,Lathe,Balance Beam,File,Banjo,Micrometer,Anvil,Cloth,Ramekin,Steel,Stepladder,Lathe,Goblet,File,Maracas,Micrometer,Dough Hook,Cloth,Puppet
Making a Roughing Mill,Steel,Cotton Candy,Lathe,Door Knocker,File,Bunch of Bananas,Micrometer,Hula Hoop,Cloth,Wheel of Cheese,Steel,Luge,Lathe,Reflex Hammer,File,Gondola,Micrometer,Garlic Press,Cloth,Didgeridoo,Steel,Candy Floss,Lathe,Geode,File,Shot Put,Micrometer,Thermos,Cloth,Abacus,Steel,Sundial,Lathe,Parallel Bar,File,Cowbell,Micrometer,Stalagtite,Cloth,Door Stopper,Steel,Whole Pineapple,Lathe,Floor Lamp,File,Monocle,Micrometer,Bocce Ball,Cloth,Stepladder
Making a Finishing Mill,Steel,Maracas,Lathe,Sundial,File,Sumo Belt,Micrometer,Submarine Periscope,Cloth,Amphora,Steel,Fire Poker,Lathe,Shuttlecock,File,Weather Vane,Micrometer,Curling Stone,Cloth,Coat Rack,Steel,Sousaphone,Lathe,Centrifuge,File,Watermelon,Micrometer,Kite,Cloth,Stepladder,Steel,Door Knocker,Lathe,Fez,File,Pinecone,Micrometer,Churro,Cloth,Javelin,Steel,TV Remote,Lathe,Ukulele,File,Candelabra,Micrometer,Desk Calendar,Cloth,Chalk Line
Making a High Helix Mill,Steel,Melon Baller,Lathe,Dogsledge,File,Frisbee,Micrometer,Floor Lamp,Cloth,Whole Salmon,Steel,Paperweight,Lathe,Balance Beam,File,Bullhorn,Micrometer,Ukulele,Cloth,Heat Gun,Steel,Antlers,Lathe,Lump of Coal,File,Bunch of Bananas,Micrometer,Jigsaw,Cloth,Tongue Depressor,Steel,Rubber Band Ball,Lathe,Candy Floss,File,Bocce Ball,Micrometer,Baguette,Cloth,Pinecone,Steel,Theremin,Lathe,Periscope,File,Centrifuge,Micrometer,Umbrella Stand,Cloth,Cotton Candy
Making a Low Helix Mill,Steel,Weather Vane,Lathe,Xylophone,File,Hurdle,Micrometer,Bobsled,Cloth,Forceps,Steel,Antlers,Lathe,Parka,File,Rubber Duck,Micrometer,Lobster,Cloth,Gummy Worm,Steel,Beret,Lathe,Puppet,File,Shot Put,Micrometer,Canoe,Cloth,Bunch of Bananas,Steel,Jump Rope,Lathe,Kilt,File,Catamaran,Micrometer,Lederhosen,Cloth,Giant Gummy Bear,Steel,Amphora,Lathe,Shuttlecock,File,Plumb Bob,Micrometer,Sextant,Cloth,Bullhorn
Making a Variable Helix Mill,Steel,Balance Beam,Lathe,Bocce Ball,File,Snow Globe,Micrometer,Goblet,Cloth,Pinecone,Steel,Bucket,Lathe,Pie Bird,File,Inbox Tray,Micrometer,Ventriloquist Dummy,Cloth,Periscope,Steel,Sundial,Lathe,Rubber Duck,File,Rubber Band Ball,Micrometer,Coat Rack,Cloth,Dried Corn Husk,Steel,Churro,Lathe,Tongue Depressor,File,Curling Stone,Micrometer,Abacus,Cloth,Parallel Bar,Steel,Lacrosse Stick,Lathe,Stalagtite,File,Ramekin,Micrometer,Bread Maker,Cloth,Fossil
Making a Tapered Mill,Steel,Desk Calendar,Lathe,Stepladder,File,Skip-It,Micrometer,TV Remote,Cloth,Lederhosen,Steel,Test Tube,Lathe,Lacrosse Stick,File,Muumuu,Micrometer,Sousaphone,Cloth,Otoscope,Steel,Ironing Board,Lathe,Bocce Ball,File,Puppet,Micrometer,Gargoyle,Cloth,Driftwood,Steel,Petri Dish,Lathe,Umbrella Stand,File,Kaleidoscope,Micrometer,Fondue Pot,Cloth,Canteen,Steel,Kite,Lathe,Frisbee,File,Parallel Bar,Micrometer,Polo Mallet,Cloth,Accordion
Making a Micro Mill,Steel,Letter Opener,Lathe,Bagpipes,File,Cloak,Micrometer,Specimen Jar,Cloth,Abacus,Steel,Kayak,Lathe,Megaphone,File,Whole Salmon,Micrometer,Inbox Tray,Cloth,Gargoyle,Steel,Accordion,Lathe,Melon Baller,File,Pith Helmet,Micrometer,Slinky,Cloth,Throw Pillow,Steel,Pumice Stone,Lathe,Bobblehead,File,Banjo,Micrometer,Sundial,Cloth,Amphora,Steel,Spinning Top,Lathe,Tuxedo Jacket,File,Snorkel Mask,Micrometer,Coat Rack,Cloth,Ascot
Making a Nano Mill,Steel,Rickshaw,Lathe,Weather Vane,File,Compass,Micrometer,Shuttlecock,Cloth,Torque Wrench,Steel,Bunsen Burner,Lathe,Zither,File,Stepladder,Micrometer,Geode,Cloth,Lacrosse Stick,Steel,Throw Pillow,Lathe,Letter Opener,File,Tin Snips,Micrometer,Correction Tape,Cloth,Candy Cane,Steel,Flask,Lathe,Cherry Pitter,File,Dried Corn Husk,Micrometer,Skip-It,Cloth,Jigsaw,Steel,Pinecone,Lathe,Pinball Machine,File,Pitchfork,Micrometer,Salad Spinner,Cloth,Jack-in-the-Box
Making a Diamond Mill,Diamond,Fossil,Lathe,Sedan Chair,File,Snorkel Mask,Micrometer,Frisbee,Cloth,Bagpipes,Diamond,Oscillating Tool,Lathe,Shuttlecock,File,Chalice,Micrometer,Curling Stone,Cloth,Scythe,Diamond,Tuxedo Jacket,Lathe,Candy Apple,File,Xylophone,Micrometer,Bullhorn,Cloth,Beehive,Diamond,Paperweight,Lathe,Javelin,File,Bunch of Bananas,Micrometer,Lump of Coal,Cloth,Forceps,Diamond,Dogsledge,Lathe,Rickshaw,File,Clam Shell,Micrometer,Whole Salmon,Cloth,Wasp Nest
Making a CBN Mill,CBN,Kazoo,Lathe,Scythe,File,Sand Dollar,Micrometer,Letter Opener,Cloth,Urn,CBN,Periscope,Lathe,Theremin,File,Bunsen Burner,Micrometer,Lederhosen,Cloth,Pogo Stick,CBN,Kaleidoscope,Lathe,Corndog,File,Abacus,Micrometer,Fondue Pot,Cloth,Specimen Jar,CBN,Nibbler,Lathe,Bullhorn,File,Salad Spinner,Micrometer,Ukulele,Cloth,Curling Stone,CBN,Yo-Yo,Lathe,Pretzel,File,Candelabra,Micrometer,Desk Calendar,Cloth,Unicycle
Making a Ceramic Mill,Ceramic,Driftwood,Lathe,Rubber Band Ball,File,Gramophone,Micrometer,Stapler,Cloth,Javelin,Ceramic,Door Knocker,Lathe,Salad Spinner,File,Jump Rope,Micrometer,Pumice Stone,Cloth,Segway,Ceramic,Cauldron,Lathe,Amphora,File,Binder Clip,Micrometer,Rivet Gun,Cloth,Urn,Ceramic,Pretzel,Lathe,Fossil,File,Slinky,Micrometer,Letter Opener,Cloth,Petri Dish,Ceramic,Catamaran,Lathe,Compass,File,Sticky Notes Pad,Micrometer,Corn on the Cob,Cloth,Sextant
Making a Cobalt Mill,Cobalt,Bread Maker,Lathe,Ukulele,File,Jug,Micrometer,Fossil,Cloth,Cake Dome,Cobalt,Centrifuge,Lathe,Thermos,File,Oscillating Tool,Micrometer,Catamaran,Cloth,Plumb Bob,Cobalt,Wire Stripper,Lathe,Sextant,File,Puppet,Micrometer,Tricycle,Cloth,Amphora,Cobalt,Drumstick (chicken),Lathe,Bunch of Bananas,File,Stapler,Micrometer,Tuba,Cloth,Snorkel Mask,Cobalt,Harpsichord,Lathe,Barrel,File,Watermelon,Micrometer,Snow Globe,Cloth,Mandolin
Making a Carbide Mill,Carbide,Door Knocker,Lathe,Shot Put,File,Retractor,Micrometer,Pencil Sharpener,Cloth,Yo-Yo,Carbide,Sundial,Lathe,Slinky,File,Luge,Micrometer,Totem Pole,Cloth,Cloak,Carbide,Wind-Up Toy,Lathe,Rivet Gun,File,Xylophone,Micrometer,Scepter,Cloth,Bobsled,Carbide,Canteen,Lathe,Catamaran,File,Tambourine,Micrometer,Chaise Longue,Cloth,Bone Saw,Carbide,Tongue Depressor,Lathe,Muumuu,File,Unicycle,Micrometer,Sombrero,Cloth,Weather Vane
Making a TiN Mill,Steel,Door Stopper,CVD Coater,Egg Separator,File,Canteen,Micrometer,Candy Floss,Cloth,Bellhop Cart,Steel,Lederhosen,CVD Coater,Paper Clip Chain,File,Oscillating Tool,Micrometer,Binder Clip,Cloth,Cake Dome,Steel,Dough Hook,CVD Coater,Tape Dispenser,File,Ventriloquist Dummy,Micrometer,Accordion,Cloth,Slinky,Steel,Ruler,CVD Coater,Garlic Press,File,Anvil,Micrometer,Slot Machine,Cloth,Correction Tape,Steel,Thermos,CVD Coater,Periscope,File,Lathe,Micrometer,Ascot,Cloth,Watermelon
Making a TiAlN Mill,Steel,Totem Pole,CVD Coater,Anvil,File,Ruler,Micrometer,Giant Gummy Bear,Cloth,Sticky Notes Pad,Steel,Pitchfork,CVD Coater,Jump Rope,File,Forklift,Micrometer,Specimen Jar,Cloth,Lederhosen,Steel,Stalagtite,CVD Coater,Lathe,File,Didgeridoo,Micrometer,Paperweight,Cloth,Xylophone,Steel,Blimp,CVD Coater,Lump of Coal,File,Beret,Micrometer,Pommel,Cloth,Ironing Board,Steel,Petri Dish,CVD Coater,Beehive,File,Bunch of Bananas,Micrometer,Gramophone,Cloth,Abacus
Making a TiCN Mill,Steel,Totem Pole,CVD Coater,Plumb Bob,File,Jack-in-the-Box,Micrometer,Sumo Belt,Cloth,Zither,Steel,Frisbee,CVD Coater,Dried Corn Husk,File,Tuba,Micrometer,Flask,Cloth,Slinky,Steel,Specimen Jar,CVD Coater,Garlic Press,File,Unicycle,Micrometer,Lollipop,Cloth,Typewriter,Steel,Kite,CVD Coater,Hang Glider,File,Kilt,Micrometer,Tambourine,Cloth,Tongue Depressor,Steel,Sticky Notes Pad,CVD Coater,Bobblehead,File,Paperweight,Micrometer,Heat Gun,Cloth,Hourglass
Making an AlTiN Mill,Steel,Zamboni,CVD Coater,Beehive,File,Sand Dollar,Micrometer,Kaleidoscope,Cloth,Rubber Band Ball,Steel,Shot Put,CVD Coater,Dried Corn Husk,File,Weather Vane,Micrometer,Antlers,Cloth,Pretzel,Steel,Giant Gummy Bear,CVD Coater,Balance Beam,File,Gargoyle,Micrometer,Stepladder,Cloth,Pinecone,Steel,Sticky Notes Pad,CVD Coater,Rickshaw,File,Gourd,Micrometer,Angle Grinder,Cloth,Hole Punch,Steel,Typewriter,CVD Coater,Cauldron,File,Parka,Micrometer,Dough Hook,Cloth,Skeleton Sled
Making a DLC Mill,Steel,Bread Maker,PVD Coater,Goblet,File,Megaphone,Micrometer,Luge,Cloth,Typewriter,Steel,Caulk Gun,PVD Coater,Belt Sander,File,Gondola,Micrometer,Stalagtite,Cloth,Plumb Bob,Steel,Lathe,PVD Coater,Cake Dome,File,Pitchfork,Micrometer,Ramekin,Cloth,Parka,Steel,Giant Gummy Bear,PVD Coater,Kayak,File,Slinky,Micrometer,Angle Grinder,Cloth,Yo-Yo,Steel,Lump of Coal,PVD Coater,Pith Helmet,File,Jack-in-the-Box,Micrometer,Compass,Cloth,Harpsichord
Pressing a Record,Press,Trophy,Label,Gramophone,Lacquer,Tongue Depressor,Stamper,Pipe Wrench,Biscuit,Candy Cane,Press,Accordion,Label,Melon Baller,Lacquer,Whole Salmon,Stamper,Tumbleweed,Biscuit,Cowl,Press,Dogsledge,Label,Gummy Worm,Lacquer,Rickshaw,Stamper,Pitchfork,Biscuit,Sticky Notes Pad,Press,Kazoo,Label,Parka,Lacquer,Fossil,Stamper,Chaise Longue,Biscuit,Butter Dish,Press,Typewriter,Label,Flask,Lacquer,Cloak,Stamper,Footstool,Biscuit,Periscope
Mastering Audio,Tape,Wheel of Cheese,Equaliser,Pith Helmet,Compressor,Poncho,Limiter,Pipe Wrench,Pen,Canteen,Tape,Hourglass,Equaliser,Cauldron,Compressor,Sand Dollar,Limiter,Specimen Jar,Pen,Slot Machine,Tape,Forceps,Equaliser,Sumo Belt,Compressor,Retractor,Limiter,Canoe,Pen,Pastry Brush,Tape,Tuba,Equaliser,Wasp Nest,Compressor,Driftwood,Limiter,Sextant,Pen,Pinwheel,Tape,Pommel Horse,Equaliser,Jawbreaker,Compressor,Watermelon,Limiter,Cherry Pitter,Pen,Boomerang
Cutting a Lathe,Lathe,Centrifuge,Stylus,Pipe Wrench,Acetate,Recorder,Amp,Letter Opener,Headphones,Stalagtite,Lathe,Jigsaw,Stylus,Harpsichord,Acetate,Rubber Band Ball,Amp,Marionette,Headphones,Nibbler,Lathe,Flask,Stylus,Melon Baller,Acetate,Bocce Ball,Amp,Pith Helmet,Headphones,Toilet Plunger,Lathe,Pie Bird,Stylus,Bagpipes,Acetate,Zither,Amp,Baguette,Headphones,Pommel,Lathe,Stethoscope,Stylus,Pogo Stick,Acetate,Keg,Amp,Boomerang,Headphones,Fez
Tape Splicing,Tape,Blimp,Razor,Stalagtite,Splicing Block,Periscope,Leader,Stapler,Pen,Candelabra,Tape,Scythe,Razor,Catamaran,Splicing Block,Canteen,Leader,Bongo Drum,Pen,Yo-Yo,Tape,Bullhorn,Razor,Bocce Ball,Splicing Block,Poncho,Leader,Zither,Pen,Bunsen Burner,Tape,Cotton Candy,Razor,Pommel,Splicing Block,Kite,Leader,Fire Poker,Pen,Egg Separator,Tape,Javelin,Razor,Vuvuzela,Splicing Block,Lute,Leader,Belt Sander,Pen,Discus
Reel to Reel Recording,Tape,Test Tube,Reel,Beret,Heads,Springform Pan,Tension Arm,Angle Grinder,Pen,Mannequin,Tape,Ascot,Reel,Geode,Heads,Fire Poker,Tension Arm,Door Stopper,Pen,Otoscope,Tape,Bone Saw,Reel,Mandolin,Heads,Dried Corn Husk,Tension Arm,Xylophone,Pen,Bunsen Burner,Tape,Plumb Bob,Reel,Pumice Stone,Heads,Bobblehead,Tension Arm,Amphora,Pen,Curling Stone,Tape,Chamberpot,Reel,Canoe,Heads,Floor Lamp,Tension Arm,Bongo Drum,Pen,Sand Dollar
Wire Recording,Wire,Curling Stone,Heads,Fez,Spool,Scythe,Tension Arm,Bagpipes,Pen,Melon Baller,Wire,Pith Helmet,Heads,Tuxedo Jacket,Spool,Springform Pan,Tension Arm,Cowl,Pen,Lederhosen,Wire,Street Sweeper,Heads,Cloak,Spool,Caulk Gun,Tension Arm,Sundial,Pen,Spinning Top,Wire,Garlic Press,Heads,Snow Globe,Spool,Gondola,Tension Arm,Fossil,Pen,TV Remote,Wire,Slot Machine,Heads,Whole Salmon,Spool,Canoe,Tension Arm,Floor Lamp,Pen,Bongo Drum
Cylinder Recording,Cylinder,Angle Grinder,Stylus,Lobster,Horn,Oscillating Tool,Crank,Pinball Machine,Cloth,Pumice Stone,Cylinder,Muumuu,Stylus,Lump of Coal,Horn,Clam Shell,Crank,Floor Lamp,Cloth,Blimp,Cylinder,Spats,Stylus,Frisbee,Horn,Tuba,Crank,Bellows,Cloth,Unicycle,Cylinder,Scepter,Stylus,Scythe,Horn,Skip-It,Crank,Marionette,Cloth,Fondue Pot,Cylinder,Sumo Belt,Stylus,Kaleidoscope,Horn,Baguette,Crank,Centrifuge,Cloth,Zamboni
Disc Recording,Disc,Bullhorn,Stylus,Ramekin,Horn,Pommel Horse,Crank,Pencil Sharpener,Cloth,Stethoscope,Disc,Tin Snips,Stylus,Shuttlecock,Horn,Rivet Gun,Crank,Stalagtite,Cloth,Skip-It,Disc,Compass,Stylus,Paperweight,Horn,Beret,Crank,Anvil,Cloth,Pogo Stick,Disc,Periscope,Stylus,Lathe,Horn,Sedan Chair,Crank,Lump of Coal,Cloth,Watermelon,Disc,Fire Poker,Stylus,Parka,Horn,Pommel,Crank,Tape Dispenser,Cloth,Hole Punch
Gramophone Playing,Disc,Torque Wrench,Horn,Chalk Line,Stylus,Gravy Boat,Crank,Rickshaw,Cloth,Candelabra,Disc,Oscillating Tool,Horn,Cask,Stylus,Accordion,Crank,TV Remote,Cloth,Gondola,Disc,Letter Opener,Horn,Scepter,Stylus,Thermos,Crank,Marionette,Cloth,Abacus,Disc,Wasp Nest,Horn,Goblet,Stylus,Gavel,Crank,Dough Hook,Cloth,Stethoscope,Disc,Trophy,Horn,Stepladder,Stylus,Submarine Periscope,Crank,Tuba,Cloth,Sticky Notes Pad
Pianola Playing,Roll,Weather Vane,Pedals,Muumuu,Lever,Curling Stone,Cloth,Harpsichord,Bench,Cake Dome,Roll,Snow Globe,Pedals,Stepladder,Lever,Marbles,Cloth,Pretzel,Bench,Ventriloquist Dummy,Roll,Fondue Pot,Pedals,Garlic Press,Lever,Baguette,Cloth,Scepter,Bench,Hole Punch,Roll,Tuxedo Jacket,Pedals,Bellows,Lever,Cauldron,Cloth,Specimen Jar,Bench,Kazoo,Roll,Bunch of Bananas,Pedals,Tambourine,Lever,Gourd,Cloth,Hurdle,Bench,Tutu
Pipe Organ Playing,Keys,Sticky Notes Pad,Pedals,Wire Stripper,Stop,Rubber Band Ball,Bench,Gourd,Sheet Music,Centrifuge,Keys,Chalk Line,Pedals,Urn,Stop,Bocce Ball,Bench,Tape Dispenser,Sheet Music,Cloak,Keys,Kite,Pedals,Oscillating Tool,Stop,Pastry Brush,Bench,Amphora,Sheet Music,Megaphone,Keys,Street Sweeper,Pedals,Weather Vane,Stop,Totem Pole,Bench,Clam Shell,Sheet Music,Banjo,Keys,Barrel,Pedals,Cowbell,Stop,Pinecone,Bench,Harpsichord,Sheet Music,Ventriloquist Dummy
Glass Armonica Playing,Glass Bowls,Balance Beam,Foot Pedal,Scythe,Wet Fingers,Zamboni,Cloth,Kaleidoscope,Tray,Puppet,Glass Bowls,Pastry Brush,Foot Pedal,Javelin,Wet Fingers,Sundial,Cloth,Coat Rack,Tray,Fez,Glass Bowls,Paper Clip Chain,Foot Pedal,Petri Dish,Wet Fingers,Egg Separator,Cloth,Angle Grinder,Tray,Compass,Glass Bowls,Heat Gun,Foot Pedal,Tutu,Wet Fingers,Cotton Candy,Cloth,Bucket,Tray,Baguette,Glass Bowls,Bobsled,Foot Pedal,Umbrella Stand,Wet Fingers,Rowing Shell,Cloth,Stapler,Tray,Floor Lamp
Theremin Playing,Theremin,Pastry Brush,Hands,Decanter,Amp,Butter Dish,Stand,Desk Calendar,Cable,Bird Nest,Theremin,Skeleton Sled,Hands,Sumo Belt,Amp,Candy Apple,Stand,Bellows,Cable,Sombrero,Theremin,Tongue Depressor,Hands,Coat Rack,Amp,Goblet,Stand,Cake Dome,Cable,Chamberpot,Theremin,Pipe Wrench,Hands,Gravy Boat,Amp,Bread Maker,Stand,Xylophone,Cable,Segway,Theremin,Accordion,Hands,Chalice,Amp,Giant Gummy Bear,Stand,Didgeridoo,Cable,Dough Hook
Ondes Martenot Playing,Keys,Bone Saw,Ring,Sundial,Ribbon,Ear Trumpet,Speaker,Hourglass,Bench,Inbox Tray,Keys,Correction Tape,Ring,TV Remote,Ribbon,Monocle,Speaker,Belt Sander,Bench,Pumice Stone,Keys,Toilet Plunger,Ring,Poncho,Ribbon,Jawbreaker,Speaker,Tape Dispenser,Bench,Angle Grinder,Keys,Beret,Ring,Gummy Worm,Ribbon,Petri Dish,Speaker,Tambourine,Bench,Gavel,Keys,Flask,Ring,Springform Pan,Ribbon,Spinning Top,Speaker,Test Tube,Bench,Canteen
Trautonium Playing,Wire,Parka,Pedal,Pencil Sharpener,Amp,Sousaphone,Stand,Wheel of Cheese,Cloth,Corndog,Wire,Gargoyle,Pedal,Plumb Bob,Amp,Canteen,Stand,Poncho,Cloth,Rubber Duck,Wire,Whole Pineapple,Pedal,Kayak,Amp,Sea Urchin,Stand,Wind-Up Toy,Cloth,Skeleton Sled,Wire,Sextant,Pedal,Fire Poker,Amp,Ascot,Stand,Hazmat Suit,Cloth,Reflex Hammer,Wire,Totem Pole,Pedal,Spinning Top,Amp,Candy Cane,Stand,Angle Grinder,Cloth,Bobsled
Cristal Baschet Playing,Rods,Skip-It,Wet Fingers,Antlers,Amplifier,Pince-Nez,Stand,Frisbee,Cloth,Megaphone,Rods,Bullhorn,Wet Fingers,Weather Vane,Amplifier,Tumbleweed,Stand,Melon Baller,Cloth,Otoscope,Rods,Drumstick (chicken),Wet Fingers,Kilt,Amplifier,Rowing Shell,Stand,Bone Saw,Cloth,Ukulele,Rods,Chaise Longue,Wet Fingers,Bucket,Amplifier,Bobsled,Stand,Whole Pineapple,Cloth,Egg Separator,Rods,Cloak,Wet Fingers,Sombrero,Amplifier,Barrel,Stand,Abacus,Cloth,Candy Cane
Hydraulophone Playing,Keys,Banjo,Water,Cask,Pump,Tuba,Stand,Thermos,Cloth,Stethoscope,Keys,Candy Floss,Water,Ukulele,Pump,Lacrosse Stick,Stand,Cauldron,Cloth,Retractor,Keys,Mandolin,Water,Sticky Notes Pad,Pump,Paper Clip Chain,Stand,Baguette,Cloth,Cowl,Keys,Compass,Water,Lathe,Pump,Scepter,Stand,Jug,Cloth,Luge,Keys,Cotton Candy,Water,Belt Sander,Pump,Pommel Horse,Stand,Segway,Cloth,Gavel
Pyrophone Playing,Tubes,Megaphone,Gas,Lollipop,Flame,Lump of Coal,Stand,Bunch of Bananas,Cloth,Jigsaw,Tubes,Tricycle,Gas,Sand Dollar,Flame,Sousaphone,Stand,Pinecone,Cloth,Test Tube,Tubes,Rickshaw,Gas,Stalagtite,Flame,Dried Corn Husk,Stand,Accordion,Cloth,Banjo,Tubes,Pince-Nez,Gas,Inbox Tray,Flame,Bird Nest,Stand,Pommel Horse,Cloth,Thermos,Tubes,Paper Clip Chain,Gas,Chalk Line,Flame,Baguette,Stand,Antlers,Cloth,Garlic Press
Stalacpipe Organ Playing,Stalactites,Lute,Hammer,Watermelon,Mallet,Melon Baller,Stand,Snorkel Mask,Cloth,Compass,Stalactites,Lollipop,Hammer,Door Knocker,Mallet,Binder Clip,Stand,Specimen Jar,Cloth,Shot Put,Stalactites,Lathe,Hammer,Rowing Shell,Mallet,Pommel,Stand,Pencil Sharpener,Cloth,Lump of Coal,Stalactites,Trophy,Hammer,Weather Vane,Mallet,Lacrosse Stick,Stand,Footstool,Cloth,Pumice Stone,Stalactites,Tongue Depressor,Hammer,Nibbler,Mallet,Sedan Chair,Stand,Bongo Drum,Cloth,Desk Calendar
Contrabass Saxophone Playing,Saxophone,Sedan Chair,Reed,Maracas,Strap,Binder Clip,Stand,Lacrosse Stick,Cloth,Egg Separator,Saxophone,Lobster,Reed,Gourd,Strap,Pommel Horse,Stand,Tumbleweed,Cloth,Parka,Saxophone,Bagpipes,Reed,Bocce Ball,Strap,Clam Shell,Stand,Typewriter,Cloth,Centrifuge,Saxophone,Parallel Bar,Reed,Jigsaw,Strap,Rickshaw,Stand,Accordion,Cloth,Balance Beam,Saxophone,Jack-in-the-Box,Reed,Fire Poker,Strap,Dried Corn Husk,Stand,Slinky,Cloth,Bread Maker
Contrabassoon Playing,Bassoon,Rickshaw,Reed,Baguette,Strap,Angle Grinder,Stand,Giant Gummy Bear,Cloth,Pumice Stone,Bassoon,Toilet Plunger,Reed,Chaise Longue,Strap,Sumo Belt,Stand,Rowing Shell,Cloth,Goblet,Bassoon,Bagpipes,Reed,Hurdle,Strap,Slot Machine,Stand,Lollipop,Cloth,Footstool,Bassoon,Dogsledge,Reed,Tutu,Strap,Marbles,Stand,Pitchfork,Cloth,Microscope Slide,Bassoon,Spats,Reed,Luge,Strap,Canoe,Stand,Umbrella Stand,Cloth,Tambourine
Serpent Playing,Serpent,Spinning Top,Reed,Skeleton Sled,Strap,Forceps,Stand,Belt Sander,Cloth,Tuxedo Jacket,Serpent,Egg Separator,Reed,Rubber Band Ball,Strap,Otoscope,Stand,Clam Shell,Cloth,Unicycle,Serpent,Springform Pan,Reed,Salad Spinner,Strap,Umbrella Stand,Stand,Gavel,Cloth,Pommel,Serpent,Coat Rack,Reed,Cloak,Strap,Corndog,Stand,Candy Floss,Cloth,Cake Dome,Serpent,Javelin,Reed,Pinecone,Strap,Zamboni,Stand,Bellows,Cloth,Ukulele
Ophicleide Playing,Ophicleide,Bone Saw,Reed,Zamboni,Strap,Candy Cane,Stand,Gravy Boat,Cloth,Ascot,Ophicleide,Segway,Reed,Catamaran,Strap,Salad Spinner,Stand,Petri Dish,Cloth,Lobster,Ophicleide,Sand Dollar,Reed,Snow Globe,Strap,Tin Snips,Stand,Hazmat Suit,Cloth,Cauldron,Ophicleide,Clam Shell,Reed,Barrel,Strap,Mandolin,Stand,Lute,Cloth,Churro,Ophicleide,Monocle,Reed,Caulk Gun,Strap,Hurdle,Stand,Letter Opener,Cloth,Geode
Cimbasso Playing,Cimbasso,Angle Grinder,Mouthpiece,Nibbler,Strap,Yo-Yo,Stand,Door Knocker,Cloth,Petri Dish,Cimbasso,Lathe,Mouthpiece,Curling Stone,Strap,Umbrella Stand,Stand,Scythe,Cloth,Amphora,Cimbasso,Javelin,Mouthpiece,Zamboni,Strap,Hazmat Suit,Stand,Segway,Cloth,Torque Wrench,Cimbasso,Bunch of Bananas,Mouthpiece,Canteen,Strap,Hang Glider,Stand,Paper Clip Chain,Cloth,Shot Put,Cimbasso,Whole Pineapple,Mouthpiece,Corndog,Strap,Polo Mallet,Stand,Sextant,Cloth,Ironing Board
Subcontrabass Tuba Playing,Tuba,Pinball Machine,Mouthpiece,Chaise Longue,Strap,Sea Urchin,Stand,Fondue Pot,Cloth,Sundial,Tuba,Shot Put,Mouthpiece,Pince-Nez,Strap,Ruler,Stand,Door Stopper,Cloth,Desk Calendar,Tuba,Kilt,Mouthpiece,Retractor,Strap,Cloak,Stand,Wind-Up Toy,Cloth,Skeleton Sled,Tuba,Lederhosen,Mouthpiece,Binder Clip,Strap,Gramophone,Stand,Lute,Cloth,Throw Pillow,Tuba,Tuxedo Jacket,Mouthpiece,Snow Globe,Strap,Maracas,Stand,Rowing Shell,Cloth,Segway
Helicon Playing,Helicon,Stalagtite,Mouthpiece,Tongue Depressor,Strap,Throw Pillow,Stand,Pumice Stone,Cloth,Gourd,Helicon,Coat Rack,Mouthpiece,Chamberpot,Strap,Ramekin,Stand,Segway,Cloth,Jigsaw,Helicon,Stepladder,Mouthpiece,Pitchfork,Strap,Jawbreaker,Stand,Hurdle,Cloth,Beehive,Helicon,Decanter,Mouthpiece,Pie Bird,Strap,Pretzel,Stand,Melon Baller,Cloth,Toilet Plunger,Helicon,Tumbleweed,Mouthpiece,Angle Grinder,Strap,Umbrella Stand,Stand,Pince-Nez,Cloth,Egg Separator
Sousaphone Playing,Sousaphone,Bunch of Bananas,Mouthpiece,Amphora,Strap,Unicycle,Stand,Belt Sander,Cloth,Sextant,Sousaphone,Ironing Board,Mouthpiece,Mannequin,Strap,Whole Pineapple,Stand,Bocce Ball,Cloth,Zamboni,Sousaphone,TV Remote,Mouthpiece,Reflex Hammer,Strap,Lollipop,Stand,Sundial,Cloth,Ventriloquist Dummy,Sousaphone,Forceps,Mouthpiece,Rowing Shell,Strap,Pinecone,Stand,Hourglass,Cloth,Beret,Sousaphone,Gargoyle,Mouthpiece,Accordion,Strap,Cake Dome,Stand,Bird Nest,Cloth,Rivet Gun
Wagner Tuba Playing,Tuba,Beret,Mouthpiece,Jump Rope,Strap,Reflex Hammer,Stand,TV Remote,Cloth,Recorder,Tuba,Candy Apple,Mouthpiece,Kazoo,Strap,Scythe,Stand,Antlers,Cloth,Pith Helmet,Tuba,Forklift,Mouthpiece,Kayak,Strap,Door Stopper,Stand,Stalagtite,Cloth,Chaise Longue,Tuba,Catamaran,Mouthpiece,Cowbell,Strap,Puppet,Stand,Sand Dollar,Cloth,Decanter,Tuba,Bagpipes,Mouthpiece,Bone Saw,Strap,Wire Stripper,Stand,Marbles,Cloth,Cake Dome
Corno da Caccia Playing,Horn,Ruler,Mouthpiece,Rubber Band Ball,Strap,Tutu,Stand,Sombrero,Cloth,Abacus,Horn,Theremin,Mouthpiece,Harpsichord,Strap,Flask,Stand,Barrel,Cloth,Bobblehead,Horn,Plumb Bob,Mouthpiece,Test Tube,Strap,Cake Dome,Stand,Gravy Boat,Cloth,Tambourine,Horn,Pommel Horse,Mouthpiece,Didgeridoo,Strap,Whole Pineapple,Stand,Cloak,Cloth,Baguette,Horn,Candy Floss,Mouthpiece,Sticky Notes Pad,Strap,Otoscope,Stand,Nibbler,Cloth,Catamaran
Lur Playing,Lur,Retractor,Mouthpiece,Maracas,Stand,Vuvuzela,Cloth,Toilet Plunger,Strap,Tumbleweed,Lur,Amphora,Mouthpiece,Jump Rope,Stand,Bobblehead,Cloth,Bagpipes,Strap,Lute,Lur,Muumuu,Mouthpiece,Microscope Slide,Stand,Flask,Cloth,Typewriter,Strap,Bird Nest,Lur,Jigsaw,Mouthpiece,Hole Punch,Stand,Lederhosen,Cloth,Jack-in-the-Box,Strap,Balance Beam,Lur,Ironing Board,Mouthpiece,Marionette,Stand,Fondue Pot,Cloth,Forceps,Strap,Banjo
Didgeridoo Playing,Didgeridoo,Ruler,Beeswax,Bunch of Bananas,Stand,Gramophone,Cloth,Cauldron,Strap,Sedan Chair,Didgeridoo,Banjo,Beeswax,Parka,Stand,Xylophone,Cloth,Mannequin,Strap,Scythe,Didgeridoo,Door Stopper,Beeswax,Corn on the Cob,Stand,Egg Separator,Cloth,Cake Dome,Strap,Curling Stone,Didgeridoo,Fez,Beeswax,Garlic Press,Stand,Pith Helmet,Cloth,Pastry Brush,Strap,Lump of Coal,Didgeridoo,Bellows,Beeswax,Canoe,Stand,Chalice,Cloth,Caulk Gun,Strap,Stapler
Fujara Playing,Fujara,Pinwheel,Strap,Inbox Tray,Stand,Melon Baller,Cloth,Desk Calendar,Reed,Lollipop,Fujara,Churro,Strap,Ironing Board,Stand,Keg,Cloth,Beehive,Reed,Correction Tape,Fujara,Candy Floss,Strap,Dogsledge,Stand,Bone Saw,Cloth,Pinecone,Reed,Pastry Brush,Fujara,Tongue Depressor,Strap,Sand Dollar,Stand,Blimp,Cloth,Ascot,Reed,Pitchfork,Fujara,Gavel,Strap,Boomerang,Stand,Stethoscope,Cloth,Tumbleweed,Reed,Slot Machine
Duduk Playing,Duduk,Street Sweeper,Reed,Recorder,Strap,Compass,Stand,Muumuu,Cloth,Lederhosen,Duduk,Mandolin,Reed,Luge,Strap,Baguette,Stand,Cowbell,Cloth,Drumstick (chicken),Duduk,Driftwood,Reed,Pastry Brush,Strap,Chamberpot,Stand,Coat Rack,Cloth,Rubber Band Ball,Duduk,Anvil,Reed,Springform Pan,Strap,Sand Dollar,Stand,Ukulele,Cloth,Canteen,Duduk,Forceps,Reed,Lacrosse Stick,Strap,Fire Poker,Stand,Banjo,Cloth,Pretzel
Launeddas Playing,Launeddas,Nibbler,Reed,Bobblehead,Stand,Pie Bird,Cloth,Bagpipes,Strap,Jump Rope,Launeddas,Stapler,Reed,Caulk Gun,Stand,Tongue Depressor,Cloth,Sextant,Strap,Tin Snips,Launeddas,Fossil,Reed,Dogsledge,Stand,Chalk Line,Cloth,Unicycle,Strap,Barrel,Launeddas,Bocce Ball,Reed,Hang Glider,Stand,Goblet,Cloth,Bullhorn,Strap,Zamboni,Launeddas,Luge,Reed,Pencil Sharpener,Stand,Pogo Stick,Cloth,Keg,Strap,Jigsaw
Bagpipes Playing,Bag,Gummy Worm,Chanter,Angle Grinder,Drone,Baguette,Strap,Tumbleweed,Reed,Rubber Duck,Bag,Beret,Chanter,Petri Dish,Drone,Cherry Pitter,Strap,Door Knocker,Reed,Pie Bird,Bag,Coat Rack,Chanter,Compass,Drone,Tape Dispenser,Strap,Recorder,Reed,Gourd,Bag,Ruler,Chanter,Slinky,Drone,Lute,Strap,Footstool,Reed,Megaphone,Bag,Throw Pillow,Chanter,Oscillating Tool,Drone,Test Tube,Strap,Forklift,Reed,Hazmat Suit
Uilleann Pipes Playing,Bag,Mannequin,Chanter,Otoscope,Regulator,Gummy Worm,Bellows,Unicycle,Strap,Tongue Depressor,Bag,Wire Stripper,Chanter,Bullhorn,Regulator,Spinning Top,Bellows,Chalk Line,Strap,Tumbleweed,Bag,Forklift,Chanter,Sand Dollar,Regulator,Retractor,Bellows,Slot Machine,Strap,Theremin,Bag,Javelin,Chanter,Centrifuge,Regulator,Snorkel Mask,Bellows,Scepter,Strap,Maracas,Bag,Stapler,Chanter,Skip-It,Regulator,Antlers,Bellows,Pitchfork,Strap,Kazoo
Northumbrian Pipes Playing,Bag,Melon Baller,Chanter,Totem Pole,Drone,Forceps,Strap,Lute,Reed,Accordion,Bag,Bocce Ball,Chanter,Oscillating Tool,Drone,Pommel Horse,Strap,Polo Mallet,Reed,Chaise Longue,Bag,Bone Saw,Chanter,Corn on the Cob,Drone,Door Stopper,Strap,Torque Wrench,Reed,Whole Salmon,Bag,Cauldron,Chanter,Snorkel Mask,Drone,Tape Dispenser,Strap,Hang Glider,Reed,Baguette,Bag,Jack-in-the-Box,Chanter,Tambourine,Drone,Rivet Gun,Strap,Inbox Tray,Reed,Churro
Hardanger Fiddle Playing,Fiddle,Ruler,Bow,Street Sweeper,Rosin,Microscope Slide,Chin Rest,Bullhorn,Stand,Parka,Fiddle,Amphora,Bow,Pith Helmet,Rosin,Chalk Line,Chin Rest,Harpsichord,Stand,Didgeridoo,Fiddle,Test Tube,Bow,Gummy Worm,Rosin,Cherry Pitter,Chin Rest,Megaphone,Stand,Sand Dollar,Fiddle,Javelin,Bow,Pommel Horse,Rosin,Gramophone,Chin Rest,Stethoscope,Stand,Spats,Fiddle,Gondola,Bow,Tumbleweed,Rosin,Hourglass,Chin Rest,Luge,Stand,Forceps
Nyckelharpa Playing,Keys,Mandolin,Bow,Pommel Horse,Rosin,Slinky,Strap,Kite,Stand,Watermelon,Keys,Throw Pillow,Bow,Sticky Notes Pad,Rosin,Kilt,Strap,Bocce Ball,Stand,Pince-Nez,Keys,Sombrero,Bow,Theremin,Rosin,Angle Grinder,Strap,Accordion,Stand,Floor Lamp,Keys,Dogsledge,Bow,Correction Tape,Rosin,Melon Baller,Strap,Bullhorn,Stand,Garlic Press,Keys,Pastry Brush,Bow,Wire Stripper,Rosin,Banjo,Strap,Catamaran,Stand,Pretzel
Hurdy Gurdy Playing,Keys,Megaphone,Crank,Door Stopper,Rosin,Cake Dome,Strap,Frisbee,Stand,Keg,Keys,Gargoyle,Crank,Binder Clip,Rosin,Wind-Up Toy,Strap,Hole Punch,Stand,Curling Stone,Keys,Caulk Gun,Crank,Rickshaw,Rosin,Whole Pineapple,Strap,Weather Vane,Stand,Mannequin,Keys,Marbles,Crank,Candy Apple,Rosin,Trophy,Strap,Abacus,Stand,Rubber Duck,Keys,Ear Trumpet,Crank,Forklift,Rosin,Banjo,Strap,Hang Glider,Stand,Bunch of Bananas
Crwth Playing,Bow,Centrifuge,Bridge,Catamaran,Rosin,Anvil,Strap,Tongue Depressor,Stand,Kazoo,Bow,Sundial,Bridge,Pipe Wrench,Rosin,Cowbell,Strap,Fossil,Stand,Torque Wrench,Bow,Kayak,Bridge,Candy Apple,Rosin,Pogo Stick,Strap,Giant Gummy Bear,Stand,Lobster,Bow,Scepter,Bridge,Sumo Belt,Rosin,Test Tube,Strap,Canoe,Stand,Ramekin,Bow,Zither,Bridge,Sedan Chair,Rosin,Polo Mallet,Strap,Tuba,Stand,Jack-in-the-Box
Rebec Playing,Bow,Door Stopper,Bridge,Pencil Sharpener,Rosin,Candy Floss,Strap,Tape Dispenser,Stand,Ventriloquist Dummy,Bow,Jug,Bridge,Geode,Rosin,Bucket,Strap,Rubber Duck,Stand,Barrel,Bow,Candelabra,Bridge,Submarine Periscope,Rosin,Pie Bird,Strap,Fondue Pot,Stand,Banjo,Bow,Hula Hoop,Bridge,Weather Vane,Rosin,Oscillating Tool,Strap,Stalagtite,Stand,Binder Clip,Bow,Cowbell,Bridge,Ukulele,Rosin,Marbles,Strap,Wire Stripper,Stand,Beret
Vielle Playing,Bow,Scythe,Bridge,Javelin,Rosin,Marbles,Strap,Kite,Stand,Shot Put,Bow,Pastry Brush,Bridge,Sousaphone,Rosin,Baguette,Strap,Sea Urchin,Stand,Cherry Pitter,Bow,Wheel of Cheese,Bridge,Cowbell,Rosin,Centrifuge,Strap,Typewriter,Stand,Bread Maker,Bow,Cotton Candy,Bridge,Pretzel,Rosin,Rivet Gun,Strap,Keg,Stand,Gramophone,Bow,Tambourine,Bridge,Jug,Rosin,Spats,Strap,Paper Clip Chain,Stand,Giant Gummy Bear
Viola da Gamba Playing,Bow,Blimp,Bridge,Clam Shell,Rosin,Marionette,Strap,Wheel of Cheese,Stand,Stalagtite,Bow,Tape Dispenser,Bridge,Totem Pole,Rosin,Hurdle,Strap,Wire Stripper,Stand,Pogo Stick,Bow,Gondola,Bridge,Kite,Rosin,Plumb Bob,Strap,Ironing Board,Stand,Tumbleweed,Bow,Bone Saw,Bridge,Flask,Rosin,Luge,Strap,Corn on the Cob,Stand,Pommel Horse,Bow,Periscope,Bridge,Candy Cane,Rosin,Mandolin,Strap,Decanter,Stand,Garlic Press
Baryton Playing,Bow,Pumice Stone,Bridge,Ukulele,Rosin,Mandolin,Strap,Kayak,Stand,Rowing Shell,Bow,Dogsledge,Bridge,Cowbell,Rosin,Hurdle,Strap,Oscillating Tool,Stand,Driftwood,Bow,Bellows,Bridge,Gourd,Rosin,Sedan Chair,Strap,Gondola,Stand,Periscope,Bow,Candy Cane,Bridge,Otoscope,Rosin,TV Remote,Strap,Harpsichord,Stand,Rivet Gun,Bow,Parka,Bridge,Tin Snips,Rosin,Stethoscope,Strap,Rubber Duck,Stand,Beehive
Pardessus de Viole Playing,Bow,Kazoo,Bridge,Sedan Chair,Rosin,Fossil,Strap,Mannequin,Stand,Tuxedo Jacket,Bow,Spats,Bridge,Door Knocker,Rosin,Jack-in-the-Box,Strap,Frisbee,Stand,Cloak,Bow,Pumice Stone,Bridge,Spinning Top,Rosin,Bobsled,Strap,Hazmat Suit,Stand,Poncho,Bow,Mandolin,Bridge,Skeleton Sled,Rosin,Baguette,Strap,Shuttlecock,Stand,Bellows,Bow,Didgeridoo,Bridge,Wind-Up Toy,Rosin,Goblet,Strap,Fondue Pot,Stand,Cauldron
Lirone Playing,Bow,Fire Poker,Bridge,Giant Gummy Bear,Rosin,Tuba,Strap,Muumuu,Stand,Pogo Stick,Bow,Decanter,Bridge,Candy Cane,Rosin,Periscope,Strap,Rubber Duck,Stand,Segway,Bow,Poncho,Bridge,Lobster,Rosin,Gramophone,Strap,Compass,Stand,Hazmat Suit,Bow,Shot Put,Bridge,Torque Wrench,Rosin,Wasp Nest,Strap,Pumice Stone,Stand,Fossil,Bow,Bongo Drum,Bridge,Sumo Belt,Rosin,Bird Nest,Strap,Harpsichord,Stand,Weather Vane
Lira da Braccio Playing,Bow,Ukulele,Bridge,Wheel of Cheese,Rosin,Recorder,Strap,Bagpipes,Stand,Bellhop Cart,Bow,Megaphone,Bridge,Abacus,Rosin,Bellows,Strap,Forceps,Stand,Dried Corn Husk,Bow,Theremin,Bridge,Blimp,Rosin,Cotton Candy,Strap,Sand Dollar,Stand,Door Stopper,Bow,Lobster,Bridge,Fire Poker,Rosin,Scepter,Strap,Periscope,Stand,Slinky,Bow,Kite,Bridge,Rubber Duck,Rosin,Dough Hook,Strap,Poncho,Stand,Oscillating Tool
Pochette Playing,Bow,Sextant,Bridge,Forklift,Rosin,Maracas,Strap,Bocce Ball,Stand,Throw Pillow,Bow,Binder Clip,Bridge,Door Knocker,Rosin,Melon Baller,Strap,Chalk Line,Stand,Canteen,Bow,Caulk Gun,Bridge,Megaphone,Rosin,Pretzel,Strap,Catamaran,Stand,Ramekin,Bow,Hazmat Suit,Bridge,Kilt,Rosin,Typewriter,Strap,Luge,Stand,Balance Beam,Bow,Keg,Bridge,Jack-in-the-Box,Rosin,Fondue Pot,Strap,Canoe,Stand,Zither
Quinton Playing,Bow,Ear Trumpet,Bridge,Sombrero,Rosin,Trophy,Strap,Wind-Up Toy,Stand,Jump Rope,Bow,Bobsled,Bridge,Tutu,Rosin,Curling Stone,Strap,Poncho,Stand,Wheel of Cheese,Bow,Urn,Bridge,Sundial,Rosin,Springform Pan,Strap,Heat Gun,Stand,Zither,Bow,Pretzel,Bridge,Desk Calendar,Rosin,Lump of Coal,Strap,TV Remote,Stand,Decanter,Bow,Kaleidoscope,Bridge,Belt Sander,Rosin,Skip-It,Strap,Nibbler,Stand,Luge
Tenor Violin Playing,Bow,Ascot,Bridge,Stalagtite,Rosin,Chaise Longue,Strap,Tin Snips,Stand,Zither,Bow,Salad Spinner,Bridge,Mannequin,Rosin,Gavel,Strap,Fez,Stand,Balance Beam,Bow,Boomerang,Bridge,Hourglass,Rosin,Shot Put,Strap,Lederhosen,Stand,Ramekin,Bow,Typewriter,Bridge,Stapler,Rosin,Gargoyle,Strap,Inbox Tray,Stand,Discus,Bow,Pinecone,Bridge,Vuvuzela,Rosin,Kilt,Strap,Kaleidoscope,Stand,Watermelon
Octobass Playing,Bow,Forklift,Bridge,Blimp,Rosin,Gravy Boat,Strap,Torque Wrench,Stand,Nibbler,Bow,Jigsaw,Bridge,Clam Shell,Rosin,Geode,Strap,Melon Baller,Stand,Correction Tape,Bow,Inbox Tray,Bridge,Binder Clip,Rosin,Hula Hoop,Strap,Weather Vane,Stand,Sea Urchin,Bow,Ramekin,Bridge,Megaphone,Rosin,Skeleton Sled,Strap,Discus,Stand,Rubber Duck,Bow,Throw Pillow,Bridge,Bunsen Burner,Rosin,Bird Nest,Strap,Corndog,Stand,Desk Calendar
Violone Playing,Bow,Stepladder,Bridge,Harpsichord,Rosin,Torque Wrench,Strap,Compass,Stand,Oscillating Tool,Bow,Floor Lamp,Bridge,Scythe,Rosin,Belt Sander,Strap,Amphora,Stand,Sousaphone,Bow,Fire Poker,Bridge,Candelabra,Rosin,Driftwood,Strap,Candy Floss,Stand,Rickshaw,Bow,Polo Mallet,Bridge,Street Sweeper,Rosin,Ear Trumpet,Strap,Springform Pan,Stand,Rubber Duck,Bow,Stalagtite,Bridge,Pinball Machine,Rosin,Gavel,Strap,Lathe,Stand,Kayak
Arpeggione Playing,Bow,Mandolin,Bridge,Wind-Up Toy,Rosin,Gargoyle,Strap,Sea Urchin,Stand,Megaphone,Bow,Skeleton Sled,Bridge,Lacrosse Stick,Rosin,Salad Spinner,Strap,Pommel,Stand,Parallel Bar,Bow,Chalk Line,Bridge,Ruler,Rosin,Ventriloquist Dummy,Strap,Tricycle,Stand,Urn,Bow,Weather Vane,Bridge,Submarine Periscope,Rosin,Pie Bird,Strap,Spinning Top,Stand,Specimen Jar,Bow,Poncho,Bridge,Shuttlecock,Rosin,Test Tube,Strap,Hang Glider,Stand,Floor Lamp
Stroh Violin Playing,Bow,Pumice Stone,Bridge,Periscope,Horn,Urn,Strap,Chaise Longue,Stand,Toilet Plunger,Bow,Spats,Bridge,Unicycle,Horn,Spinning Top,Strap,Retractor,Stand,Fondue Pot,Bow,Trophy,Bridge,Gummy Worm,Horn,Ukulele,Strap,Forceps,Stand,Dough Hook,Bow,Typewriter,Bridge,Weather Vane,Horn,Ear Trumpet,Strap,Tambourine,Stand,Sea Urchin,Bow,Antlers,Bridge,Baguette,Horn,Luge,Strap,Ironing Board,Stand,Cake Dome
Churning Butter,Churn,Puppet,Cream,Jack-in-the-Box,Paddle,Keg,Butter Mold,Theremin,Cloth,Chalice,Churn,Canteen,Cream,Dough Hook,Paddle,Boomerang,Butter Mold,Pince-Nez,Cloth,Candy Cane,Churn,Discus,Cream,Stalagtite,Paddle,Scepter,Butter Mold,Geode,Cloth,Weather Vane,Churn,Tutu,Cream,Parallel Bar,Paddle,Drumstick (chicken),Butter Mold,Hourglass,Cloth,Gavel,Churn,Marbles,Cream,Microscope Slide,Paddle,Kilt,Butter Mold,Cherry Pitter,Cloth,Sea Urchin
Tuning a Guitar,Guitar,Mandolin,Tuning Peg,Sundial,Pick,Petri Dish,Capo,Stapler,Sheet Music,Kaleidoscope,Guitar,Nibbler,Tuning Peg,Lederhosen,Pick,Theremin,Capo,Hazmat Suit,Sheet Music,Tumbleweed,Guitar,Egg Separator,Tuning Peg,Chalice,Pick,Stepladder,Capo,Lathe,Sheet Music,Kayak,Guitar,Sombrero,Tuning Peg,Dough Hook,Pick,Stethoscope,Capo,Corndog,Sheet Music,Curling Stone,Guitar,Kazoo,Tuning Peg,Letter Opener,Pick,Kilt,Capo,Marbles,Sheet Music,Gramophone
Soldering a Circuit,Soldering Iron,Chalice,Solder,Monocle,Circuit Board,Pinwheel,Flux,Desk Calendar,Safety Goggles,Springform Pan,Soldering Iron,Salad Spinner,Solder,Poncho,Circuit Board,Jack-in-the-Box,Flux,Spinning Top,Safety Goggles,Canteen,Soldering Iron,Oscillating Tool,Solder,Luge,Circuit Board,Typewriter,Flux,Door Knocker,Safety Goggles,Polo Mallet,Soldering Iron,Tutu,Solder,Gravy Boat,Circuit Board,Candy Cane,Flux,Sand Dollar,Safety Goggles,Ear Trumpet,Soldering Iron,Bagpipes,Solder,Petri Dish,Circuit Board,Amphora,Flux,Harpsichord,Safety Goggles,Ascot
Laying Bricks,Trowel,Sundial,Wet Cement,Decanter,Brick,Pretzel,Level,Periscope,Mortar,Curling Stone,Trowel,Pumice Stone,Wet Cement,Kaleidoscope,Brick,Chalice,Level,Polo Mallet,Mortar,Skip-It,Trowel,Pinecone,Wet Cement,Chamberpot,Brick,Xylophone,Level,Jawbreaker,Mortar,Tin Snips,Trowel,Blimp,Wet Cement,Theremin,Brick,Accordion,Level,Snow Globe,Mortar,Jack-in-the-Box,Trowel,Parallel Bar,Wet Cement,Skeleton Sled,Brick,Pie Bird,Level,Egg Separator,Mortar,Bone Saw
Cracking a Safe,Stethoscope,Throw Pillow,Safe Door,Gavel,Combination Dial,Heat Gun,Flashlight,Theremin,Gloves,Bocce Ball,Stethoscope,Tin Snips,Safe Door,Watermelon,Combination Dial,Cowbell,Flashlight,Ironing Board,Gloves,Abacus,Stethoscope,Bird Nest,Safe Door,Umbrella Stand,Combination Dial,Marionette,Flashlight,Blimp,Gloves,Tumbleweed,Stethoscope,Hole Punch,Safe Door,Javelin,Combination Dial,Parallel Bar,Flashlight,Boomerang,Gloves,Dogsledge,Stethoscope,Lathe,Safe Door,Torque Wrench,Combination Dial,Corn on the Cob,Flashlight,Decanter,Gloves,Pipe Wrench
Shearing a Sheep,Shears,Correction Tape,Wool,Oscillating Tool,Bag,Plumb Bob,Comb,Dogsledge,Clippers,Tumbleweed,Shears,Abacus,Wool,Pogo Stick,Bag,Geode,Comb,Mandolin,Clippers,Slot Machine,Shears,Lump of Coal,Wool,Bobsled,Bag,Segway,Comb,Chalk Line,Clippers,Driftwood,Shears,Urn,Wool,Bocce Ball,Bag,Typewriter,Comb,Pommel,Clippers,Weather Vane,Shears,Corn on the Cob,Wool,Clam Shell,Bag,Recorder,Comb,Bone Saw,Clippers,Ascot
Pressing Grapes,Barrel,Salad Spinner,Grapes,Whole Salmon,Grape Juice,Springform Pan,Bottle,Zither,Cork,Corn on the Cob,Barrel,Gargoyle,Grapes,Keg,Grape Juice,Accordion,Bottle,Theremin,Cork,Spinning Top,Barrel,Curling Stone,Grapes,Maracas,Grape Juice,Angle Grinder,Bottle,Gramophone,Cork,Megaphone,Barrel,Tutu,Grapes,Fossil,Grape Juice,Otoscope,Bottle,Candy Floss,Cork,Tuba,Barrel,Sousaphone,Grapes,Hole Punch,Grape Juice,Stalagtite,Bottle,Anvil,Cork,Tambourine
Blacksmithing,Anvil,Gourd,Tongs,Jigsaw,Hammer,Oscillating Tool,Apron,Jump Rope,Hot Metal,Lump of Coal,Anvil,Pinecone,Tongs,Gargoyle,Hammer,Scepter,Apron,Bunsen Burner,Hot Metal,Dried Corn Husk,Anvil,Poncho,Tongs,Shuttlecock,Hammer,Corndog,Apron,Hula Hoop,Hot Metal,Footstool,Anvil,Cake Dome,Tongs,Pitchfork,Hammer,Melon Baller,Apron,Yo-Yo,Hot Metal,Bucket,Anvil,Marionette,Tongs,Desk Calendar,Hammer,Unicycle,Apron,Theremin,Hot Metal,Hole Punch
Typing a Telegram,Telegraph Key,Microscope Slide,Paper Tape,Skeleton Sled,Headset,Egg Separator,Codebook,Torque Wrench,Ink,Churro,Telegraph Key,Drumstick (chicken),Paper Tape,Skip-It,Headset,Desk Calendar,Codebook,Weather Vane,Ink,Rowing Shell,Telegraph Key,Footstool,Paper Tape,Balance Beam,Headset,Tongue Depressor,Codebook,Lobster,Ink,Fondue Pot,Telegraph Key,Hole Punch,Paper Tape,Ramekin,Headset,Bongo Drum,Codebook,Pumice Stone,Ink,Snow Globe,Telegraph Key,Slot Machine,Paper Tape,Spinning Top,Headset,Tape Dispenser,Codebook,Lathe,Ink,Barrel
Using a Telescope,Telescope,Throw Pillow,Eyepiece,Chalice,Star Chart,Lump of Coal,Tripod,Curling Stone,Lens Cover,Fondue Pot,Telescope,Goblet,Eyepiece,Lobster,Star Chart,Sedan Chair,Tripod,Tin Snips,Lens Cover,Parallel Bar,Telescope,Door Stopper,Eyepiece,Typewriter,Star Chart,Barrel,Tripod,Sextant,Lens Cover,Yo-Yo,Telescope,Microscope Slide,Eyepiece,Ascot,Star Chart,Kazoo,Tripod,Candy Cane,Lens Cover,Periscope,Telescope,Totem Pole,Eyepiece,Plumb Bob,Star Chart,Snorkel Mask,Tripod,Butter Dish,Lens Cover,Centrifuge
Taxidermy,Scalpel,Keg,Hide,Lacrosse Stick,Form,Rickshaw,Pins,Gravy Boat,Glass Eyes,Tuxedo Jacket,Scalpel,Gargoyle,Hide,Sousaphone,Form,Javelin,Pins,Pogo Stick,Glass Eyes,Footstool,Scalpel,Lederhosen,Hide,Lathe,Form,Bellows,Pins,Kayak,Glass Eyes,Gavel,Scalpel,Jack-in-the-Box,Hide,Dogsledge,Form,Geode,Pins,Kilt,Glass Eyes,Bagpipes,Scalpel,Shuttlecock,Hide,Centrifuge,Form,Egg Separator,Pins,Maracas,Glass Eyes,Forceps
Falconry,Glove,Marionette,Falcon,Bread Maker,Hood,Stalagtite,Jesses,Ventriloquist Dummy,Lure,Cauldron,Glove,Dried Corn Husk,Falcon,Tumbleweed,Hood,Butter Dish,Jesses,Chalk Line,Lure,Urn,Glove,Tricycle,Falcon,Rubber Duck,Hood,Didgeridoo,Jesses,Stethoscope,Lure,Sumo Belt,Glove,Canteen,Falcon,Cotton Candy,Hood,Forklift,Jesses,Polo Mallet,Lure,Thermos,Glove,Retractor,Falcon,Sedan Chair,Hood,Sextant,Jesses,Pipe Wrench,Lure,Lathe
Cooper Making a Barrel,Stave,Kaleidoscope,Hoop Driver,Hazmat Suit,Hammer,Sumo Belt,Plane,Wheel of Cheese,Croze,Jigsaw,Stave,Snorkel Mask,Hoop Driver,Pogo Stick,Hammer,Pommel,Plane,Candy Apple,Croze,Cauldron,Stave,Tin Snips,Hoop Driver,Bunsen Burner,Hammer,Gramophone,Plane,Tumbleweed,Croze,Wasp Nest,Stave,Fondue Pot,Hoop Driver,Hole Punch,Hammer,Beret,Plane,Tutu,Croze,Zither,Stave,Parallel Bar,Hoop Driver,Belt Sander,Hammer,Retractor,Plane,Flask,Croze,Skip-It
Farriery,Hoof Pick,Skip-It,Rasp,Candy Cane,Nails,Whole Pineapple,Anvil,Driftwood,Hammer,Cotton Candy,Hoof Pick,Mandolin,Rasp,Beehive,Nails,Unicycle,Anvil,Pommel,Hammer,Candy Floss,Hoof Pick,Plumb Bob,Rasp,Fondue Pot,Nails,Springform Pan,Anvil,Rubber Duck,Hammer,Gavel,Hoof Pick,Lathe,Rasp,Kaleidoscope,Nails,Chaise Longue,Anvil,Egg Separator,Hammer,Cask,Hoof Pick,Kite,Rasp,Tutu,Nails,Fire Poker,Anvil,Sumo Belt,Hammer,Didgeridoo
Saddlery,Awl,Bagpipes,Saddle,Pith Helmet,Thread,Tambourine,Needle,Bellhop Cart,Mallet,Forklift,Awl,Muumuu,Saddle,Clam Shell,Thread,Poncho,Needle,Megaphone,Mallet,Keg,Awl,Gourd,Saddle,Typewriter,Thread,Mannequin,Needle,Sundial,Mallet,Retractor,Awl,Submarine Periscope,Saddle,Pitchfork,Thread,Kaleidoscope,Needle,Inbox Tray,Mallet,Egg Separator,Awl,Otoscope,Saddle,Bobblehead,Thread,Bucket,Needle,Driftwood,Mallet,Bocce Ball
Harness Making,Leather,Bread Maker,Awl,Pipe Wrench,Thread,Theremin,Needle,Wire Stripper,Punch,Snorkel Mask,Leather,Sextant,Awl,Hurdle,Thread,Urn,Needle,Oscillating Tool,Punch,Whole Pineapple,Leather,Balance Beam,Awl,Bird Nest,Thread,Banjo,Needle,Typewriter,Punch,Corndog,Leather,Pinwheel,Awl,Hang Glider,Thread,Anvil,Needle,Skip-It,Punch,Gourd,Leather,Street Sweeper,Awl,Forklift,Thread,Dried Corn Husk,Needle,Bunsen Burner,Punch,Pith Helmet
Fletching Arrows,Shaft,Slot Machine,Fletch,Jug,Glue,Hang Glider,Jig,Pinwheel,Nock,Bellhop Cart,Shaft,Clam Shell,Fletch,Typewriter,Glue,Watermelon,Jig,Yo-Yo,Nock,Bird Nest,Shaft,Jack-in-the-Box,Fletch,Ramekin,Glue,Lump of Coal,Jig,Kilt,Nock,Pretzel,Shaft,Rickshaw,Fletch,Bagpipes,Glue,Spinning Top,Jig,Discus,Nock,Bobsled,Shaft,Gondola,Fletch,Coat Rack,Glue,Lathe,Jig,Lute,Nock,Rubber Duck
Bowyer Work,Stave,Cloak,Drawknife,Discus,Tillering Stick,Amphora,Brace Height Gauge,Skeleton Sled,String,Inbox Tray,Stave,Curling Stone,Drawknife,Binder Clip,Tillering Stick,Giant Gummy Bear,Brace Height Gauge,Corn on the Cob,String,Snorkel Mask,Stave,Jawbreaker,Drawknife,Mandolin,Tillering Stick,Balance Beam,Brace Height Gauge,Megaphone,String,Chamberpot,Stave,Unicycle,Drawknife,Flask,Tillering Stick,Ramekin,Brace Height Gauge,Floor Lamp,String,Kilt,Stave,Bullhorn,Drawknife,Goblet,Tillering Stick,Retractor,Brace Height Gauge,Tape Dispenser,String,Jack-in-the-Box
