Activity Name,S1 Item1,S1 Sub1,S1 Item2,S1 Sub2,S1 Item3,S1 Sub3,S1 Item4,S1 Sub4,S1 Item5,S1 Sub5,S2 Item1,S2 Sub1,S2 Item2,S2 Sub2,S2 Item3,S2 Sub3,S2 Item4,S2 Sub4,S2 Item5,S2 Sub5,S3 Item1,S3 Sub1,S3 Item2,S3 Sub2,S3 Item3,S3 Sub3,S3 Item4,S3 Sub4,S3 Item5,S3 Sub5,S4 Item1,S4 Sub1,S4 Item2,S4 Sub2,S4 Item3,S4 Sub3,S4 Item4,S4 Sub4,S4 Item5,S4 Sub5,S5 Item1,S5 Sub1,S5 Item2,S5 Sub2,S5 Item3,S5 Sub3,S5 Item4,S5 Sub4,S5 Item5,S5 Sub5
Baking a Cake,Mixing Bowl,Pogo Stick,Batter,Snorkel Mask,Spatula,Amphora,Oven Mitts,Paperweight,Cake Pan,Microscope Slide,Mixing Bowl,Cloak,Batter,Fire Poker,Spatula,Bellhop Cart,Oven Mitts,Butter Dish,Cake Pan,Sedan Chair,Mixing Bowl,Kaleidoscope,Batter,Sumo Belt,Spatula,Dried Corn Husk,Oven Mitts,Whole Salmon,Cake Pan,Vuvuzela,Mixing Bowl,Kayak,Batter,Kazoo,Spatula,Gravy Boat,Oven Mitts,Mannequin,Cake Pan,Wheel of Cheese,Mixing Bowl,Lederhosen,Batter,Corndog,Spatula,Marionette,Oven Mitts,Sea Urchin,Cake Pan,Melon Baller
Mowing the Lawn,Lawn Mower,Spinning Top,Grass Clippings,Specimen Jar,Safety Goggles,Amphora,Ear Protection,Bullhorn,Gas Can,Compass,Lawn Mower,Wasp Nest,Grass Clippings,Otoscope,Safety Goggles,Bellhop Cart,Ear Protection,Pommel Horse,Gas Can,Lathe,Lawn Mower,Slot Machine,Grass Clippings,Clam Shell,Safety Goggles,Bread Maker,Ear Protection,Barrel,Gas Can,Balance Beam,Lawn Mower,Cowl,Grass Clippings,Watermelon,Safety Goggles,Sedan Chair,Ear Protection,Scythe,Gas Can,Baguette,Lawn Mower,Retractor,Grass Clippings,Whole Salmon,Safety Goggles,Beehive,Ear Protection,Kazoo,Gas Can,Bagpipes
Fishing,Fishing Rod,Tambourine,Bait,Retractor,Tackle Box,Poncho,Net,Inbox Tray,Bucket,Bongo Drum,Fishing Rod,Letter Opener,Bait,Tuxedo Jacket,Tackle Box,Corn on the Cob,Net,Mannequin,Bucket,Wasp Nest,Fishing Rod,Dough Hook,Bait,Ascot,Tackle Box,Puppet,Net,Kite,Bucket,Candy Floss,Fishing Rod,Hula Hoop,Bait,Pinecone,Tackle Box,Salad Spinner,Net,Polo Mallet,Bucket,Tutu,Fishing Rod,Whole Pineapple,Bait,Street Sweeper,Tackle Box,Corndog,Net,Cask,Bucket,Nibbler
Ironing Clothes,Iron,Slot Machine,Shirt,Beehive,Ironing Board,Dough Hook,Hanger,Bobsled,Spray Bottle,Yo-Yo,Iron,Lacrosse Stick,Shirt,Curling Stone,Ironing Board,Pommel,Hanger,Pitchfork,Spray Bottle,Bone Saw,Iron,Kilt,Shirt,Anvil,Ironing Board,Hula Hoop,Hanger,Xylophone,Spray Bottle,Goblet,Iron,Snow Globe,Shirt,Rubber Duck,Ironing Board,Javelin,Hanger,Periscope,Spray Bottle,Microscope Slide,Iron,Sticky Notes Pad,Shirt,Binder Clip,Ironing Board,Catamaran,Hanger,Whole Pineapple,Spray Bottle,Tongue Depressor
Inflating a Balloon,Balloon,Desk Calendar,Air Pump,Luge,String,Curling Stone,Helium Tank,Parallel Bar,Ribbon,Footstool,Balloon,Ascot,Air Pump,Bunch of Bananas,String,Shuttlecock,Helium Tank,Paperweight,Ribbon,Umbrella Stand,Balloon,Reflex Hammer,Air Pump,Torque Wrench,String,Tambourine,Helium Tank,Bobsled,Ribbon,Decanter,Balloon,Corn on the Cob,Air Pump,Beehive,String,Ruler,Helium Tank,Ukulele,Ribbon,Canoe,Balloon,Gavel,Air Pump,Bagpipes,String,Fez,Helium Tank,Periscope,Ribbon,Plumb Bob
Playing Tennis,Tennis Racket,Rowing Shell,Tennis Ball,Jack-in-the-Box,Net,Catamaran,Sweatband,Bagpipes,Visor,Xylophone,Tennis Racket,Amphora,Tennis Ball,Zamboni,Net,Plumb Bob,Sweatband,Angle Grinder,Visor,Ruler,Tennis Racket,Jug,Tennis Ball,Tongue Depressor,Net,Monocle,Sweatband,Sea Urchin,Visor,Snow Globe,Tennis Racket,Egg Separator,Tennis Ball,Shot Put,Net,Fossil,Sweatband,Pitchfork,Visor,Sticky Notes Pad,Tennis Racket,Cherry Pitter,Tennis Ball,Gargoyle,Net,Totem Pole,Sweatband,Pommel,Visor,Cowbell
Shoveling Snow,Shovel,Jigsaw,Snow,Pipe Wrench,Boots,Melon Baller,Scarf,Trophy,Winter Gloves,Skeleton Sled,Shovel,Pinwheel,Snow,Oscillating Tool,Boots,Submarine Periscope,Scarf,Street Sweeper,Winter Gloves,Puppet,Shovel,Wire Stripper,Snow,Ironing Board,Boots,Driftwood,Scarf,Recorder,Winter Gloves,Bongo Drum,Shovel,Geode,Snow,Bocce Ball,Boots,Catamaran,Scarf,Tongue Depressor,Winter Gloves,Nibbler,Shovel,Pretzel,Snow,Watermelon,Boots,Pastry Brush,Scarf,Megaphone,Winter Gloves,Lollipop
Knitting a Scarf,Knitting Needles,Recorder,Yarn,Toilet Plunger,Pattern Book,Mannequin,Scissors,Specimen Jar,Measuring Tape,Pencil Sharpener,Knitting Needles,Cherry Pitter,Yarn,Mandolin,Pattern Book,Churro,Scissors,Tricycle,Measuring Tape,Pommel Horse,Knitting Needles,Zither,Yarn,Yo-Yo,Pattern Book,Heat Gun,Scissors,Muumuu,Measuring Tape,Shuttlecock,Knitting Needles,Maracas,Yarn,Canteen,Pattern Book,Centrifuge,Scissors,Poncho,Measuring Tape,Totem Pole,Knitting Needles,Ironing Board,Yarn,Tape Dispenser,Pattern Book,Compass,Scissors,Bird Nest,Measuring Tape,Tuba
Photographing a Scene,Camera,Poncho,Lens Cap,Hazmat Suit,Camera Strap,Decanter,Memory Card,Microscope Slide,Tripod,Boomerang,Camera,Fire Poker,Lens Cap,Cask,Camera Strap,Jigsaw,Memory Card,Whole Pineapple,Tripod,Bocce Ball,Camera,Parka,Lens Cap,Gargoyle,Camera Strap,Pogo Stick,Memory Card,Lollipop,Tripod,Ramekin,Camera,Retractor,Lens Cap,Segway,Camera Strap,Tumbleweed,Memory Card,Forceps,Tripod,Megaphone,Camera,Specimen Jar,Lens Cap,Paper Clip Chain,Camera Strap,Clam Shell,Memory Card,Amphora,Tripod,Binder Clip
Painting a Canvas,Paintbrush,Curling Stone,Paint,Cotton Candy,Canvas,Mandolin,Palette,Cowl,Easel,Boomerang,Paintbrush,Weather Vane,Paint,Bread Maker,Canvas,Typewriter,Palette,Jawbreaker,Easel,Parka,Paintbrush,Skip-It,Paint,Kite,Canvas,Hazmat Suit,Palette,Tongue Depressor,Easel,Whole Pineapple,Paintbrush,Ventriloquist Dummy,Paint,Didgeridoo,Canvas,Ironing Board,Palette,Bongo Drum,Easel,Mannequin,Paintbrush,Plumb Bob,Paint,Flask,Canvas,Stalagtite,Palette,Amphora,Easel,Zither
Playing Guitar,Guitar,Muumuu,Pick,Decanter,Strap,Dried Corn Husk,Capo,Churro,Sheet Music,Salad Spinner,Guitar,Kayak,Pick,Slinky,Strap,Frisbee,Capo,Desk Calendar,Sheet Music,Canoe,Guitar,Coat Rack,Pick,Bocce Ball,Strap,Jawbreaker,Capo,Slot Machine,Sheet Music,Corn on the Cob,Guitar,Forklift,Pick,Gramophone,Strap,Ukulele,Capo,Nibbler,Sheet Music,Tricycle,Guitar,Ironing Board,Pick,Reflex Hammer,Strap,Stalagtite,Capo,Blimp,Sheet Music,Footstool
Typing at a Desk,Keyboard,Snorkel Mask,Mouse,Floor Lamp,Monitor,Wheel of Cheese,Desk Lamp,Hazmat Suit,Headphones,Umbrella Stand,Keyboard,Sumo Belt,Mouse,Pince-Nez,Monitor,Whole Salmon,Desk Lamp,Coat Rack,Headphones,Cherry Pitter,Keyboard,Hula Hoop,Mouse,Muumuu,Monitor,Mannequin,Desk Lamp,Canoe,Headphones,Oscillating Tool,Keyboard,Skeleton Sled,Mouse,Canteen,Monitor,Polo Mallet,Desk Lamp,Bellows,Headphones,Pretzel,Keyboard,Test Tube,Mouse,Theremin,Monitor,Springform Pan,Desk Lamp,Cask,Headphones,Forceps
Chopping Vegetables,Knife,Kayak,Cutting Board,Marbles,Vegetables,Cotton Candy,Bowl,Chaise Longue,Apron,Desk Calendar,Knife,Unicycle,Cutting Board,Oscillating Tool,Vegetables,Fez,Bowl,Gargoyle,Apron,Cauldron,Knife,Snorkel Mask,Cutting Board,Catamaran,Vegetables,Antlers,Bowl,Candelabra,Apron,Hula Hoop,Knife,Jump Rope,Cutting Board,Churro,Vegetables,Pitchfork,Bowl,Pie Bird,Apron,Gondola,Knife,Skip-It,Cutting Board,Geode,Vegetables,Chalk Line,Bowl,Lathe,Apron,Sousaphone
Frying an Egg,Pan,Didgeridoo,Egg,Xylophone,Spatula,Coat Rack,Oil,Pinwheel,Stove,Totem Pole,Pan,Beehive,Egg,Lacrosse Stick,Spatula,Desk Calendar,Oil,Tape Dispenser,Stove,Bellows,Pan,Typewriter,Egg,Lute,Spatula,Clam Shell,Oil,Umbrella Stand,Stove,Kayak,Pan,Correction Tape,Egg,Geode,Spatula,Recorder,Oil,Inbox Tray,Stove,Parallel Bar,Pan,Periscope,Egg,Watermelon,Spatula,Bunsen Burner,Oil,Curling Stone,Stove,Cherry Pitter
Boiling Water,Pot,Weather Vane,Water,Plumb Bob,Stove,Poncho,Lid,Typewriter,Mitt,Jawbreaker,Pot,Totem Pole,Water,Catamaran,Stove,Tambourine,Lid,Shuttlecock,Mitt,Oscillating Tool,Pot,Hole Punch,Water,Stapler,Stove,Ventriloquist Dummy,Lid,Marionette,Mitt,Kazoo,Pot,Stepladder,Water,Kilt,Stove,Sumo Belt,Lid,Shot Put,Mitt,Footstool,Pot,Chalice,Water,Salad Spinner,Stove,Lump of Coal,Lid,Keg,Mitt,Bucket
Sewing a Button,Needle,Keg,Thread,Clam Shell,Button,Ruler,Thimble,Tumbleweed,Fabric,Dried Corn Husk,Needle,Pommel,Thread,Salad Spinner,Button,Bone Saw,Thimble,Inbox Tray,Fabric,Canteen,Needle,Paper Clip Chain,Thread,Urn,Button,Zither,Thimble,Cowbell,Fabric,Candy Apple,Needle,Sumo Belt,Thread,Ascot,Button,Desk Calendar,Thimble,Didgeridoo,Fabric,Chalk Line,Needle,Kaleidoscope,Thread,Gondola,Button,Retractor,Thimble,Wind-Up Toy,Fabric,Shot Put
Polishing Silver,Silver,Rickshaw,Cloth,Bobsled,Polish,Door Knocker,Gloves,Sombrero,Tray,Oscillating Tool,Silver,Petri Dish,Cloth,Tongue Depressor,Polish,Submarine Periscope,Gloves,Reflex Hammer,Tray,Javelin,Silver,Watermelon,Cloth,Lacrosse Stick,Polish,Kazoo,Gloves,Cask,Tray,Cake Dome,Silver,Balance Beam,Cloth,Flask,Polish,Curling Stone,Gloves,Bread Maker,Tray,Skip-It,Silver,Amphora,Cloth,Gummy Worm,Polish,Jump Rope,Gloves,Maracas,Tray,Bullhorn
Changing a Tire,Tire,Butter Dish,Lug Wrench,Bunch of Bananas,Jack,Tongue Depressor,Spare Tire,Chalice,Gloves,Drumstick (chicken),Tire,Gravy Boat,Lug Wrench,Desk Calendar,Jack,Giant Gummy Bear,Spare Tire,Gourd,Gloves,Sousaphone,Tire,Geode,Lug Wrench,Boomerang,Jack,Bagpipes,Spare Tire,Submarine Periscope,Gloves,Decanter,Tire,Maracas,Lug Wrench,Muumuu,Jack,Melon Baller,Spare Tire,Lollipop,Gloves,Pie Bird,Tire,Yo-Yo,Lug Wrench,Cask,Jack,Tuxedo Jacket,Spare Tire,Bird Nest,Gloves,Heat Gun
Painting a Fence,Paintbrush,Lathe,Paint,Lacrosse Stick,Bucket,Retractor,Drop Cloth,Cotton Candy,Roller,Geode,Paintbrush,Poncho,Paint,Tongue Depressor,Bucket,Curling Stone,Drop Cloth,Spinning Top,Roller,Bagpipes,Paintbrush,Theremin,Paint,Whole Pineapple,Bucket,Shot Put,Drop Cloth,Binder Clip,Roller,Fire Poker,Paintbrush,Bellhop Cart,Paint,Beehive,Bucket,Nibbler,Drop Cloth,Throw Pillow,Roller,Kilt,Paintbrush,Rowing Shell,Paint,Luge,Bucket,Desk Calendar,Drop Cloth,Vuvuzela,Roller,Kaleidoscope
Trimming Hedges,Hedge Clippers,Skip-It,Gloves,Rubber Band Ball,Bag,Tutu,Ladder,Ruler,Goggles,Boomerang,Hedge Clippers,Mannequin,Gloves,Gondola,Bag,Pinball Machine,Ladder,Totem Pole,Goggles,Stepladder,Hedge Clippers,Sedan Chair,Gloves,Marionette,Bag,Scythe,Ladder,Maracas,Goggles,Corndog,Hedge Clippers,Gargoyle,Gloves,Footstool,Bag,Dogsledge,Ladder,Corn on the Cob,Goggles,Beret,Hedge Clippers,Floor Lamp,Gloves,Forklift,Bag,Pumice Stone,Ladder,Shuttlecock,Goggles,Rowing Shell
Waxing a Car,Wax,Dogsledge,Cloth,Kilt,Buffer,Fondue Pot,Bucket,Sundial,Gloves,Pumice Stone,Wax,Spats,Cloth,Torque Wrench,Buffer,Cowbell,Bucket,Street Sweeper,Gloves,Banjo,Wax,Sticky Notes Pad,Cloth,Lollipop,Buffer,Stapler,Bucket,Ramekin,Gloves,Polo Mallet,Wax,TV Remote,Cloth,Paperweight,Buffer,Scythe,Bucket,Didgeridoo,Gloves,Garlic Press,Wax,Hula Hoop,Cloth,Lathe,Buffer,Rickshaw,Bucket,Balance Beam,Gloves,Gourd
Grooming a Dog,Brush,Rickshaw,Comb,Mannequin,Scissors,Recorder,Tub,Ukulele,Towel,Submarine Periscope,Brush,Tongue Depressor,Comb,Wheel of Cheese,Scissors,Poncho,Tub,Jump Rope,Towel,Spats,Brush,Ironing Board,Comb,Geode,Scissors,Parallel Bar,Tub,Vuvuzela,Towel,Monocle,Brush,Cowl,Comb,Watermelon,Scissors,Parka,Tub,Test Tube,Towel,Jack-in-the-Box,Brush,Whole Pineapple,Comb,Abacus,Scissors,Forceps,Tub,Candy Cane,Towel,Theremin
Typing a Letter,Typewriter,Melon Baller,Paper,Cowl,Ribbon,Sextant,White-Out,Fondue Pot,Envelope,Bullhorn,Typewriter,Bobblehead,Paper,Throw Pillow,Ribbon,Weather Vane,White-Out,Wasp Nest,Envelope,Curling Stone,Typewriter,Pie Bird,Paper,Pastry Brush,Ribbon,Ventriloquist Dummy,White-Out,Abacus,Envelope,Chaise Longue,Typewriter,Binder Clip,Paper,Keg,Ribbon,Whole Salmon,White-Out,Sousaphone,Envelope,Jug,Typewriter,Puppet,Paper,Megaphone,Ribbon,Poncho,White-Out,Bone Saw,Envelope,Hurdle
Developing a Photo,Developing Tank,Wheel of Cheese,Chemicals,Ear Trumpet,Enlarger,Specimen Jar,Timer,Periscope,Tongs,Dried Corn Husk,Developing Tank,Candy Cane,Chemicals,Xylophone,Enlarger,Compass,Timer,Catamaran,Tongs,Gourd,Developing Tank,Beret,Chemicals,Javelin,Enlarger,Harpsichord,Timer,Bullhorn,Tongs,Ramekin,Developing Tank,Pinwheel,Chemicals,Gondola,Enlarger,Bellows,Timer,Heat Gun,Tongs,Slot Machine,Developing Tank,Mannequin,Chemicals,Desk Calendar,Enlarger,Candy Floss,Timer,TV Remote,Tongs,Cherry Pitter
Operating a Jackhammer,Jackhammer,Forklift,Safety Goggles,Wind-Up Toy,Ear Protection,Nibbler,Gloves,Banjo,Boots,Lump of Coal,Jackhammer,Didgeridoo,Safety Goggles,Candy Floss,Ear Protection,Sedan Chair,Gloves,Butter Dish,Boots,Pinecone,Jackhammer,Salad Spinner,Safety Goggles,Street Sweeper,Ear Protection,Tongue Depressor,Gloves,Oscillating Tool,Boots,Hula Hoop,Jackhammer,Paper Clip Chain,Safety Goggles,Stapler,Ear Protection,Lollipop,Gloves,Pommel,Boots,Chaise Longue,Jackhammer,Sextant,Safety Goggles,Javelin,Ear Protection,Bocce Ball,Gloves,Pumice Stone,Boots,Wasp Nest
Tiling a Floor,Tile,Corndog,Trowel,Whole Salmon,Grout,Melon Baller,Spacers,Gavel,Bucket,Bullhorn,Tile,Tambourine,Trowel,Tutu,Grout,Driftwood,Spacers,Gondola,Bucket,Accordion,Tile,Whole Pineapple,Trowel,Flask,Grout,Clam Shell,Spacers,Compass,Bucket,Churro,Tile,Fondue Pot,Trowel,Pommel Horse,Grout,Plumb Bob,Spacers,Slot Machine,Bucket,Footstool,Tile,Frisbee,Trowel,Gourd,Grout,Poncho,Spacers,Geode,Bucket,Sombrero
Plastering a Wall,Plaster,Letter Opener,Trowel,Shuttlecock,Bucket,Salad Spinner,Sandpaper,Forklift,Sponge,Puppet,Plaster,Sticky Notes Pad,Trowel,Muumuu,Bucket,Theremin,Sandpaper,Bunsen Burner,Sponge,Hazmat Suit,Plaster,Cowl,Trowel,Rickshaw,Bucket,Sedan Chair,Sandpaper,Decanter,Sponge,Ruler,Plaster,Door Knocker,Trowel,Bone Saw,Bucket,Clam Shell,Sandpaper,Wire Stripper,Sponge,Tuxedo Jacket,Plaster,Cotton Candy,Trowel,Spinning Top,Bucket,Gravy Boat,Sandpaper,Wind-Up Toy,Sponge,Parallel Bar
Installing a Shelf,Shelf,Rubber Band Ball,Bracket,Binder Clip,Drill,Jack-in-the-Box,Level,Ironing Board,Screw,Toilet Plunger,Shelf,Slinky,Bracket,Bobsled,Drill,Tutu,Level,Polo Mallet,Screw,Bone Saw,Shelf,Goblet,Bracket,Hang Glider,Drill,Correction Tape,Level,Frisbee,Screw,Urn,Shelf,Desk Calendar,Bracket,Cloak,Drill,Cask,Level,Keg,Screw,Ear Trumpet,Shelf,Tricycle,Bracket,Ukulele,Drill,Typewriter,Level,TV Remote,Screw,Gravy Boat
Replacing a Light Bulb,Light Bulb,Centrifuge,Ladder,Pumice Stone,Socket,Angle Grinder,Cloth,Parallel Bar,Box,Tambourine,Light Bulb,Street Sweeper,Ladder,Desk Calendar,Socket,Rickshaw,Cloth,Bone Saw,Box,Barrel,Light Bulb,Tuxedo Jacket,Ladder,Xylophone,Socket,Reflex Hammer,Cloth,Sea Urchin,Box,Zamboni,Light Bulb,Pogo Stick,Ladder,Harpsichord,Socket,Forceps,Cloth,Flask,Box,Whole Pineapple,Light Bulb,Retractor,Ladder,Corn on the Cob,Socket,Periscope,Cloth,Pommel,Box,Candy Cane
Unclogging a Drain,Plunger,Drumstick (chicken),Drain,Flask,Bucket,Stalagtite,Gloves,Lump of Coal,Wrench,Oscillating Tool,Plunger,Rowing Shell,Drain,Hang Glider,Bucket,Rickshaw,Gloves,Lobster,Wrench,Kilt,Plunger,Bone Saw,Drain,Coat Rack,Bucket,Skeleton Sled,Gloves,Ukulele,Wrench,Spinning Top,Plunger,Cake Dome,Drain,Pumice Stone,Bucket,Tape Dispenser,Gloves,Cowbell,Wrench,Stapler,Plunger,Throw Pillow,Drain,Segway,Bucket,Abacus,Gloves,Ventriloquist Dummy,Wrench,Recorder
Sealing an Envelope,Envelope,Hang Glider,Letter,Letter Opener,Stamp,Snorkel Mask,Sponge,Forklift,Tray,Tin Snips,Envelope,Recorder,Letter,Periscope,Stamp,Pipe Wrench,Sponge,Churro,Tray,Otoscope,Envelope,Gummy Worm,Letter,Wasp Nest,Stamp,Pinball Machine,Sponge,Test Tube,Tray,Marionette,Envelope,Microscope Slide,Letter,Pumice Stone,Stamp,Lathe,Sponge,Butter Dish,Tray,Springform Pan,Envelope,Thermos,Letter,Wire Stripper,Stamp,Curling Stone,Sponge,Mannequin,Tray,Pommel
Rolling Out Dough,Rolling Pin,Unicycle,Dough,Dough Hook,Flour,Corndog,Mat,Snorkel Mask,Cutter,Antlers,Rolling Pin,Gravy Boat,Dough,Churro,Flour,Luge,Mat,TV Remote,Cutter,Blimp,Rolling Pin,Inbox Tray,Dough,Compass,Flour,Hang Glider,Mat,Paperweight,Cutter,Pince-Nez,Rolling Pin,Rickshaw,Dough,Pipe Wrench,Flour,Specimen Jar,Mat,Bellows,Cutter,Lobster,Rolling Pin,Bobsled,Dough,Watermelon,Flour,Lathe,Mat,Sextant,Cutter,Monocle
Decorating a Cake,Piping Bag,Discus,Icing,Candy Cane,Spatula,Gargoyle,Turntable,Sombrero,Toothpick,Ventriloquist Dummy,Piping Bag,Lobster,Icing,Beret,Spatula,Luge,Turntable,Compass,Toothpick,Bunch of Bananas,Piping Bag,Forklift,Icing,TV Remote,Spatula,Stethoscope,Turntable,Microscope Slide,Toothpick,Pretzel,Piping Bag,Forceps,Icing,Puppet,Spatula,Fire Poker,Turntable,Gravy Boat,Toothpick,Poncho,Piping Bag,Ruler,Icing,Gummy Worm,Spatula,Torque Wrench,Turntable,Monocle,Toothpick,Bellhop Cart
Making Pasta,Pasta Machine,Pommel Horse,Dough,Goblet,Flour,Ascot,Knife,Heat Gun,Drying Rack,Shuttlecock,Pasta Machine,Monocle,Dough,Salad Spinner,Flour,Kilt,Knife,Bagpipes,Drying Rack,Corndog,Pasta Machine,Centrifuge,Dough,Bunsen Burner,Flour,Bullhorn,Knife,Puppet,Drying Rack,Street Sweeper,Pasta Machine,Stalagtite,Dough,Decanter,Flour,Gravy Boat,Knife,Kazoo,Drying Rack,Egg Separator,Pasta Machine,Throw Pillow,Dough,Boomerang,Flour,TV Remote,Knife,Butter Dish,Drying Rack,Retractor
Pressing Flowers,Flower,Kazoo,Book,Pie Bird,Paper,Umbrella Stand,Weight,Retractor,Tweezers,Parallel Bar,Flower,Luge,Book,Clam Shell,Paper,Cask,Weight,Shot Put,Tweezers,Compass,Flower,Lederhosen,Book,Slot Machine,Paper,Gramophone,Weight,Typewriter,Tweezers,Bobsled,Flower,Zamboni,Book,Jigsaw,Paper,Bobblehead,Weight,Dough Hook,Tweezers,Otoscope,Flower,Kite,Book,Stethoscope,Paper,Pinwheel,Weight,Bunch of Bananas,Tweezers,Spinning Top
Repotting a Plant,Plant Pot,Drumstick (chicken),Soil,Cowl,Trowel,Snow Globe,Gloves,Pencil Sharpener,Watering Can,Hang Glider,Plant Pot,Whole Salmon,Soil,Pretzel,Trowel,Pastry Brush,Gloves,Barrel,Watering Can,Bellhop Cart,Plant Pot,Gargoyle,Soil,Tongue Depressor,Trowel,Binder Clip,Gloves,Canteen,Watering Can,Sundial,Plant Pot,Butter Dish,Soil,Dried Corn Husk,Trowel,Pinecone,Gloves,Yo-Yo,Watering Can,Umbrella Stand,Plant Pot,Cake Dome,Soil,Caulk Gun,Trowel,Stalagtite,Gloves,Typewriter,Watering Can,Reflex Hammer
Pruning a Tree,Pruning Shears,Shot Put,Saw,Marbles,Gloves,Ear Trumpet,Ladder,Whole Salmon,Bag,Boomerang,Pruning Shears,Antlers,Saw,Wind-Up Toy,Gloves,Hurdle,Ladder,Hazmat Suit,Bag,Scepter,Pruning Shears,Chalice,Saw,Drumstick (chicken),Gloves,Pie Bird,Ladder,Ruler,Bag,Letter Opener,Pruning Shears,Lacrosse Stick,Saw,Pipe Wrench,Gloves,Test Tube,Ladder,Stethoscope,Bag,Pinwheel,Pruning Shears,Garlic Press,Saw,Bocce Ball,Gloves,Footstool,Ladder,Tumbleweed,Bag,Banjo
Composting,Compost Bin,Torque Wrench,Scraps,Bellows,Fork,Vuvuzela,Gloves,Springform Pan,Bucket,Chaise Longue,Compost Bin,Sextant,Scraps,Toilet Plunger,Fork,Hang Glider,Gloves,Fossil,Bucket,Hole Punch,Compost Bin,Footstool,Scraps,Xylophone,Fork,Dogsledge,Gloves,Melon Baller,Bucket,Sticky Notes Pad,Compost Bin,Puppet,Scraps,Drumstick (chicken),Fork,Sedan Chair,Gloves,Rivet Gun,Bucket,Cowbell,Compost Bin,Cauldron,Scraps,Ear Trumpet,Fork,Harpsichord,Gloves,Pogo Stick,Bucket,Weather Vane
Planting Bulbs,Bulbs,Fire Poker,Trowel,Umbrella Stand,Gloves,Spats,Watering Can,Bellows,Fertilizer,Stepladder,Bulbs,Giant Gummy Bear,Trowel,Pie Bird,Gloves,Dried Corn Husk,Watering Can,Pencil Sharpener,Fertilizer,Harpsichord,Bulbs,Garlic Press,Trowel,Bagpipes,Gloves,Pommel Horse,Watering Can,Barrel,Fertilizer,Gummy Worm,Bulbs,Discus,Trowel,Snorkel Mask,Gloves,Forceps,Watering Can,Parallel Bar,Fertilizer,Compass,Bulbs,Salad Spinner,Trowel,Scythe,Gloves,Candelabra,Watering Can,Footstool,Fertilizer,Corndog
Weeding a Garden,Trowel,Curling Stone,Gloves,Pinwheel,Bucket,Cauldron,Kneeling Pad,Belt Sander,Bag,Tape Dispenser,Trowel,Maracas,Gloves,Unicycle,Bucket,Lacrosse Stick,Kneeling Pad,Lobster,Bag,Street Sweeper,Trowel,Antlers,Gloves,Snorkel Mask,Bucket,Fondue Pot,Kneeling Pad,Ear Trumpet,Bag,Rickshaw,Trowel,Nibbler,Gloves,Pommel Horse,Bucket,Bellows,Kneeling Pad,Gramophone,Bag,Anvil,Trowel,Decanter,Gloves,Gargoyle,Bucket,Floor Lamp,Kneeling Pad,Stapler,Bag,Chaise Longue
Stringing Lights,Lights,Xylophone,Ladder,Kayak,Hooks,Weather Vane,Extension Cord,Frisbee,Timer,Door Knocker,Lights,Pogo Stick,Ladder,Ramekin,Hooks,Paperweight,Extension Cord,Butter Dish,Timer,Gargoyle,Lights,Tuxedo Jacket,Ladder,Skip-It,Hooks,Javelin,Extension Cord,Forklift,Timer,Wheel of Cheese,Lights,Churro,Ladder,Fossil,Hooks,Gramophone,Extension Cord,Urn,Timer,Kazoo,Lights,Recorder,Ladder,Candelabra,Hooks,Beret,Extension Cord,Wind-Up Toy,Timer,Reflex Hammer
Wrapping a Gift Basket,Basket,Lollipop,Cellophane,Cherry Pitter,Ribbon,Jawbreaker,Bow,Fossil,Tape,Didgeridoo,Basket,Skip-It,Cellophane,Canteen,Ribbon,Rubber Band Ball,Bow,Driftwood,Tape,Microscope Slide,Basket,Hula Hoop,Cellophane,Pogo Stick,Ribbon,Lump of Coal,Bow,Luge,Tape,Dried Corn Husk,Basket,Ramekin,Cellophane,Catamaran,Ribbon,Bobsled,Bow,Spinning Top,Tape,Pitchfork,Basket,Torque Wrench,Cellophane,Amphora,Ribbon,Beehive,Bow,Belt Sander,Tape,Forklift
Calligraphy,Calligraphy Pen,Tutu,Ink,Trophy,Paper,Forceps,Ruler,Totem Pole,Blotter,Shuttlecock,Calligraphy Pen,Bunch of Bananas,Ink,Pinball Machine,Paper,Typewriter,Ruler,Binder Clip,Blotter,Whole Pineapple,Calligraphy Pen,Pencil Sharpener,Ink,Periscope,Paper,Flask,Ruler,Sea Urchin,Blotter,Zither,Calligraphy Pen,Candy Floss,Ink,Chamberpot,Paper,Kilt,Ruler,Pinwheel,Blotter,Bellows,Calligraphy Pen,Gargoyle,Ink,Paperweight,Paper,Garlic Press,Ruler,Caulk Gun,Blotter,Recorder
Sculpting Clay,Clay,Pogo Stick,Wire Tool,Mandolin,Sponge,Stapler,Water,Melon Baller,Board,Bucket,Clay,Stepladder,Wire Tool,Whole Pineapple,Sponge,Zamboni,Water,Hazmat Suit,Board,Skeleton Sled,Clay,Balance Beam,Wire Tool,Lollipop,Sponge,Throw Pillow,Water,Maracas,Board,Compass,Clay,Pince-Nez,Wire Tool,Accordion,Sponge,Hula Hoop,Water,Scepter,Board,Caulk Gun,Clay,Xylophone,Wire Tool,Pipe Wrench,Sponge,Pith Helmet,Water,Cask,Board,Dried Corn Husk
Throwing a Pot,Clay,Hurdle,Pottery Wheel,Marionette,Water,Bread Maker,Wire,Zamboni,Sponge,Umbrella Stand,Clay,Tuxedo Jacket,Pottery Wheel,Parallel Bar,Water,Ear Trumpet,Wire,Polo Mallet,Sponge,Cowl,Clay,Corn on the Cob,Pottery Wheel,Unicycle,Water,Pinecone,Wire,Ukulele,Sponge,Parka,Clay,Blimp,Pottery Wheel,Cauldron,Water,Muumuu,Wire,Thermos,Sponge,Fondue Pot,Clay,Geode,Pottery Wheel,Chalice,Water,Kaleidoscope,Wire,Bobblehead,Sponge,Totem Pole
Kiln Firing,Kiln,Vuvuzela,Pottery,Rowing Shell,Gloves,Jawbreaker,Thermometer,Ruler,Tongs,Lederhosen,Kiln,Sand Dollar,Pottery,Decanter,Gloves,Throw Pillow,Thermometer,Bobblehead,Tongs,Umbrella Stand,Kiln,Snorkel Mask,Pottery,Scepter,Gloves,Baguette,Thermometer,Scythe,Tongs,Kaleidoscope,Kiln,Stalagtite,Pottery,Bullhorn,Gloves,Corndog,Thermometer,Jump Rope,Tongs,Pommel,Kiln,Forceps,Pottery,Chamberpot,Gloves,Pie Bird,Thermometer,Forklift,Tongs,Butter Dish
Glazing Pottery,Glaze,Ruler,Brush,Bucket,Pottery,Forklift,Tongs,Test Tube,Kiln,Ramekin,Glaze,Shot Put,Brush,Bellhop Cart,Pottery,Stapler,Tongs,Ukulele,Kiln,Lollipop,Glaze,Petri Dish,Brush,Marbles,Pottery,Umbrella Stand,Tongs,Pince-Nez,Kiln,Periscope,Glaze,Melon Baller,Brush,Cloak,Pottery,Ironing Board,Tongs,Pogo Stick,Kiln,Clam Shell,Glaze,Bobsled,Brush,Gravy Boat,Pottery,Dried Corn Husk,Tongs,Stethoscope,Kiln,Torque Wrench
Tie-Dyeing,Shirt,Amphora,Dye,Shuttlecock,Rubber Bands,Didgeridoo,Gloves,Microscope Slide,Bucket,Bocce Ball,Shirt,Pumice Stone,Dye,Caulk Gun,Rubber Bands,Sundial,Gloves,Bobsled,Bucket,Pith Helmet,Shirt,Ramekin,Dye,Pencil Sharpener,Rubber Bands,Candy Floss,Gloves,Test Tube,Bucket,Compass,Shirt,Fondue Pot,Dye,Pitchfork,Rubber Bands,Butter Dish,Gloves,Sousaphone,Bucket,Catamaran,Shirt,Chamberpot,Dye,Antlers,Rubber Bands,Scepter,Gloves,Gravy Boat,Bucket,Tin Snips
Screen Printing,Screen,Pipe Wrench,Ink,Cauldron,Squeegee,Stethoscope,Frame,Bobblehead,T-shirt,Slot Machine,Screen,Clam Shell,Ink,Kaleidoscope,Squeegee,Scythe,Frame,Pencil Sharpener,T-shirt,Periscope,Screen,Cloak,Ink,Stalagtite,Squeegee,Garlic Press,Frame,Harpsichord,T-shirt,Baguette,Screen,Pogo Stick,Ink,Bobsled,Squeegee,Kilt,Frame,Monocle,T-shirt,Xylophone,Screen,Sticky Notes Pad,Ink,Fez,Squeegee,Ear Trumpet,Frame,Jump Rope,T-shirt,Rubber Duck
Lino Printing,Lino Block,Coat Rack,Gouge,Gavel,Ink,Stalagtite,Roller,Butter Dish,Paper,Jigsaw,Lino Block,Egg Separator,Gouge,Shot Put,Ink,Maracas,Roller,Dogsledge,Paper,Boomerang,Lino Block,Snorkel Mask,Gouge,Ascot,Ink,Wheel of Cheese,Roller,Ventriloquist Dummy,Paper,Whole Pineapple,Lino Block,Lump of Coal,Gouge,Bucket,Ink,Tuxedo Jacket,Roller,Kilt,Paper,Chalk Line,Lino Block,Correction Tape,Gouge,Tumbleweed,Ink,Bellows,Roller,Oscillating Tool,Paper,Didgeridoo
Etching Glass,Glass,Barrel,Etching Cream,Candy Cane,Stencil,Zamboni,Brush,Mannequin,Gloves,Tuba,Glass,Thermos,Etching Cream,Ironing Board,Stencil,Gargoyle,Brush,Sedan Chair,Gloves,Melon Baller,Glass,Stalagtite,Etching Cream,Catamaran,Stencil,Sumo Belt,Brush,Recorder,Gloves,Harpsichord,Glass,Trophy,Etching Cream,Lobster,Stencil,Skeleton Sled,Brush,Lute,Gloves,Pommel,Glass,Forklift,Etching Cream,Kazoo,Stencil,Paper Clip Chain,Brush,Cotton Candy,Gloves,Tumbleweed
Blowing Glass,Glass Tube,Ear Trumpet,Blowpipe,Desk Calendar,Paddle,Jawbreaker,Shears,Drumstick (chicken),Gloves,Poncho,Glass Tube,Fire Poker,Blowpipe,Jack-in-the-Box,Paddle,Bobsled,Shears,Lollipop,Gloves,Marbles,Glass Tube,Belt Sander,Blowpipe,Specimen Jar,Paddle,Flask,Shears,Kayak,Gloves,Stethoscope,Glass Tube,Puppet,Blowpipe,Polo Mallet,Paddle,Otoscope,Shears,Door Knocker,Gloves,Pinwheel,Glass Tube,Scythe,Blowpipe,Bird Nest,Paddle,Paper Clip Chain,Shears,Goblet,Gloves,Geode
Stained Glass Making,Glass,Zamboni,Cutter,Cherry Pitter,Foil,Tongue Depressor,Solder,Balance Beam,Iron,Yo-Yo,Glass,Pinwheel,Cutter,Chaise Longue,Foil,Sousaphone,Solder,Goblet,Iron,Bunsen Burner,Glass,Fondue Pot,Cutter,Bongo Drum,Foil,Lump of Coal,Solder,Wire Stripper,Iron,Sextant,Glass,Angle Grinder,Cutter,Bellhop Cart,Foil,Specimen Jar,Solder,Luge,Iron,Monocle,Glass,Lobster,Cutter,Beret,Foil,Gargoyle,Solder,Anvil,Iron,Unicycle
Leatherworking,Leather,Candy Cane,Awl,Driftwood,Thread,Balance Beam,Needle,Fondue Pot,Mallet,Stethoscope,Leather,Hourglass,Awl,Lederhosen,Thread,Bullhorn,Needle,Bellhop Cart,Mallet,Hurdle,Leather,Scepter,Awl,Gramophone,Thread,Pitchfork,Needle,Skeleton Sled,Mallet,Bunch of Bananas,Leather,Bunsen Burner,Awl,Centrifuge,Thread,Baguette,Needle,Unicycle,Mallet,Dried Corn Husk,Leather,Cowl,Awl,Catamaran,Thread,Nibbler,Needle,Chaise Longue,Mallet,Whole Salmon
Bookbinding,Pages,Cake Dome,Cover,Theremin,Thread,Jigsaw,Needle,Egg Separator,Glue,Hourglass,Pages,Kazoo,Cover,Corn on the Cob,Thread,Maracas,Needle,Gramophone,Glue,Butter Dish,Pages,Bunch of Bananas,Cover,Megaphone,Thread,Tumbleweed,Needle,Polo Mallet,Glue,Vuvuzela,Pages,Curling Stone,Cover,Decanter,Thread,Kaleidoscope,Needle,Tape Dispenser,Glue,Umbrella Stand,Pages,Sea Urchin,Cover,Pretzel,Thread,Boomerang,Needle,Pith Helmet,Glue,Catamaran
Marbling Paper,Paper,Curling Stone,Dye,Bongo Drum,Water Tray,Gummy Worm,Comb,Stapler,Alum,Gravy Boat,Paper,Hazmat Suit,Dye,Jawbreaker,Water Tray,Gramophone,Comb,Compass,Alum,Pumice Stone,Paper,Bullhorn,Dye,Sextant,Water Tray,Blimp,Comb,Lacrosse Stick,Alum,Cauldron,Paper,Dried Corn Husk,Dye,Flask,Water Tray,Lobster,Comb,Door Knocker,Alum,Lute,Paper,Belt Sander,Dye,Kite,Water Tray,Lathe,Comb,Pencil Sharpener,Alum,Shot Put
Candle Making,Wax,Hole Punch,Wick,Parallel Bar,Mold,Desk Calendar,Dye,Rivet Gun,Thermometer,Lute,Wax,Paper Clip Chain,Wick,Tumbleweed,Mold,Snorkel Mask,Dye,Kayak,Thermometer,Beehive,Wax,Canoe,Wick,Pommel,Mold,Dough Hook,Dye,Discus,Thermometer,Dried Corn Husk,Wax,Heat Gun,Wick,Gavel,Mold,Snow Globe,Dye,Gondola,Thermometer,Spinning Top,Wax,Gummy Worm,Wick,Wind-Up Toy,Mold,Test Tube,Dye,Coat Rack,Thermometer,Bird Nest
Soap Making,Lye,Lacrosse Stick,Oils,Forceps,Mold,Kayak,Thermometer,Harpsichord,Gloves,Ventriloquist Dummy,Lye,Scythe,Oils,Marionette,Mold,Banjo,Thermometer,Pinwheel,Gloves,Pith Helmet,Lye,Throw Pillow,Oils,Tutu,Mold,Discus,Thermometer,Boomerang,Gloves,Pommel,Lye,Gramophone,Oils,Fez,Mold,Pie Bird,Thermometer,Hazmat Suit,Gloves,Coat Rack,Lye,Unicycle,Oils,Antlers,Mold,Compass,Thermometer,Hula Hoop,Gloves,Clam Shell
Spinning Yarn,Fleece,Lederhosen,Spindle,Toilet Plunger,Wheel,Vuvuzela,Hook,Antlers,Basket,Keg,Fleece,Polo Mallet,Spindle,Door Knocker,Wheel,Whole Salmon,Hook,Recorder,Basket,Poncho,Fleece,Gravy Boat,Spindle,Parka,Wheel,Harpsichord,Hook,Theremin,Basket,Coat Rack,Fleece,Corn on the Cob,Spindle,Mandolin,Wheel,Cake Dome,Hook,Tape Dispenser,Basket,Giant Gummy Bear,Fleece,Zither,Spindle,Bunsen Burner,Wheel,Rowing Shell,Hook,Pommel,Basket,Microscope Slide
Weaving on a Loom,Loom,Inbox Tray,Shuttle,Bunch of Bananas,Yarn,Retractor,Comb,Banjo,Scissors,Corn on the Cob,Loom,Shuttlecock,Shuttle,Angle Grinder,Yarn,Abacus,Comb,Pinball Machine,Scissors,Poncho,Loom,Jawbreaker,Shuttle,Pith Helmet,Yarn,Sedan Chair,Comb,Street Sweeper,Scissors,Dough Hook,Loom,Pie Bird,Shuttle,Weather Vane,Yarn,Catamaran,Comb,Gavel,Scissors,Parka,Loom,Candy Apple,Shuttle,Boomerang,Yarn,Dogsledge,Comb,Stalagtite,Scissors,Bunsen Burner
Macrame,Cord,Anvil,Dowel,Tuxedo Jacket,Scissors,Pitchfork,Ruler,Corn on the Cob,Clipboard,Chaise Longue,Cord,Ear Trumpet,Dowel,Banjo,Scissors,Snow Globe,Ruler,Cotton Candy,Clipboard,Floor Lamp,Cord,Bobblehead,Dowel,Paperweight,Scissors,Pumice Stone,Ruler,Paper Clip Chain,Clipboard,Bocce Ball,Cord,Microscope Slide,Dowel,Melon Baller,Scissors,Clam Shell,Ruler,Balance Beam,Clipboard,Kayak,Cord,Umbrella Stand,Dowel,Hazmat Suit,Scissors,Desk Calendar,Ruler,Butter Dish,Clipboard,Skip-It
Cross-Stitching,Fabric,Drumstick (chicken),Thread,Ascot,Hoop,Monocle,Needle,Rubber Band Ball,Scissors,Tumbleweed,Fabric,Keg,Thread,Dogsledge,Hoop,Cowl,Needle,Correction Tape,Scissors,Cherry Pitter,Fabric,Kaleidoscope,Thread,Door Knocker,Hoop,Forklift,Needle,Rubber Duck,Scissors,Cake Dome,Fabric,Harpsichord,Thread,Pommel Horse,Hoop,Corn on the Cob,Needle,Tin Snips,Scissors,Retractor,Fabric,Geode,Thread,Compass,Hoop,Sextant,Needle,Ear Trumpet,Scissors,Rivet Gun
Embroidery,Fabric,Sundial,Thread,Drumstick (chicken),Hoop,Wire Stripper,Needle,Dough Hook,Scissors,Fondue Pot,Fabric,Pinwheel,Thread,Candy Floss,Hoop,Oscillating Tool,Needle,Puppet,Scissors,Candy Apple,Fabric,Bellhop Cart,Thread,Luge,Hoop,Goblet,Needle,Kilt,Scissors,Spinning Top,Fabric,Tuba,Thread,Churro,Hoop,Wasp Nest,Needle,Forklift,Scissors,Scepter,Fabric,Kite,Thread,Pith Helmet,Hoop,Giant Gummy Bear,Needle,Caulk Gun,Scissors,Lederhosen
Quilting,Fabric,Bread Maker,Batting,Egg Separator,Thread,Pogo Stick,Needle,Submarine Periscope,Hoop,Compass,Fabric,Totem Pole,Batting,Gavel,Thread,Ventriloquist Dummy,Needle,Gargoyle,Hoop,Candelabra,Fabric,Garlic Press,Batting,Whole Pineapple,Thread,Baguette,Needle,Ukulele,Hoop,Butter Dish,Fabric,Wasp Nest,Batting,Forklift,Thread,Keg,Needle,Pitchfork,Hoop,Accordion,Fabric,Boomerang,Batting,Door Stopper,Thread,Poncho,Needle,Ear Trumpet,Hoop,Stethoscope
Crocheting,Hook,Didgeridoo,Yarn,Cherry Pitter,Pattern,Lobster,Scissors,Pith Helmet,Marker,Zamboni,Hook,Tutu,Yarn,Jack-in-the-Box,Pattern,Desk Calendar,Scissors,Bobblehead,Marker,Barrel,Hook,Mannequin,Yarn,Zither,Pattern,Plumb Bob,Scissors,Trophy,Marker,Sousaphone,Hook,Cloak,Yarn,Tape Dispenser,Pattern,Recorder,Scissors,Forklift,Marker,Bird Nest,Hook,Lederhosen,Yarn,Accordion,Pattern,Ironing Board,Scissors,Maracas,Marker,Centrifuge
Tatting Lace,Shuttle,Fez,Thread,Bocce Ball,Scissors,Centrifuge,Ruler,Cauldron,Needle,Dried Corn Husk,Shuttle,Watermelon,Thread,Door Knocker,Scissors,Harpsichord,Ruler,Hang Glider,Needle,Chamberpot,Shuttle,Sousaphone,Thread,Sea Urchin,Scissors,Tricycle,Ruler,Microscope Slide,Needle,Oscillating Tool,Shuttle,Pastry Brush,Thread,Tambourine,Scissors,Javelin,Ruler,Belt Sander,Needle,Tongue Depressor,Shuttle,Bobblehead,Thread,Pinecone,Scissors,Blimp,Ruler,Fossil,Needle,Street Sweeper
Braiding Rope,Rope,Kilt,Clamp,Banjo,Scissors,Gummy Worm,Ruler,Clam Shell,Tape,Zamboni,Rope,Rickshaw,Clamp,Churro,Scissors,Bread Maker,Ruler,TV Remote,Tape,Jump Rope,Rope,Sombrero,Clamp,Marbles,Scissors,Poncho,Ruler,Decanter,Tape,Mannequin,Rope,Tutu,Clamp,Forceps,Scissors,Shuttlecock,Ruler,Candelabra,Tape,Hula Hoop,Rope,Sextant,Clamp,Rivet Gun,Scissors,Gondola,Ruler,Pommel,Tape,Curling Stone
Making a Dream Catcher,Hoop,Sumo Belt,Suede,Pitchfork,Feathers,Ventriloquist Dummy,Beads,Snow Globe,Thread,Oscillating Tool,Hoop,Didgeridoo,Suede,Jug,Feathers,Recorder,Beads,Canteen,Thread,Sousaphone,Hoop,Sea Urchin,Suede,Parallel Bar,Feathers,Boomerang,Beads,Rivet Gun,Thread,Fondue Pot,Hoop,Cloak,Suede,Abacus,Feathers,Frisbee,Beads,Mannequin,Thread,Inbox Tray,Hoop,Vuvuzela,Suede,Monocle,Feathers,Cotton Candy,Beads,Wasp Nest,Thread,Bobblehead
Beading a Bracelet,Beads,Reflex Hammer,Thread,Springform Pan,Needle,Accordion,Clasp,Barrel,Scissors,Curling Stone,Beads,Specimen Jar,Thread,Salad Spinner,Needle,Recorder,Clasp,Pith Helmet,Scissors,Sextant,Beads,Lollipop,Thread,Canteen,Needle,Decanter,Clasp,Balance Beam,Scissors,Bunch of Bananas,Beads,Candy Apple,Thread,Bird Nest,Needle,Hang Glider,Clasp,Luge,Scissors,Goblet,Beads,Parallel Bar,Thread,Gavel,Needle,Kilt,Clasp,Heat Gun,Scissors,Stethoscope
Stringing a Necklace,Beads,Slinky,Wire,Tumbleweed,Clasp,Rubber Duck,Pliers,Sea Urchin,Scissors,Shot Put,Beads,Pinecone,Wire,Skeleton Sled,Clasp,Fossil,Pliers,Ascot,Scissors,Lump of Coal,Beads,Ukulele,Wire,Wire Stripper,Clasp,Barrel,Pliers,Hang Glider,Scissors,Test Tube,Beads,Marionette,Wire,Candy Apple,Clasp,Anvil,Pliers,Recorder,Scissors,Bread Maker,Beads,Jawbreaker,Wire,Pinwheel,Clasp,Parka,Pliers,Curling Stone,Scissors,Corn on the Cob
Wire Wrapping,Wire,Bucket,Pliers,Shot Put,Cutters,Spinning Top,Stone,Thermos,Mandrel,Pitchfork,Wire,Lathe,Pliers,Heat Gun,Cutters,Beehive,Stone,Candy Apple,Mandrel,Toilet Plunger,Wire,Pince-Nez,Pliers,Driftwood,Cutters,Bullhorn,Stone,Inbox Tray,Mandrel,Wire Stripper,Wire,Zither,Pliers,Blimp,Cutters,Mandolin,Stone,Watermelon,Mandrel,TV Remote,Wire,Submarine Periscope,Pliers,Paper Clip Chain,Cutters,Segway,Stone,Pinwheel,Mandrel,Tricycle
Resin Casting,Resin,Sand Dollar,Mold,Sea Urchin,Gloves,Antlers,Stir Stick,Pipe Wrench,Timer,Scepter,Resin,Bucket,Mold,Harpsichord,Gloves,Muumuu,Stir Stick,Springform Pan,Timer,Driftwood,Resin,Shuttlecock,Mold,Submarine Periscope,Gloves,Egg Separator,Stir Stick,Pogo Stick,Timer,Banjo,Resin,Letter Opener,Mold,Fire Poker,Gloves,Kite,Stir Stick,Shot Put,Timer,Belt Sander,Resin,Kilt,Mold,Tape Dispenser,Gloves,Bongo Drum,Stir Stick,Stalagtite,Timer,Street Sweeper
Decoupage,Paper,Snorkel Mask,Glue,Microscope Slide,Brush,Ironing Board,Scissors,Bellhop Cart,Object,Pommel Horse,Paper,Belt Sander,Glue,Dried Corn Husk,Brush,Anvil,Scissors,Spats,Object,Cotton Candy,Paper,Plumb Bob,Glue,Decanter,Brush,Cake Dome,Scissors,Tambourine,Object,Hula Hoop,Paper,Shot Put,Glue,Gargoyle,Brush,Theremin,Scissors,Pinball Machine,Object,Lederhosen,Paper,Polo Mallet,Glue,Chaise Longue,Brush,Catamaran,Scissors,Sedan Chair,Object,Pince-Nez
Mosaic Making,Tiles,Bobblehead,Grout,Tutu,Adhesive,Footstool,Cutter,Luge,Tray,Kite,Tiles,Toilet Plunger,Grout,Wheel of Cheese,Adhesive,Blimp,Cutter,Goblet,Tray,Stalagtite,Tiles,Pitchfork,Grout,Xylophone,Adhesive,Pencil Sharpener,Cutter,Javelin,Tray,Lute,Tiles,Marionette,Grout,Gavel,Adhesive,Cauldron,Cutter,Pommel Horse,Tray,Watermelon,Tiles,Whole Salmon,Grout,Pinwheel,Adhesive,Inbox Tray,Cutter,Belt Sander,Tray,Bunch of Bananas
Sand Art,Sand,Petri Dish,Bottle,Stalagtite,Funnel,Cauldron,Dye,Coat Rack,Cork,Mannequin,Sand,Luge,Bottle,Wind-Up Toy,Funnel,Frisbee,Dye,Pinecone,Cork,Floor Lamp,Sand,Amphora,Bottle,Maracas,Funnel,Bongo Drum,Dye,Fossil,Cork,Sedan Chair,Sand,Plumb Bob,Bottle,Footstool,Funnel,Cloak,Dye,Garlic Press,Cork,Tuxedo Jacket,Sand,Drumstick (chicken),Bottle,Specimen Jar,Funnel,Jug,Dye,Ramekin,Cork,Bucket
Paper Marbling,Paper,Ear Trumpet,Dye,Tuba,Tray,Otoscope,Comb,Trophy,Alum,Cloak,Paper,Plumb Bob,Dye,Fez,Tray,Fire Poker,Comb,Slinky,Alum,Pastry Brush,Paper,Fondue Pot,Dye,Cotton Candy,Tray,Frisbee,Comb,Candy Floss,Alum,Bone Saw,Paper,Sticky Notes Pad,Dye,Jug,Tray,TV Remote,Comb,Thermos,Alum,Geode,Paper,Sousaphone,Dye,Forceps,Tray,Spats,Comb,Bunch of Bananas,Alum,Balance Beam
Papier-Mâché,Newspaper,Floor Lamp,Paste,Tutu,Balloon,Chamberpot,Paint,Pinwheel,Brush,Skip-It,Newspaper,Hole Punch,Paste,Flask,Balloon,Plumb Bob,Paint,Heat Gun,Brush,Snow Globe,Newspaper,Candy Floss,Paste,Spats,Balloon,Balance Beam,Paint,Rubber Band Ball,Brush,Letter Opener,Newspaper,Monocle,Paste,Caulk Gun,Balloon,Periscope,Paint,Abacus,Brush,Ear Trumpet,Newspaper,Hurdle,Paste,Trophy,Balloon,Harpsichord,Paint,Retractor,Brush,Hazmat Suit
Making a Piñata,Balloon,Rowing Shell,Newspaper,Zamboni,Paste,Tuxedo Jacket,Paint,Forklift,Candy,Bocce Ball,Balloon,Skip-It,Newspaper,Hang Glider,Paste,Chaise Longue,Paint,Mandolin,Candy,Bread Maker,Balloon,Rubber Band Ball,Newspaper,Bongo Drum,Paste,Toilet Plunger,Paint,Rivet Gun,Candy,Footstool,Balloon,Inbox Tray,Newspaper,Pith Helmet,Paste,Tumbleweed,Paint,Blimp,Candy,Didgeridoo,Balloon,Stepladder,Newspaper,Amphora,Paste,Cowl,Paint,Butter Dish,Candy,Boomerang
Candle Dipping,Wax,Segway,Wick,Chaise Longue,Dowel,Zamboni,Pot,Floor Lamp,Thermometer,Chalice,Wax,Cake Dome,Wick,Keg,Dowel,Ascot,Pot,Scepter,Thermometer,Pommel,Wax,Springform Pan,Wick,Stepladder,Dowel,Desk Calendar,Pot,Antlers,Thermometer,Yo-Yo,Wax,Vuvuzela,Wick,Ramekin,Dowel,Skip-It,Pot,Tuba,Thermometer,Cloak,Wax,Kazoo,Wick,Jug,Dowel,Garlic Press,Pot,Ventriloquist Dummy,Thermometer,Melon Baller
Pressing Wax Seals,Wax,Canteen,Seal Stamp,Melon Baller,Spoon,Wheel of Cheese,Candle,Garlic Press,Envelope,Bird Nest,Wax,Tambourine,Seal Stamp,Stalagtite,Spoon,Binder Clip,Candle,Bagpipes,Envelope,Springform Pan,Wax,Specimen Jar,Seal Stamp,Letter Opener,Spoon,Heat Gun,Candle,Chalice,Envelope,Chamberpot,Wax,Beret,Seal Stamp,Petri Dish,Spoon,Mannequin,Candle,Angle Grinder,Envelope,Bocce Ball,Wax,Rubber Band Ball,Seal Stamp,Slinky,Spoon,Pie Bird,Candle,Gavel,Envelope,Caulk Gun
Making a Rubber Stamp,Rubber Block,Pinecone,Carving Tool,Butter Dish,Ink,Tin Snips,Paper,Forklift,Roller,Pipe Wrench,Rubber Block,Parallel Bar,Carving Tool,Gargoyle,Ink,Gramophone,Paper,Inbox Tray,Roller,Forceps,Rubber Block,Sumo Belt,Carving Tool,Bullhorn,Ink,Salad Spinner,Paper,Xylophone,Roller,Oscillating Tool,Rubber Block,Skeleton Sled,Carving Tool,Zamboni,Ink,Skip-It,Paper,Test Tube,Roller,Gummy Worm,Rubber Block,Spats,Carving Tool,Cake Dome,Ink,Rickshaw,Paper,Heat Gun,Roller,Pitchfork
Potato Stamping,Potato,Sedan Chair,Knife,Candy Floss,Ink,Angle Grinder,Paper,Watermelon,Tray,TV Remote,Potato,Rubber Band Ball,Knife,Pumice Stone,Ink,Antlers,Paper,Vuvuzela,Tray,Driftwood,Potato,Mandolin,Knife,Stalagtite,Ink,Snow Globe,Paper,Wasp Nest,Tray,Churro,Potato,Pinball Machine,Knife,Curling Stone,Ink,Pith Helmet,Paper,Parallel Bar,Tray,Whole Salmon,Potato,Dough Hook,Knife,Chalice,Ink,Amphora,Paper,Bunsen Burner,Tray,Jug
Sponge Painting,Sponge,Cauldron,Paint,Slot Machine,Paper,Bone Saw,Tray,Rickshaw,Apron,Pencil Sharpener,Sponge,Corn on the Cob,Paint,Belt Sander,Paper,Gramophone,Tray,Reflex Hammer,Apron,Slinky,Sponge,Sticky Notes Pad,Paint,Blimp,Paper,Pince-Nez,Tray,Sea Urchin,Apron,Whole Pineapple,Sponge,Pipe Wrench,Paint,Frisbee,Paper,Ventriloquist Dummy,Tray,Cherry Pitter,Apron,Amphora,Sponge,Bunch of Bananas,Paint,Street Sweeper,Paper,Shot Put,Tray,Didgeridoo,Apron,Caulk Gun
Splatter Painting,Brush,Poncho,Paint,TV Remote,Canvas,Beret,Apron,Churro,Tray,Thermos,Brush,Lederhosen,Paint,Tumbleweed,Canvas,Mandolin,Apron,Throw Pillow,Tray,Anvil,Brush,Catamaran,Paint,Pitchfork,Canvas,Correction Tape,Apron,Theremin,Tray,Butter Dish,Brush,Javelin,Paint,Spinning Top,Canvas,Cake Dome,Apron,Stalagtite,Tray,Cauldron,Brush,Paper Clip Chain,Paint,Banjo,Canvas,Rivet Gun,Apron,Pastry Brush,Tray,Candy Cane
Spray Painting,Spray Can,Petri Dish,Stencil,Centrifuge,Canvas,Drumstick (chicken),Gloves,Correction Tape,Mask,Lump of Coal,Spray Can,Marionette,Stencil,Banjo,Canvas,Theremin,Gloves,Stethoscope,Mask,Paperweight,Spray Can,Boomerang,Stencil,Cake Dome,Canvas,Lederhosen,Gloves,Skip-It,Mask,Wasp Nest,Spray Can,Tricycle,Stencil,Curling Stone,Canvas,Kazoo,Gloves,Weather Vane,Mask,Zither,Spray Can,Unicycle,Stencil,Hazmat Suit,Canvas,Poncho,Gloves,Rubber Band Ball,Mask,Discus
Airbrushing,Airbrush,Pith Helmet,Paint,Banjo,Canvas,Jug,Stencil,Cowbell,Compressor,Poncho,Airbrush,Typewriter,Paint,Mannequin,Canvas,Bucket,Stencil,Accordion,Compressor,Flask,Airbrush,Gondola,Paint,Ukulele,Canvas,Fez,Stencil,Street Sweeper,Compressor,Megaphone,Airbrush,Fire Poker,Paint,Recorder,Canvas,Retractor,Stencil,Slinky,Compressor,Lederhosen,Airbrush,Puppet,Paint,Belt Sander,Canvas,Sextant,Stencil,Rivet Gun,Compressor,Salad Spinner
Charcoal Drawing,Charcoal,Footstool,Paper,Gramophone,Eraser,Angle Grinder,Fixative,Centrifuge,Board,Sousaphone,Charcoal,Didgeridoo,Paper,Stethoscope,Eraser,Pommel Horse,Fixative,Candelabra,Board,Pinecone,Charcoal,Gourd,Paper,Bobsled,Eraser,Corndog,Fixative,Pumice Stone,Board,Test Tube,Charcoal,Shuttlecock,Paper,Bobblehead,Eraser,Shot Put,Fixative,Gravy Boat,Board,Pinwheel,Charcoal,Theremin,Paper,Antlers,Eraser,Geode,Fixative,Binder Clip,Board,Monocle
Pastel Drawing,Pastel,Tuxedo Jacket,Paper,Gravy Boat,Blending Stump,Door Knocker,Fixative,Gourd,Board,Ruler,Pastel,Poncho,Paper,Stapler,Blending Stump,Compass,Fixative,Beehive,Board,Tambourine,Pastel,Blimp,Paper,Wheel of Cheese,Blending Stump,Barrel,Fixative,Lathe,Board,Hang Glider,Pastel,Discus,Paper,Lollipop,Blending Stump,Paperweight,Fixative,Correction Tape,Board,Hurdle,Pastel,Spinning Top,Paper,Tuba,Blending Stump,Egg Separator,Fixative,Geode,Board,Angle Grinder
Watercolor Painting,Brush,Fossil,Watercolor,Gravy Boat,Paper,Bone Saw,Water,Flask,Palette,Butter Dish,Brush,Centrifuge,Watercolor,Melon Baller,Paper,Mannequin,Water,Vuvuzela,Palette,Paperweight,Brush,Lathe,Watercolor,Muumuu,Paper,TV Remote,Water,Footstool,Palette,Stethoscope,Brush,Floor Lamp,Watercolor,Submarine Periscope,Paper,Stepladder,Water,Keg,Palette,Retractor,Brush,Tongue Depressor,Watercolor,Poncho,Paper,Bellows,Water,Wire Stripper,Palette,Wheel of Cheese
Oil Painting,Brush,Ruler,Oil Paint,Sand Dollar,Canvas,Coat Rack,Palette,Gargoyle,Solvent,Abacus,Brush,Hula Hoop,Oil Paint,Lollipop,Canvas,Fossil,Palette,Chaise Longue,Solvent,Chamberpot,Brush,Kayak,Oil Paint,Anvil,Canvas,Jigsaw,Palette,Cowl,Solvent,Sombrero,Brush,Flask,Oil Paint,Stapler,Canvas,Egg Separator,Palette,Boomerang,Solvent,Urn,Brush,Tumbleweed,Oil Paint,Bunsen Burner,Canvas,Microscope Slide,Palette,Jug,Solvent,Discus
Acrylic Painting,Brush,TV Remote,Acrylic,Street Sweeper,Canvas,Door Stopper,Palette,Bird Nest,Water,Bread Maker,Brush,Polo Mallet,Acrylic,Test Tube,Canvas,Torque Wrench,Palette,Marionette,Water,Whole Pineapple,Brush,Bocce Ball,Acrylic,Binder Clip,Canvas,Cake Dome,Palette,Scepter,Water,Pencil Sharpener,Brush,Fire Poker,Acrylic,Skeleton Sled,Canvas,Jigsaw,Palette,Lederhosen,Water,Sombrero,Brush,Cauldron,Acrylic,Segway,Canvas,Tuxedo Jacket,Palette,Pie Bird,Water,Stalagtite
Ink Drawing,Pen,Xylophone,Ink,Nibbler,Paper,Barrel,Ruler,Lacrosse Stick,Blotter,Pogo Stick,Pen,Fez,Ink,Pinwheel,Paper,Rowing Shell,Ruler,Jack-in-the-Box,Blotter,Dogsledge,Pen,Binder Clip,Ink,Microscope Slide,Paper,Jump Rope,Ruler,Belt Sander,Blotter,Floor Lamp,Pen,Catamaran,Ink,Footstool,Paper,Hurdle,Ruler,Jug,Blotter,Parka,Pen,Heat Gun,Ink,Harpsichord,Paper,Candy Apple,Ruler,Wire Stripper,Blotter,Trophy
Linocut Printing,Lino,Stethoscope,Gouge,Clam Shell,Ink,Centrifuge,Roller,Bunsen Burner,Paper,Jump Rope,Lino,Hole Punch,Gouge,Yo-Yo,Ink,Bagpipes,Roller,Rivet Gun,Paper,Tricycle,Lino,Beehive,Gouge,Jigsaw,Ink,Ironing Board,Roller,Bobsled,Paper,Bongo Drum,Lino,Kaleidoscope,Gouge,Butter Dish,Ink,Floor Lamp,Roller,Pinwheel,Paper,Recorder,Lino,Tin Snips,Gouge,Egg Separator,Ink,Plumb Bob,Roller,Forceps,Paper,Cowl
Woodblock Printing,Wood Block,Muumuu,Gouge,Weather Vane,Ink,Springform Pan,Roller,Puppet,Paper,Toilet Plunger,Wood Block,Clam Shell,Gouge,Catamaran,Ink,Caulk Gun,Roller,Ironing Board,Paper,Balance Beam,Wood Block,Cowl,Gouge,Wheel of Cheese,Ink,Bird Nest,Roller,Oscillating Tool,Paper,Giant Gummy Bear,Wood Block,Slinky,Gouge,Trophy,Ink,Pie Bird,Roller,Fossil,Paper,Tutu,Wood Block,Zamboni,Gouge,Gummy Worm,Ink,Forklift,Roller,Door Knocker,Paper,Snorkel Mask
Etching,Metal Plate,Pommel,Acid,Lump of Coal,Varnish,Kaleidoscope,Needle,Door Stopper,Tongs,Stapler,Metal Plate,Discus,Acid,Unicycle,Varnish,Sea Urchin,Needle,Gavel,Tongs,Bunsen Burner,Metal Plate,Gourd,Acid,Nibbler,Varnish,Hurdle,Needle,Baguette,Tongs,Rubber Band Ball,Metal Plate,Boomerang,Acid,Rubber Duck,Varnish,Inbox Tray,Needle,Paper Clip Chain,Tongs,Hourglass,Metal Plate,Wire Stripper,Acid,Compass,Varnish,Bird Nest,Needle,Forklift,Tongs,Gargoyle
Lithography,Stone,Pastry Brush,Greasy Crayon,Candy Apple,Acid,Yo-Yo,Roller,Rubber Duck,Ink,Candy Cane,Stone,Letter Opener,Greasy Crayon,Bread Maker,Acid,Zamboni,Roller,Hole Punch,Ink,Whole Pineapple,Stone,Kazoo,Greasy Crayon,Pinball Machine,Acid,Sticky Notes Pad,Roller,Baguette,Ink,Canteen,Stone,Jug,Greasy Crayon,Egg Separator,Acid,Ramekin,Roller,Gourd,Ink,Bucket,Stone,Cask,Greasy Crayon,Oscillating Tool,Acid,Gavel,Roller,Garlic Press,Ink,Toilet Plunger
Silkscreen Printing,Screen,Boomerang,Ink,Rickshaw,Squeegee,Pencil Sharpener,Frame,Tuxedo Jacket,T-shirt,Tambourine,Screen,Rowing Shell,Ink,Whole Salmon,Squeegee,Toilet Plunger,Frame,Corndog,T-shirt,Coat Rack,Screen,Scepter,Ink,Beret,Squeegee,Scythe,Frame,Chaise Longue,T-shirt,Weather Vane,Screen,Totem Pole,Ink,Dried Corn Husk,Squeegee,Caulk Gun,Frame,Parallel Bar,T-shirt,Tongue Depressor,Screen,Inbox Tray,Ink,Mandolin,Squeegee,Bird Nest,Frame,Floor Lamp,T-shirt,Accordion
Darkroom Photography,Enlarger,Nibbler,Developer,Retractor,Fixer,Decanter,Tongs,Floor Lamp,Timer,Pastry Brush,Enlarger,Fez,Developer,Theremin,Fixer,Lederhosen,Tongs,Dried Corn Husk,Timer,Stethoscope,Enlarger,Pumice Stone,Developer,Desk Calendar,Fixer,Shot Put,Tongs,Balance Beam,Timer,Pie Bird,Enlarger,Street Sweeper,Developer,Jigsaw,Fixer,Cask,Tongs,Tutu,Timer,Chaise Longue,Enlarger,Sand Dollar,Developer,Ruler,Fixer,Torque Wrench,Tongs,Trophy,Timer,Microscope Slide
Developing Film,Film,Heat Gun,Tank,Banjo,Developer,Drumstick (chicken),Fixer,Bagpipes,Clips,Tongue Depressor,Film,Mannequin,Tank,Gavel,Developer,Bocce Ball,Fixer,Kaleidoscope,Clips,Bellows,Film,Bucket,Tank,Tambourine,Developer,Ironing Board,Fixer,Coat Rack,Clips,Anvil,Film,Bobsled,Tank,Ear Trumpet,Developer,Cowl,Fixer,Gourd,Clips,Parka,Film,Jug,Tank,Lederhosen,Developer,Correction Tape,Fixer,Chalk Line,Clips,Corndog
Making a Collage,Images,Weather Vane,Scissors,Cowbell,Glue,Kilt,Board,Salad Spinner,Ruler,Keg,Images,Garlic Press,Scissors,Puppet,Glue,Tongue Depressor,Board,Churro,Ruler,Otoscope,Images,Frisbee,Scissors,Hurdle,Glue,Megaphone,Board,Periscope,Ruler,Kaleidoscope,Images,Jump Rope,Scissors,Parka,Glue,Specimen Jar,Board,Caulk Gun,Ruler,Cask,Images,Bird Nest,Scissors,Centrifuge,Glue,Bucket,Board,Pitchfork,Ruler,Ear Trumpet
Assembling a Puzzle,Puzzle Pieces,Bunch of Bananas,Table,Lathe,Tray,Marbles,Lamp,Bellhop Cart,Brush,Pogo Stick,Puzzle Pieces,Sand Dollar,Table,Polo Mallet,Tray,Jawbreaker,Lamp,Dried Corn Husk,Brush,Drumstick (chicken),Puzzle Pieces,Gondola,Table,Wheel of Cheese,Tray,Hourglass,Lamp,Javelin,Brush,Tumbleweed,Puzzle Pieces,Bone Saw,Table,Slinky,Tray,Unicycle,Lamp,Anvil,Brush,Cherry Pitter,Puzzle Pieces,Bocce Ball,Table,Canoe,Tray,Typewriter,Lamp,Coat Rack,Brush,Cauldron
Model Building,Model Kit,Spats,Glue,Forceps,Paint,Hole Punch,Knife,Fez,Mat,Vuvuzela,Model Kit,Sousaphone,Glue,Antlers,Paint,Gargoyle,Knife,Ascot,Mat,Blimp,Model Kit,Sand Dollar,Glue,Belt Sander,Paint,Kazoo,Knife,Scepter,Mat,Nibbler,Model Kit,Ramekin,Glue,Candelabra,Paint,Canoe,Knife,Pinecone,Mat,Goblet,Model Kit,Centrifuge,Glue,Barrel,Paint,Inbox Tray,Knife,Gondola,Mat,Butter Dish
Train Set Assembly,Track,Unicycle,Engine,Garlic Press,Cars,Street Sweeper,Controller,Chamberpot,Bridge,Cake Dome,Track,Zither,Engine,Marbles,Cars,Tumbleweed,Controller,Fondue Pot,Bridge,Bellows,Track,Pencil Sharpener,Engine,Oscillating Tool,Cars,Dogsledge,Controller,Tape Dispenser,Bridge,Hole Punch,Track,Gargoyle,Engine,Segway,Cars,Reflex Hammer,Controller,Wheel of Cheese,Bridge,Poncho,Track,Fire Poker,Engine,Nibbler,Cars,Cask,Controller,Thermos,Bridge,Tuba
Remote Control Car,Car,Bocce Ball,Controller,Wheel of Cheese,Battery,Plumb Bob,Antenna,Floor Lamp,Charger,Door Knocker,Car,Tumbleweed,Controller,Jug,Battery,Door Stopper,Antenna,Cotton Candy,Charger,Goblet,Car,Typewriter,Controller,Lobster,Battery,Cowl,Antenna,Salad Spinner,Charger,Keg,Car,Nibbler,Controller,Paper Clip Chain,Battery,Bunsen Burner,Antenna,Stethoscope,Charger,Chalk Line,Car,Wind-Up Toy,Controller,Bagpipes,Battery,Urn,Antenna,Ironing Board,Charger,Bread Maker
Drone Flying,Drone,Cowbell,Controller,Driftwood,Battery,Bellows,Goggles,Fossil,Prop,Bullhorn,Drone,Slot Machine,Controller,Cake Dome,Battery,Chamberpot,Goggles,Barrel,Prop,Beret,Drone,Catamaran,Controller,Tongue Depressor,Battery,Blimp,Goggles,Chaise Longue,Prop,Bone Saw,Drone,Watermelon,Controller,Bunsen Burner,Battery,Drumstick (chicken),Goggles,Hula Hoop,Prop,Door Knocker,Drone,Umbrella Stand,Controller,Megaphone,Battery,Otoscope,Goggles,Pinecone,Prop,Dough Hook
Radio Operation,Radio,Bunsen Burner,Antenna,Parallel Bar,Headset,Didgeridoo,Microphone,Hurdle,Log Book,Geode,Radio,Fossil,Antenna,Bagpipes,Headset,Toilet Plunger,Microphone,Watermelon,Log Book,Lollipop,Radio,Stapler,Antenna,Skip-It,Headset,Chalice,Microphone,Bobblehead,Log Book,Bone Saw,Radio,Footstool,Antenna,Hula Hoop,Headset,Bellows,Microphone,Binder Clip,Log Book,Blimp,Radio,Giant Gummy Bear,Antenna,Hourglass,Headset,Lacrosse Stick,Microphone,Egg Separator,Log Book,Cowl
Morse Code,Key,Plumb Bob,Headset,Petri Dish,Tape,Tape Dispenser,Codebook,Gravy Boat,Paper,Dogsledge,Key,Monocle,Headset,Antlers,Tape,Pitchfork,Codebook,Lobster,Paper,Zamboni,Key,Pogo Stick,Headset,Zither,Tape,Springform Pan,Codebook,Bread Maker,Paper,Megaphone,Key,Maracas,Headset,Pinecone,Tape,Gramophone,Codebook,Belt Sander,Paper,Beret,Key,Bagpipes,Headset,Hula Hoop,Tape,Sousaphone,Codebook,Umbrella Stand,Paper,Bongo Drum
Semaphore Signaling,Flags,Candy Floss,Arms,Wheel of Cheese,Signal Book,Nibbler,Tripod,Egg Separator,Binoculars,Sea Urchin,Flags,Submarine Periscope,Arms,Coat Rack,Signal Book,Rubber Duck,Tripod,Snow Globe,Binoculars,Anvil,Flags,Driftwood,Arms,Poncho,Signal Book,Pastry Brush,Tripod,Parallel Bar,Binoculars,Weather Vane,Flags,Heat Gun,Arms,Spats,Signal Book,Rubber Band Ball,Tripod,Dough Hook,Binoculars,Bucket,Flags,Puppet,Arms,Lobster,Signal Book,Paper Clip Chain,Tripod,Centrifuge,Binoculars,Decanter
Fire Starting,Flint,Balance Beam,Steel,Hang Glider,Tinder,Parka,Kindling,Rubber Band Ball,Blow Tube,Melon Baller,Flint,Hourglass,Steel,Whole Pineapple,Tinder,Candy Floss,Kindling,Scepter,Blow Tube,Pencil Sharpener,Flint,Gummy Worm,Steel,Lederhosen,Tinder,Pogo Stick,Kindling,Hazmat Suit,Blow Tube,Paperweight,Flint,Pince-Nez,Steel,Chalk Line,Tinder,Street Sweeper,Kindling,Harpsichord,Blow Tube,Lacrosse Stick,Flint,Pumice Stone,Steel,Sombrero,Tinder,Pinball Machine,Kindling,Segway,Blow Tube,Wheel of Cheese
Rope Making,Fiber,Cask,Clamp,Balance Beam,Spindle,Gavel,Scissors,Bunsen Burner,Ruler,Bellows,Fiber,Curling Stone,Clamp,Plumb Bob,Spindle,Pencil Sharpener,Scissors,Bobblehead,Ruler,Chamberpot,Fiber,Gargoyle,Clamp,Canoe,Spindle,Rubber Band Ball,Scissors,Rubber Duck,Ruler,Angle Grinder,Fiber,Beret,Clamp,Letter Opener,Spindle,Amphora,Scissors,Wasp Nest,Ruler,Torque Wrench,Fiber,Watermelon,Clamp,Accordion,Spindle,Jug,Scissors,Centrifuge,Ruler,Jawbreaker
Net Making,Twine,Jump Rope,Needle,Hole Punch,Gauge,Stethoscope,Scissors,Angle Grinder,Rope,Pommel Horse,Twine,Sundial,Needle,Candelabra,Gauge,Wasp Nest,Scissors,Ascot,Rope,Bobsled,Twine,Wind-Up Toy,Needle,Bird Nest,Gauge,Skip-It,Scissors,Gourd,Rope,Beret,Twine,Giant Gummy Bear,Needle,Corndog,Gauge,Totem Pole,Scissors,Periscope,Rope,Ukulele,Twine,Recorder,Needle,Frisbee,Gauge,Polo Mallet,Scissors,Pogo Stick,Rope,Boomerang
Basket Weaving,Reed,Geode,Water,Luge,Mold,Weather Vane,Scissors,Gondola,Awl,Scythe,Reed,Egg Separator,Water,Beehive,Mold,Gummy Worm,Scissors,Lathe,Awl,Pommel,Reed,Tambourine,Water,Harpsichord,Mold,Spats,Scissors,Pinecone,Awl,Decanter,Reed,Pitchfork,Water,Poncho,Mold,Stapler,Scissors,Bunch of Bananas,Awl,Pencil Sharpener,Reed,Antlers,Water,Monocle,Mold,Centrifuge,Scissors,Skeleton Sled,Awl,Goblet
Caning a Chair,Cane,Cake Dome,Chair,Canteen,Awl,Pastry Brush,Knife,Tape Dispenser,Bucket,Dried Corn Husk,Cane,Petri Dish,Chair,Sea Urchin,Awl,Poncho,Knife,Tambourine,Bucket,Bagpipes,Cane,Belt Sander,Chair,Stethoscope,Awl,Stapler,Knife,Bellows,Bucket,Sedan Chair,Cane,Jug,Chair,Springform Pan,Awl,Paperweight,Knife,Bongo Drum,Bucket,Chalice,Cane,Footstool,Chair,Cowl,Awl,Dough Hook,Knife,Bird Nest,Bucket,Accordion
Rush Seating,Rush,Marionette,Chair,Watermelon,Awl,Fire Poker,Knife,Gargoyle,Bucket,Candelabra,Rush,Butter Dish,Chair,Door Knocker,Awl,Chalice,Knife,Tape Dispenser,Bucket,Jigsaw,Rush,Stalagtite,Chair,Hula Hoop,Awl,Egg Separator,Knife,Fossil,Bucket,Bird Nest,Rush,Kite,Chair,Discus,Awl,Drumstick (chicken),Knife,Harpsichord,Bucket,Tambourine,Rush,Compass,Chair,Gramophone,Awl,Lathe,Knife,Bone Saw,Bucket,Wasp Nest
Upholstering,Fabric,Hurdle,Foam,Xylophone,Staple Gun,Snorkel Mask,Scissors,Wind-Up Toy,Webbing,Scepter,Fabric,Sextant,Foam,Pommel Horse,Staple Gun,Rickshaw,Scissors,Bone Saw,Webbing,Bunsen Burner,Fabric,Totem Pole,Foam,Belt Sander,Staple Gun,Gavel,Scissors,Stethoscope,Webbing,Sundial,Fabric,Pretzel,Foam,Geode,Staple Gun,Candy Cane,Scissors,Anvil,Webbing,Skip-It,Fabric,Zamboni,Foam,Butter Dish,Staple Gun,Corndog,Scissors,Door Knocker,Webbing,Pinwheel
Caning a Basket,Cane,Megaphone,Basket,Tricycle,Awl,Lollipop,Knife,Bobsled,Bucket,Hole Punch,Cane,Gramophone,Basket,Javelin,Awl,Shuttlecock,Knife,Wasp Nest,Bucket,Slinky,Cane,Cask,Basket,Watermelon,Awl,Stapler,Knife,Springform Pan,Bucket,Ruler,Cane,Submarine Periscope,Basket,Cloak,Awl,Binder Clip,Knife,Tambourine,Bucket,Cowl,Cane,Hang Glider,Basket,Lacrosse Stick,Awl,Paperweight,Knife,Balance Beam,Bucket,Hula Hoop
Thatching,Straw,Correction Tape,Needle,Bunsen Burner,Twine,Oscillating Tool,Ladder,Vuvuzela,Knife,Pencil Sharpener,Straw,Pie Bird,Needle,Submarine Periscope,Twine,Ruler,Ladder,Jawbreaker,Knife,Melon Baller,Straw,Urn,Needle,Blimp,Twine,Bullhorn,Ladder,Petri Dish,Knife,Bagpipes,Straw,Tuba,Needle,Sea Urchin,Twine,Whole Pineapple,Ladder,Bird Nest,Knife,Fossil,Straw,Cowl,Needle,Polo Mallet,Twine,Bunch of Bananas,Ladder,Candy Floss,Knife,Spats
Dry Stone Walling,Stone,Specimen Jar,Hammer,Rivet Gun,Level,Monocle,Chisel,Compass,Gloves,Xylophone,Stone,Retractor,Hammer,Binder Clip,Level,Clam Shell,Chisel,Zither,Gloves,Floor Lamp,Stone,Yo-Yo,Hammer,Hula Hoop,Level,Pipe Wrench,Chisel,Keg,Gloves,Blimp,Stone,Pumice Stone,Hammer,Oscillating Tool,Level,Coat Rack,Chisel,Pretzel,Gloves,Tumbleweed,Stone,Gourd,Hammer,Cake Dome,Level,Drumstick (chicken),Chisel,Door Knocker,Gloves,Desk Calendar
Pointing Brickwork,Mortar,Segway,Trowel,Tambourine,Brush,Gummy Worm,Bucket,Bongo Drum,Gloves,Banjo,Mortar,Clam Shell,Trowel,Whole Pineapple,Brush,Gondola,Bucket,Kazoo,Gloves,Churro,Mortar,Bocce Ball,Trowel,Rubber Duck,Brush,Floor Lamp,Bucket,Umbrella Stand,Gloves,Marbles,Mortar,Shot Put,Trowel,Ear Trumpet,Brush,Didgeridoo,Bucket,Plumb Bob,Gloves,Candy Floss,Mortar,Pencil Sharpener,Trowel,Fossil,Brush,Forceps,Bucket,Stalagtite,Gloves,Keg
Rendering a Wall,Render,Rickshaw,Trowel,Lump of Coal,Float,Fire Poker,Bucket,Polo Mallet,Sponge,Wasp Nest,Render,Ruler,Trowel,Angle Grinder,Float,Ramekin,Bucket,Correction Tape,Sponge,Blimp,Render,Hang Glider,Trowel,Ventriloquist Dummy,Float,Candy Floss,Bucket,Snorkel Mask,Sponge,Poncho,Render,Discus,Trowel,Bullhorn,Float,Corndog,Bucket,Didgeridoo,Sponge,Chalk Line,Render,Stethoscope,Trowel,Street Sweeper,Float,Weather Vane,Bucket,Belt Sander,Sponge,Cowbell
Tuck Pointing,Mortar,Ventriloquist Dummy,Trowel,Nibbler,Brush,Dried Corn Husk,Bucket,Petri Dish,Gloves,Pogo Stick,Mortar,Catamaran,Trowel,Shuttlecock,Brush,Door Stopper,Bucket,Retractor,Gloves,Mannequin,Mortar,Spinning Top,Trowel,Cowbell,Brush,Wire Stripper,Bucket,Mandolin,Gloves,Cowl,Mortar,Gravy Boat,Trowel,Candy Apple,Brush,Gourd,Bucket,Blimp,Gloves,Flask,Mortar,Lacrosse Stick,Trowel,Slinky,Brush,Maracas,Bucket,Cloak,Gloves,Luge
Glazing a Window,Glass,Bellhop Cart,Putty,Kayak,Knife,Banjo,Brush,Whole Salmon,Gloves,Geode,Glass,Antlers,Putty,Cask,Knife,Scythe,Brush,Theremin,Gloves,Lacrosse Stick,Glass,Marionette,Putty,Plumb Bob,Knife,Dried Corn Husk,Brush,Hole Punch,Gloves,Slot Machine,Glass,Ventriloquist Dummy,Putty,Trophy,Knife,Garlic Press,Brush,Pumice Stone,Gloves,Candy Cane,Glass,Hula Hoop,Putty,Salad Spinner,Knife,Rowing Shell,Brush,Test Tube,Gloves,Bongo Drum
Fitting a Lock,Lock,Pince-Nez,Chisel,Scepter,Screwdriver,Kilt,Square,Driftwood,Pencil,Stepladder,Lock,Salad Spinner,Chisel,Ukulele,Screwdriver,Clam Shell,Square,Melon Baller,Pencil,Ear Trumpet,Lock,Segway,Chisel,Throw Pillow,Screwdriver,Barrel,Square,Heat Gun,Pencil,Megaphone,Lock,Pommel,Chisel,Whole Pineapple,Screwdriver,Abacus,Square,Pie Bird,Pencil,Curling Stone,Lock,Fondue Pot,Chisel,Beret,Screwdriver,Sundial,Square,Chamberpot,Pencil,Ventriloquist Dummy
Hanging a Door,Door,Fondue Pot,Hinge,Amphora,Chisel,Recorder,Screw,Bongo Drum,Level,Parallel Bar,Door,Sextant,Hinge,Wheel of Cheese,Chisel,Jump Rope,Screw,Pommel,Level,Corndog,Door,Specimen Jar,Hinge,Dough Hook,Chisel,Bucket,Screw,Churro,Level,Jug,Door,Pie Bird,Hinge,Bunch of Bananas,Chisel,Reflex Hammer,Screw,Tape Dispenser,Level,Snorkel Mask,Door,Accordion,Hinge,Lathe,Chisel,Bird Nest,Screw,Door Knocker,Level,Yo-Yo
Fitting Skirting Board,Board,Antlers,Saw,Rivet Gun,Nail,Boomerang,Hammer,Gargoyle,Level,Pogo Stick,Board,Mannequin,Saw,Bone Saw,Nail,Slot Machine,Hammer,Curling Stone,Level,Pinwheel,Board,Churro,Saw,Torque Wrench,Nail,Baguette,Hammer,Zither,Level,Submarine Periscope,Board,Sand Dollar,Saw,Chalk Line,Nail,Bocce Ball,Hammer,Puppet,Level,Wire Stripper,Board,Pipe Wrench,Saw,Bird Nest,Nail,Microscope Slide,Hammer,Marbles,Level,Rubber Band Ball
Laying Carpet,Carpet,Parallel Bar,Knee Kicker,Pith Helmet,Tucker,Driftwood,Knife,Lump of Coal,Tape,Zither,Carpet,Beehive,Knee Kicker,Coat Rack,Tucker,Pretzel,Knife,Egg Separator,Tape,Bocce Ball,Carpet,Jug,Knee Kicker,Salad Spinner,Tucker,Monocle,Knife,Stethoscope,Tape,Spats,Carpet,Thermos,Knee Kicker,Ukulele,Tucker,Forklift,Knife,Ironing Board,Tape,Pommel Horse,Carpet,Door Knocker,Knee Kicker,Gondola,Tucker,Parka,Knife,Bobsled,Tape,Toilet Plunger
Laying Vinyl,Vinyl,Skip-It,Knife,Bird Nest,Roller,Inbox Tray,Adhesive,Zither,Seam Roller,Geode,Vinyl,Lederhosen,Knife,Oscillating Tool,Roller,Antlers,Adhesive,Pith Helmet,Seam Roller,Didgeridoo,Vinyl,Rowing Shell,Knife,Gramophone,Roller,Paper Clip Chain,Adhesive,Balance Beam,Seam Roller,Unicycle,Vinyl,Monocle,Knife,Hurdle,Roller,Door Knocker,Adhesive,Tricycle,Seam Roller,Churro,Vinyl,Watermelon,Knife,Tuxedo Jacket,Roller,Sumo Belt,Adhesive,Ruler,Seam Roller,Gummy Worm
Tiling a Wall,Tile,Oscillating Tool,Trowel,Skeleton Sled,Spacers,Clam Shell,Grout,Hourglass,Sponge,Ascot,Tile,Poncho,Trowel,Blimp,Spacers,Hula Hoop,Grout,Parallel Bar,Sponge,Retractor,Tile,Forceps,Trowel,Angle Grinder,Spacers,Tape Dispenser,Grout,Candy Floss,Sponge,Rivet Gun,Tile,Candy Cane,Trowel,Bucket,Spacers,Curling Stone,Grout,Egg Separator,Sponge,Throw Pillow,Tile,Bone Saw,Trowel,Kite,Spacers,Periscope,Grout,Springform Pan,Sponge,Chamberpot
Grouting Tiles,Grout,Tumbleweed,Trowel,Tape Dispenser,Sponge,Paper Clip Chain,Bucket,Shuttlecock,Float,Footstool,Grout,Discus,Trowel,Bellhop Cart,Sponge,Tutu,Bucket,Garlic Press,Float,Sundial,Grout,Torque Wrench,Trowel,Decanter,Sponge,Stepladder,Bucket,Hang Glider,Float,Specimen Jar,Grout,Letter Opener,Trowel,Bread Maker,Sponge,Cowbell,Bucket,Whole Salmon,Float,Scepter,Grout,Muumuu,Trowel,Frisbee,Sponge,Candy Floss,Bucket,Chalk Line,Float,Pumice Stone
Sealing Grout,Sealer,Xylophone,Brush,Fondue Pot,Tape,Stepladder,Gloves,Bone Saw,Cloth,Forceps,Sealer,Chalice,Brush,Chalk Line,Tape,Lobster,Gloves,Poncho,Cloth,Sombrero,Sealer,Marbles,Brush,Weather Vane,Tape,Baguette,Gloves,Tape Dispenser,Cloth,Geode,Sealer,Bobsled,Brush,Melon Baller,Tape,Inbox Tray,Gloves,Rickshaw,Cloth,Pie Bird,Sealer,Canoe,Brush,Muumuu,Tape,Scythe,Gloves,Flask,Cloth,Cloak
Caulking a Bath,Caulk,Mannequin,Gun,Lute,Tape,Thermos,Knife,Canoe,Sponge,Compass,Caulk,Slot Machine,Gun,Reflex Hammer,Tape,Ventriloquist Dummy,Knife,Gravy Boat,Sponge,Bread Maker,Caulk,Pith Helmet,Gun,Test Tube,Tape,Whole Pineapple,Knife,Chaise Longue,Sponge,Cherry Pitter,Caulk,Baguette,Gun,Beret,Tape,Fondue Pot,Knife,Corndog,Sponge,Correction Tape,Caulk,Petri Dish,Gun,Segway,Tape,Corn on the Cob,Knife,Bellhop Cart,Sponge,Bucket
Insulating a Pipe,Lagging,Recorder,Knife,Lacrosse Stick,Tape,Pommel,Gloves,Lute,Clips,Throw Pillow,Lagging,Boomerang,Knife,Flask,Tape,Desk Calendar,Gloves,Clam Shell,Clips,Gondola,Lagging,Forklift,Knife,Tuba,Tape,Fire Poker,Gloves,Urn,Clips,Balance Beam,Lagging,Shuttlecock,Knife,Pogo Stick,Tape,Polo Mallet,Gloves,Street Sweeper,Clips,Bellows,Lagging,Compass,Knife,Watermelon,Tape,Paperweight,Gloves,Sedan Chair,Clips,Chalk Line
Bleeding a Radiator,Radiator Key,Butter Dish,Cloth,Hang Glider,Bucket,Frisbee,Gloves,Scythe,Pliers,Test Tube,Radiator Key,Monocle,Cloth,Tumbleweed,Bucket,Whole Pineapple,Gloves,Oscillating Tool,Pliers,Springform Pan,Radiator Key,Polo Mallet,Cloth,Sundial,Bucket,Throw Pillow,Gloves,Hourglass,Pliers,Bocce Ball,Radiator Key,Sumo Belt,Cloth,Segway,Bucket,Pie Bird,Gloves,Megaphone,Pliers,Ironing Board,Radiator Key,Gramophone,Cloth,Letter Opener,Bucket,Zither,Gloves,Curling Stone,Pliers,Theremin
Descaling a Kettle,Kettle,Ascot,Descaler,TV Remote,Water,Luge,Cloth,Monocle,Gloves,Sombrero,Kettle,Angle Grinder,Descaler,Skeleton Sled,Water,Puppet,Cloth,Hole Punch,Gloves,Letter Opener,Kettle,Salad Spinner,Descaler,Pinball Machine,Water,Goblet,Cloth,Floor Lamp,Gloves,Wind-Up Toy,Kettle,Fondue Pot,Descaler,Tuxedo Jacket,Water,Megaphone,Cloth,Pince-Nez,Gloves,Dough Hook,Kettle,Rubber Band Ball,Descaler,Keg,Water,Bunch of Bananas,Cloth,Correction Tape,Gloves,Pommel
Cleaning an Oven,Oven Cleaner,Skeleton Sled,Brush,Polo Mallet,Gloves,Kazoo,Cloth,Fire Poker,Tray,Pumice Stone,Oven Cleaner,Corn on the Cob,Brush,Sumo Belt,Gloves,Scythe,Cloth,Discus,Tray,Harpsichord,Oven Cleaner,Spinning Top,Brush,Gummy Worm,Gloves,Bunch of Bananas,Cloth,Pretzel,Tray,Ascot,Oven Cleaner,Totem Pole,Brush,Bobblehead,Gloves,Dogsledge,Cloth,Jigsaw,Tray,Sombrero,Oven Cleaner,Sousaphone,Brush,Zither,Gloves,Stethoscope,Cloth,Trophy,Tray,Cask
Defrosting a Fridge,Hair Dryer,Giant Gummy Bear,Cloth,Kayak,Bucket,Jug,Spatula,Throw Pillow,Gloves,Nibbler,Hair Dryer,Retractor,Cloth,Caulk Gun,Bucket,Candy Floss,Spatula,Whole Salmon,Gloves,Pith Helmet,Hair Dryer,Springform Pan,Cloth,Candy Cane,Bucket,Bullhorn,Spatula,Snorkel Mask,Gloves,Cherry Pitter,Hair Dryer,Tambourine,Cloth,Slot Machine,Bucket,Boomerang,Spatula,Gramophone,Gloves,Lollipop,Hair Dryer,Cowbell,Cloth,Megaphone,Bucket,Sumo Belt,Spatula,Goblet,Gloves,Parka
Servicing a Bike,Spanner,Sextant,Oiler,Sousaphone,Cloth,Gourd,Stand,Footstool,Chain,Oscillating Tool,Spanner,Frisbee,Oiler,Compass,Cloth,Forceps,Stand,Plumb Bob,Chain,Kilt,Spanner,Pastry Brush,Oiler,Abacus,Cloth,Driftwood,Stand,Rowing Shell,Chain,Hole Punch,Spanner,Hazmat Suit,Oiler,Zamboni,Cloth,Pinball Machine,Stand,Maracas,Chain,Thermos,Spanner,Paperweight,Oiler,Pith Helmet,Cloth,Skip-It,Stand,Bucket,Chain,Puppet
Truing a Wheel,Truing Stand,Didgeridoo,Spoke Wrench,Bird Nest,Pliers,Ironing Board,Cloth,Stethoscope,Gauge,Door Knocker,Truing Stand,Slot Machine,Spoke Wrench,Muumuu,Pliers,Clam Shell,Cloth,Pitchfork,Gauge,Dogsledge,Truing Stand,Forklift,Spoke Wrench,Gravy Boat,Pliers,Pith Helmet,Cloth,Jawbreaker,Gauge,Bread Maker,Truing Stand,Angle Grinder,Spoke Wrench,Anvil,Pliers,Discus,Cloth,Weather Vane,Gauge,Ventriloquist Dummy,Truing Stand,Drumstick (chicken),Spoke Wrench,Sextant,Pliers,Tambourine,Cloth,Tuba,Gauge,Fondue Pot
Changing a Brake Cable,Cable,Jump Rope,Pliers,Wire Stripper,Allen Key,Wheel of Cheese,Cloth,Corn on the Cob,Cutters,Snow Globe,Cable,Tape Dispenser,Pliers,Binder Clip,Allen Key,Bongo Drum,Cloth,Compass,Cutters,Harpsichord,Cable,Antlers,Pliers,Cotton Candy,Allen Key,Catamaran,Cloth,Cowbell,Cutters,Nibbler,Cable,Ventriloquist Dummy,Pliers,Bocce Ball,Allen Key,Pommel,Cloth,Specimen Jar,Cutters,Monocle,Cable,Pie Bird,Pliers,Rickshaw,Allen Key,Yo-Yo,Cloth,Kazoo,Cutters,Canoe
Patching an Inner Tube,Patch Kit,Skip-It,Tyre Lever,Hang Glider,Pump,Ear Trumpet,Sand Paper,Street Sweeper,Glue,Gravy Boat,Patch Kit,Gondola,Tyre Lever,Tin Snips,Pump,Blimp,Sand Paper,Bullhorn,Glue,Abacus,Patch Kit,Gargoyle,Tyre Lever,Kayak,Pump,Segway,Sand Paper,Compass,Glue,Zither,Patch Kit,Goblet,Tyre Lever,Jump Rope,Pump,Rivet Gun,Sand Paper,Binder Clip,Glue,Rowing Shell,Patch Kit,Pumice Stone,Tyre Lever,Lute,Pump,Retractor,Sand Paper,Inbox Tray,Glue,Wire Stripper
Adjusting a Derailleur,Allen Key,Lacrosse Stick,Screwdriver,Antlers,Chain Lube,Pogo Stick,Cloth,Marionette,Stand,Forceps,Allen Key,Lump of Coal,Screwdriver,Scythe,Chain Lube,Pipe Wrench,Cloth,Ascot,Stand,Rubber Duck,Allen Key,Pie Bird,Screwdriver,Cowbell,Chain Lube,Canteen,Cloth,Bellows,Stand,Wind-Up Toy,Allen Key,Lollipop,Screwdriver,Caulk Gun,Chain Lube,Megaphone,Cloth,Jack-in-the-Box,Stand,Egg Separator,Allen Key,Balance Beam,Screwdriver,Trophy,Chain Lube,Gondola,Cloth,Churro,Stand,Ukulele
Fitting a Saddle,Saddle,Skip-It,Allen Key,Hazmat Suit,Torque Wrench,Candelabra,Cloth,Pastry Brush,Stand,Hula Hoop,Saddle,Mandolin,Allen Key,Rowing Shell,Torque Wrench,Toilet Plunger,Cloth,Scepter,Stand,Submarine Periscope,Saddle,Anvil,Allen Key,Tape Dispenser,Torque Wrench,Pinball Machine,Cloth,Bone Saw,Stand,Heat Gun,Saddle,Cloak,Allen Key,Antlers,Torque Wrench,Lobster,Cloth,Bunsen Burner,Stand,Rivet Gun,Saddle,Kazoo,Allen Key,Gummy Worm,Torque Wrench,Shuttlecock,Cloth,Monocle,Stand,Gourd
Bar Taping,Bar Tape,Hang Glider,Scissors,Rickshaw,Finishing Tape,Chamberpot,Allen Key,Nibbler,Stand,Wind-Up Toy,Bar Tape,Fez,Scissors,Anvil,Finishing Tape,Gourd,Allen Key,Chalk Line,Stand,Cask,Bar Tape,Reflex Hammer,Scissors,Inbox Tray,Finishing Tape,Hourglass,Allen Key,Jump Rope,Stand,Bongo Drum,Bar Tape,Ramekin,Scissors,Maracas,Finishing Tape,Parka,Allen Key,Rowing Shell,Stand,Keg,Bar Tape,Ear Trumpet,Scissors,Pie Bird,Finishing Tape,Dogsledge,Allen Key,Door Stopper,Stand,Curling Stone
Building a Fire,Wood,Gavel,Kindling,Sea Urchin,Matches,Corn on the Cob,Tongs,Bobblehead,Gloves,Pith Helmet,Wood,Floor Lamp,Kindling,Dried Corn Husk,Matches,TV Remote,Tongs,Ironing Board,Gloves,Vuvuzela,Wood,Stethoscope,Kindling,Driftwood,Matches,Tutu,Tongs,Zamboni,Gloves,Pommel,Wood,Umbrella Stand,Kindling,Tricycle,Matches,Bagpipes,Tongs,Petri Dish,Gloves,Cauldron,Wood,Baguette,Kindling,Keg,Matches,Stepladder,Tongs,Jack-in-the-Box,Gloves,Ramekin
Roasting Marshmallows,Marshmallow,Stapler,Stick,Kite,Fire,Cake Dome,Chocolate,Lacrosse Stick,Graham Cracker,Rubber Band Ball,Marshmallow,Yo-Yo,Stick,Centrifuge,Fire,Harpsichord,Chocolate,Megaphone,Graham Cracker,Frisbee,Marshmallow,Footstool,Stick,Churro,Fire,Shuttlecock,Chocolate,Wasp Nest,Graham Cracker,Amphora,Marshmallow,Cloak,Stick,Snow Globe,Fire,Sticky Notes Pad,Chocolate,Retractor,Graham Cracker,Rickshaw,Marshmallow,Marbles,Stick,Ascot,Fire,Door Knocker,Chocolate,Pretzel,Graham Cracker,Luge
Toasting Bread on Fire,Bread,Pogo Stick,Fork,Pommel,Fire,TV Remote,Plate,Angle Grinder,Knife,Paper Clip Chain,Bread,Lacrosse Stick,Fork,Cherry Pitter,Fire,Pith Helmet,Plate,Bobblehead,Knife,Boomerang,Bread,Candelabra,Fork,Sea Urchin,Fire,Gourd,Plate,Kayak,Knife,Gavel,Bread,Drumstick (chicken),Fork,Specimen Jar,Fire,Whole Pineapple,Plate,Bongo Drum,Knife,Parallel Bar,Bread,Hula Hoop,Fork,Barrel,Fire,Forklift,Plate,Pipe Wrench,Knife,Rowing Shell
Barbecuing,Grill,Kazoo,Tongs,Harpsichord,Brush,Corn on the Cob,Apron,Gummy Worm,Thermometer,Ventriloquist Dummy,Grill,Pith Helmet,Tongs,Yo-Yo,Brush,Baguette,Apron,Kaleidoscope,Thermometer,Polo Mallet,Grill,Shot Put,Tongs,Trophy,Brush,Shuttlecock,Apron,Cloak,Thermometer,Balance Beam,Grill,Reflex Hammer,Tongs,Wind-Up Toy,Brush,Blimp,Apron,Forklift,Thermometer,Pinecone,Grill,Street Sweeper,Tongs,Javelin,Brush,Decanter,Apron,Bunsen Burner,Thermometer,Sousaphone
Smoking Meat,Smoker,Mannequin,Wood Chips,Barrel,Meat,Tambourine,Thermometer,Zamboni,Tongs,Sousaphone,Smoker,Abacus,Wood Chips,Pencil Sharpener,Meat,Gavel,Thermometer,Cherry Pitter,Tongs,Fondue Pot,Smoker,Chamberpot,Wood Chips,Scythe,Meat,Sand Dollar,Thermometer,Skeleton Sled,Tongs,Hula Hoop,Smoker,Geode,Wood Chips,Heat Gun,Meat,Pith Helmet,Thermometer,Gummy Worm,Tongs,Scepter,Smoker,Sticky Notes Pad,Wood Chips,Paperweight,Meat,Footstool,Thermometer,Stepladder,Tongs,Harpsichord
Canning Vegetables,Jar,Pretzel,Lid,Wheel of Cheese,Tongs,Gummy Worm,Pot,Stethoscope,Ladle,Stalagtite,Jar,Muumuu,Lid,Bellhop Cart,Tongs,Keg,Pot,Nibbler,Ladle,Driftwood,Jar,Zamboni,Lid,Ramekin,Tongs,Watermelon,Pot,Luge,Ladle,Cake Dome,Jar,Door Knocker,Lid,Sombrero,Tongs,Boomerang,Pot,Skeleton Sled,Ladle,Lacrosse Stick,Jar,Maracas,Lid,Correction Tape,Tongs,Tuxedo Jacket,Pot,Decanter,Ladle,Ruler
Pickling,Jar,Stethoscope,Lid,Slinky,Brine,Jump Rope,Tongs,Bunsen Burner,Ladle,Tape Dispenser,Jar,Discus,Lid,Snow Globe,Brine,TV Remote,Tongs,Submarine Periscope,Ladle,Bunch of Bananas,Jar,Lacrosse Stick,Lid,Pommel,Brine,Sedan Chair,Tongs,Rubber Band Ball,Ladle,Ironing Board,Jar,Lathe,Lid,Forklift,Brine,Shuttlecock,Tongs,Salad Spinner,Ladle,Bucket,Jar,Puppet,Lid,Rickshaw,Brine,Segway,Tongs,Typewriter,Ladle,Skip-It
Fermenting,Jar,Ramekin,Lid,Ear Trumpet,Airlock,Yo-Yo,Weights,Tambourine,Cloth,Butter Dish,Jar,Wire Stripper,Lid,Zamboni,Airlock,Mannequin,Weights,Centrifuge,Cloth,Pretzel,Jar,Maracas,Lid,Thermos,Airlock,Corn on the Cob,Weights,Oscillating Tool,Cloth,Tin Snips,Jar,Street Sweeper,Lid,Typewriter,Airlock,Melon Baller,Weights,Kilt,Cloth,Reflex Hammer,Jar,Harpsichord,Lid,Sea Urchin,Airlock,Beehive,Weights,Giant Gummy Bear,Cloth,Beret
Brewing Beer,Fermenter,Angle Grinder,Airlock,Bullhorn,Siphon,Beehive,Hydrometer,Pitchfork,Bottle,Whole Salmon,Fermenter,Churro,Airlock,Torque Wrench,Siphon,Ascot,Hydrometer,Reflex Hammer,Bottle,Lobster,Fermenter,Clam Shell,Airlock,Bocce Ball,Siphon,Shot Put,Hydrometer,Melon Baller,Bottle,Gargoyle,Fermenter,Ruler,Airlock,Abacus,Siphon,Zither,Hydrometer,Pencil Sharpener,Bottle,Stethoscope,Fermenter,Plumb Bob,Airlock,Segway,Siphon,Bobsled,Hydrometer,Sousaphone,Bottle,Nibbler
Distilling,Still,Cauldron,Heat Source,Gondola,Condenser,Kaleidoscope,Jar,Cloak,Hydrometer,Hang Glider,Still,Skeleton Sled,Heat Source,Nibbler,Condenser,Dough Hook,Jar,Clam Shell,Hydrometer,Keg,Still,Chalice,Heat Source,Pinball Machine,Condenser,Umbrella Stand,Jar,Reflex Hammer,Hydrometer,Tricycle,Still,Caulk Gun,Heat Source,Segway,Condenser,Tin Snips,Jar,Tutu,Hydrometer,Specimen Jar,Still,Pretzel,Heat Source,Puppet,Condenser,Pipe Wrench,Jar,Lollipop,Hydrometer,Snorkel Mask
Wine Making,Grapes,Kazoo,Fermenter,Pince-Nez,Airlock,Curling Stone,Siphon,Polo Mallet,Bottle,Slot Machine,Grapes,Hula Hoop,Fermenter,Cowbell,Airlock,Tin Snips,Siphon,Luge,Bottle,Chalk Line,Grapes,Tumbleweed,Fermenter,Kayak,Airlock,Didgeridoo,Siphon,TV Remote,Bottle,Wire Stripper,Grapes,Pogo Stick,Fermenter,Fire Poker,Airlock,Bullhorn,Siphon,Reflex Hammer,Bottle,Wasp Nest,Grapes,Bunsen Burner,Fermenter,Shuttlecock,Airlock,Bone Saw,Siphon,Lobster,Bottle,Jawbreaker
Cheese Making,Milk,Muumuu,Rennet,Rubber Band Ball,Mold,Rowing Shell,Press,Pinecone,Cloth,Lathe,Milk,Bobblehead,Rennet,Megaphone,Mold,Boomerang,Press,Pinwheel,Cloth,Snorkel Mask,Milk,Slinky,Rennet,Jug,Mold,Pretzel,Press,Pie Bird,Cloth,Thermos,Milk,Fire Poker,Rennet,Spinning Top,Mold,Keg,Press,Wheel of Cheese,Cloth,Whole Pineapple,Milk,Cherry Pitter,Rennet,Bobsled,Mold,Rubber Duck,Press,Beehive,Cloth,Desk Calendar
Butter Making,Cream,Tape Dispenser,Churn,Umbrella Stand,Mold,Banjo,Cloth,Candelabra,Salt,Torque Wrench,Cream,Letter Opener,Churn,Hourglass,Mold,Abacus,Cloth,Bellhop Cart,Salt,Shot Put,Cream,Parka,Churn,Beehive,Mold,Polo Mallet,Cloth,Garlic Press,Salt,Periscope,Cream,Lump of Coal,Churn,Inbox Tray,Mold,Pretzel,Cloth,Bone Saw,Salt,Skip-It,Cream,Ironing Board,Churn,Clam Shell,Mold,Lederhosen,Cloth,Baguette,Salt,Reflex Hammer
Churning Ice Cream,Cream,Oscillating Tool,Churn,Zamboni,Salt,Monocle,Ice,Bongo Drum,Dasher,Ear Trumpet,Cream,Bullhorn,Churn,Test Tube,Salt,Sedan Chair,Ice,Rubber Duck,Dasher,Paper Clip Chain,Cream,Candy Apple,Churn,Hourglass,Salt,Unicycle,Ice,Inbox Tray,Dasher,Microscope Slide,Cream,Frisbee,Churn,Puppet,Salt,Salad Spinner,Ice,Tumbleweed,Dasher,Clam Shell,Cream,Recorder,Churn,Snorkel Mask,Salt,Ascot,Ice,Stethoscope,Dasher,Marbles
Spinning Candy Floss,Sugar,Hole Punch,Spinner,Bread Maker,Stick,Luge,Bowl,Kaleidoscope,Tongs,Sombrero,Sugar,Corn on the Cob,Spinner,Sea Urchin,Stick,Heat Gun,Bowl,Ironing Board,Tongs,Sundial,Sugar,Spats,Spinner,Street Sweeper,Stick,Chalice,Bowl,Door Knocker,Tongs,Monocle,Sugar,Sedan Chair,Spinner,Hourglass,Stick,Jigsaw,Bowl,Rubber Band Ball,Tongs,Curling Stone,Sugar,Bagpipes,Spinner,Cauldron,Stick,TV Remote,Bowl,Antlers,Tongs,Chaise Longue
Pulling Taffy,Taffy,Fire Poker,Hooks,Submarine Periscope,Butter,Beret,Gloves,Letter Opener,Marble Slab,Retractor,Taffy,Rivet Gun,Hooks,Catamaran,Butter,Lollipop,Gloves,Recorder,Marble Slab,Ruler,Taffy,Pinwheel,Hooks,Trophy,Butter,Dried Corn Husk,Gloves,Lathe,Marble Slab,Skeleton Sled,Taffy,Door Stopper,Hooks,Zither,Butter,Luge,Gloves,Blimp,Marble Slab,Theremin,Taffy,Tape Dispenser,Hooks,Forklift,Butter,Fossil,Gloves,Ramekin,Marble Slab,Throw Pillow
Tempering Chocolate,Chocolate,Plumb Bob,Thermometer,Canteen,Spatula,Spinning Top,Marble Slab,Flask,Cloth,Lollipop,Chocolate,Microscope Slide,Thermometer,Dried Corn Husk,Spatula,Totem Pole,Marble Slab,Centrifuge,Cloth,Letter Opener,Chocolate,Snorkel Mask,Thermometer,Weather Vane,Spatula,Balance Beam,Marble Slab,Hourglass,Cloth,Gravy Boat,Chocolate,Chaise Longue,Thermometer,Ear Trumpet,Spatula,Melon Baller,Marble Slab,Pommel,Cloth,Pince-Nez,Chocolate,Pencil Sharpener,Thermometer,Zither,Spatula,Gargoyle,Marble Slab,Stepladder,Cloth,Discus
Piping Icing,Piping Bag,Kilt,Icing,Door Stopper,Tip,Wheel of Cheese,Turntable,Submarine Periscope,Scraper,Candy Floss,Piping Bag,Kaleidoscope,Icing,Accordion,Tip,Gourd,Turntable,Cowbell,Scraper,Tambourine,Piping Bag,TV Remote,Icing,Totem Pole,Tip,Cask,Turntable,Pumice Stone,Scraper,Ventriloquist Dummy,Piping Bag,Compass,Icing,Pith Helmet,Tip,Ironing Board,Turntable,Boomerang,Scraper,Paper Clip Chain,Piping Bag,Belt Sander,Icing,Fez,Tip,Cake Dome,Turntable,Kazoo,Scraper,Monocle
Making Marzipan,Almond Meal,Sombrero,Sugar,Jump Rope,Glucose,Heat Gun,Molds,Bocce Ball,Brush,Stepladder,Almond Meal,Dough Hook,Sugar,Stalagtite,Glucose,Recorder,Molds,Rubber Duck,Brush,Balance Beam,Almond Meal,Whole Salmon,Sugar,Parka,Glucose,Paperweight,Molds,Bobsled,Brush,Cloak,Almond Meal,Xylophone,Sugar,Wasp Nest,Glucose,Jack-in-the-Box,Molds,Gavel,Brush,Urn,Almond Meal,Ramekin,Sugar,Door Stopper,Glucose,Tumbleweed,Molds,Jug,Brush,Lollipop
Making Fondant,Sugar,Flask,Glucose,Dried Corn Husk,Gelatin,Torque Wrench,Mat,Fossil,Roller,Footstool,Sugar,Marbles,Glucose,Candelabra,Gelatin,Sticky Notes Pad,Mat,Theremin,Roller,Toilet Plunger,Sugar,Sea Urchin,Glucose,Bullhorn,Gelatin,Ascot,Mat,Microscope Slide,Roller,Jug,Sugar,Tuxedo Jacket,Glucose,Oscillating Tool,Gelatin,Wind-Up Toy,Mat,Stethoscope,Roller,Door Stopper,Sugar,Recorder,Glucose,Mannequin,Gelatin,Gavel,Mat,Gummy Worm,Roller,Discus
Sugar Pulling,Sugar,Rowing Shell,Gloves,Bird Nest,Lamp,Pencil Sharpener,Scissors,Keg,Palette,Retractor,Sugar,Throw Pillow,Gloves,Kazoo,Lamp,Paper Clip Chain,Scissors,Forceps,Palette,Nibbler,Sugar,Cask,Gloves,Pogo Stick,Lamp,Bobsled,Scissors,Cherry Pitter,Palette,Spinning Top,Sugar,Tape Dispenser,Gloves,Beret,Lamp,Zither,Scissors,Beehive,Palette,Caulk Gun,Sugar,Tricycle,Gloves,Hang Glider,Lamp,Gondola,Scissors,Cloak,Palette,Discus
Decorating Cupcakes,Cupcake,Scepter,Piping Bag,Test Tube,Icing,Unicycle,Sprinkles,Weather Vane,Spatula,Umbrella Stand,Cupcake,Gourd,Piping Bag,Balance Beam,Icing,Curling Stone,Sprinkles,Rubber Duck,Spatula,Hourglass,Cupcake,Kazoo,Piping Bag,Boomerang,Icing,Inbox Tray,Sprinkles,Sand Dollar,Spatula,Abacus,Cupcake,Fondue Pot,Piping Bag,Hula Hoop,Icing,Cloak,Sprinkles,Ear Trumpet,Spatula,Maracas,Cupcake,Footstool,Piping Bag,Cowl,Icing,Megaphone,Sprinkles,Pinball Machine,Spatula,Parallel Bar
Icing a Cake,Cake,Paperweight,Spatula,Dogsledge,Icing,Tricycle,Turntable,Gramophone,Smoother,Dried Corn Husk,Cake,Compass,Spatula,Beret,Icing,Lollipop,Turntable,Melon Baller,Smoother,Shot Put,Cake,Tongue Depressor,Spatula,Pinwheel,Icing,Hole Punch,Turntable,Wind-Up Toy,Smoother,Torque Wrench,Cake,Sumo Belt,Spatula,Cask,Icing,Luge,Turntable,Theremin,Smoother,Spats,Cake,Corn on the Cob,Spatula,Lump of Coal,Icing,Skeleton Sled,Turntable,Sea Urchin,Smoother,Boomerang
Making Croissants,Dough,Pommel,Butter,Tin Snips,Rolling Pin,Giant Gummy Bear,Knife,Watermelon,Baking Sheet,Bunsen Burner,Dough,Lute,Butter,Heat Gun,Rolling Pin,Fez,Knife,Ascot,Baking Sheet,Pith Helmet,Dough,Kaleidoscope,Butter,Pie Bird,Rolling Pin,Bunch of Bananas,Knife,Snow Globe,Baking Sheet,Lederhosen,Dough,Lathe,Butter,Tuxedo Jacket,Rolling Pin,Beret,Knife,Tongue Depressor,Baking Sheet,Rubber Band Ball,Dough,Blimp,Butter,Thermos,Rolling Pin,Sombrero,Knife,Melon Baller,Baking Sheet,Candelabra
Braiding Bread,Dough,Microscope Slide,Knife,Periscope,Brush,Bone Saw,Baking Sheet,Tambourine,Bowl,Weather Vane,Dough,Kayak,Knife,Parallel Bar,Brush,Barrel,Baking Sheet,Binder Clip,Bowl,Stethoscope,Dough,Dough Hook,Knife,Ukulele,Brush,Wheel of Cheese,Baking Sheet,Kite,Bowl,Cask,Dough,Lathe,Knife,Door Stopper,Brush,Cherry Pitter,Baking Sheet,Kilt,Bowl,Ironing Board,Dough,Coat Rack,Knife,Unicycle,Brush,Pinwheel,Baking Sheet,Corn on the Cob,Bowl,Gondola
Making Pretzels,Dough,Jump Rope,Baking Soda,Slot Machine,Salt,Pommel Horse,Brush,Microscope Slide,Baking Sheet,Ascot,Dough,Petri Dish,Baking Soda,Tongue Depressor,Salt,Ventriloquist Dummy,Brush,Weather Vane,Baking Sheet,Lederhosen,Dough,Keg,Baking Soda,Puppet,Salt,Clam Shell,Brush,Lollipop,Baking Sheet,Tuxedo Jacket,Dough,Wind-Up Toy,Baking Soda,Cowl,Salt,Driftwood,Brush,Street Sweeper,Baking Sheet,Barrel,Dough,Periscope,Baking Soda,Ukulele,Salt,Tutu,Brush,Whole Pineapple,Baking Sheet,Nibbler
Making Bagels,Dough,Canteen,Boiling Water,TV Remote,Slotted Spoon,Spinning Top,Sheet,Bocce Ball,Seed,Beehive,Dough,Hang Glider,Boiling Water,Lederhosen,Slotted Spoon,Kaleidoscope,Sheet,Inbox Tray,Seed,Kayak,Dough,Egg Separator,Boiling Water,Tin Snips,Slotted Spoon,Binder Clip,Sheet,Candelabra,Seed,Ventriloquist Dummy,Dough,Pipe Wrench,Boiling Water,Lute,Slotted Spoon,Wasp Nest,Sheet,Zamboni,Seed,Submarine Periscope,Dough,Tape Dispenser,Boiling Water,Ascot,Slotted Spoon,Bobblehead,Sheet,Salad Spinner,Seed,Tuxedo Jacket
Filleting a Fish,Fish,Pommel Horse,Knife,Rivet Gun,Cutting Board,Fez,Tweezers,Bone Saw,Cloth,Pipe Wrench,Fish,Specimen Jar,Knife,Ruler,Cutting Board,Forklift,Tweezers,Correction Tape,Cloth,Pogo Stick,Fish,Nibbler,Knife,Otoscope,Cutting Board,Jack-in-the-Box,Tweezers,Paperweight,Cloth,Zamboni,Fish,Wasp Nest,Knife,Whole Pineapple,Cutting Board,Beret,Tweezers,Watermelon,Cloth,Puppet,Fish,Street Sweeper,Knife,Abacus,Cutting Board,Tricycle,Tweezers,Driftwood,Cloth,Muumuu
Shucking Oysters,Oyster,Clam Shell,Shucker,Beret,Cloth,Lute,Ice,Candy Apple,Tray,Thermos,Oyster,Lacrosse Stick,Shucker,Mannequin,Cloth,Gummy Worm,Ice,Bellhop Cart,Tray,Ramekin,Oyster,Bocce Ball,Shucker,Periscope,Cloth,Decanter,Ice,Ruler,Tray,Paperweight,Oyster,Sedan Chair,Shucker,Marionette,Cloth,Snorkel Mask,Ice,Kilt,Tray,Spinning Top,Oyster,Tongue Depressor,Shucker,Toilet Plunger,Cloth,Parka,Ice,Monocle,Tray,Anvil
Cracking Lobster,Lobster,Cake Dome,Cracker,Clam Shell,Pick,Floor Lamp,Bib,Pastry Brush,Tongs,Ramekin,Lobster,Cauldron,Cracker,Coat Rack,Pick,Zamboni,Bib,Lump of Coal,Tongs,Gravy Boat,Lobster,Pinecone,Cracker,Bagpipes,Pick,Garlic Press,Bib,Wind-Up Toy,Tongs,Antlers,Lobster,Retractor,Cracker,Lathe,Pick,Luge,Bib,Fondue Pot,Tongs,Nibbler,Lobster,Gondola,Cracker,Pipe Wrench,Pick,Bird Nest,Bib,Desk Calendar,Tongs,Rowing Shell
Shelling Prawns,Prawn,Gummy Worm,Tray,Chalk Line,Bowl,Frisbee,Napkin,Bullhorn,Knife,Skeleton Sled,Prawn,Salad Spinner,Tray,Tuba,Bowl,Pitchfork,Napkin,Megaphone,Knife,Hurdle,Prawn,Stethoscope,Tray,Rubber Duck,Bowl,Urn,Napkin,Inbox Tray,Knife,Fossil,Prawn,Stalagtite,Tray,Snorkel Mask,Bowl,Jack-in-the-Box,Napkin,Lacrosse Stick,Knife,Ascot,Prawn,Mandolin,Tray,Lobster,Bowl,Scepter,Napkin,Bucket,Knife,Corndog
Skinning a Rabbit,Rabbit,Wheel of Cheese,Knife,Giant Gummy Bear,Cutting Board,Thermos,Hook,Tambourine,Gloves,Cotton Candy,Rabbit,Gourd,Knife,Test Tube,Cutting Board,Tape Dispenser,Hook,Cask,Gloves,Compass,Rabbit,Kayak,Knife,Candy Floss,Cutting Board,Cake Dome,Hook,Ramekin,Gloves,Pretzel,Rabbit,Abacus,Knife,Hole Punch,Cutting Board,Catamaran,Hook,Canoe,Gloves,Bunsen Burner,Rabbit,Bread Maker,Knife,Stethoscope,Cutting Board,Butter Dish,Hook,Pencil Sharpener,Gloves,Kite
Plucking a Chicken,Chicken,Jump Rope,Scalding Water,Corndog,Tray,Pencil Sharpener,Apron,Muumuu,Gloves,Candy Floss,Chicken,Zamboni,Scalding Water,Fondue Pot,Tray,Ruler,Apron,Canteen,Gloves,Paper Clip Chain,Chicken,Snorkel Mask,Scalding Water,Beehive,Tray,Kazoo,Apron,Yo-Yo,Gloves,Ascot,Chicken,Vuvuzela,Scalding Water,Hang Glider,Tray,Ironing Board,Apron,Pinecone,Gloves,Bobsled,Chicken,Giant Gummy Bear,Scalding Water,Wheel of Cheese,Tray,Stepladder,Apron,Hole Punch,Gloves,Belt Sander
Butchering Meat,Knife,Bobblehead,Saw,Hang Glider,Cutting Board,Tricycle,Hook,Jug,Gloves,Hourglass,Knife,Urn,Saw,Fez,Cutting Board,Compass,Hook,Bucket,Gloves,Stethoscope,Knife,Monocle,Saw,Wire Stripper,Cutting Board,Amphora,Hook,Kayak,Gloves,Lacrosse Stick,Knife,Geode,Saw,Sextant,Cutting Board,Coat Rack,Hook,Periscope,Gloves,Trophy,Knife,Forceps,Saw,Marionette,Cutting Board,Butter Dish,Hook,Oscillating Tool,Gloves,Floor Lamp
Making Sausages,Grinder,Candelabra,Casing,Gondola,Stuffer,Rowing Shell,Twine,Sousaphone,Tray,Kite,Grinder,Bellows,Casing,Lathe,Stuffer,Monocle,Twine,Street Sweeper,Tray,Stepladder,Grinder,Gummy Worm,Casing,Shot Put,Stuffer,Fondue Pot,Twine,Candy Cane,Tray,Gramophone,Grinder,Sea Urchin,Casing,Bird Nest,Stuffer,Poncho,Twine,Submarine Periscope,Tray,Totem Pole,Grinder,Cotton Candy,Casing,Pince-Nez,Stuffer,Zamboni,Twine,Cowbell,Tray,Catamaran
Curing Meat,Meat,Jack-in-the-Box,Salt,Wire Stripper,Sugar,Bone Saw,Tray,Totem Pole,Cloth,Harpsichord,Meat,Sticky Notes Pad,Salt,Desk Calendar,Sugar,Slot Machine,Tray,Ascot,Cloth,Cowbell,Meat,Sextant,Salt,Springform Pan,Sugar,Cloak,Tray,Dough Hook,Cloth,Floor Lamp,Meat,Bobsled,Salt,Tuba,Sugar,Banjo,Tray,Gavel,Cloth,Candy Apple,Meat,Egg Separator,Salt,Jawbreaker,Sugar,Lederhosen,Tray,Decanter,Cloth,Fire Poker
Drying Herbs,Herbs,Submarine Periscope,Twine,Kilt,Hook,Segway,Paper Bag,Cowbell,Scissors,Typewriter,Herbs,Rubber Band Ball,Twine,Whole Pineapple,Hook,Belt Sander,Paper Bag,Paperweight,Scissors,Pumice Stone,Herbs,Hole Punch,Twine,Scythe,Hook,Lute,Paper Bag,Sumo Belt,Scissors,Cowl,Herbs,Slinky,Twine,Compass,Hook,Harpsichord,Paper Bag,Sousaphone,Scissors,Pinwheel,Herbs,Caulk Gun,Twine,Pogo Stick,Hook,Rickshaw,Paper Bag,Pince-Nez,Scissors,Test Tube
Making Jam,Fruit,Bird Nest,Sugar,Shot Put,Pectin,Unicycle,Jar,Springform Pan,Ladle,Caulk Gun,Fruit,Trophy,Sugar,Ruler,Pectin,Rickshaw,Jar,Jug,Ladle,Giant Gummy Bear,Fruit,Scythe,Sugar,Lobster,Pectin,Candy Apple,Jar,Luge,Ladle,Reflex Hammer,Fruit,Pinecone,Sugar,Flask,Pectin,Frisbee,Jar,Keg,Ladle,Tricycle,Fruit,Pommel,Sugar,Centrifuge,Pectin,Coat Rack,Jar,Sumo Belt,Ladle,Bellhop Cart
Making Marmalade,Citrus,Urn,Sugar,Spinning Top,Jar,Stalagtite,Ladle,Submarine Periscope,Muslin,Gavel,Citrus,Zither,Sugar,Ironing Board,Jar,Theremin,Ladle,Yo-Yo,Muslin,Fire Poker,Citrus,Bunch of Bananas,Sugar,Pretzel,Jar,Sea Urchin,Ladle,Rubber Duck,Muslin,Cherry Pitter,Citrus,Goblet,Sugar,Catamaran,Jar,Wire Stripper,Ladle,Kayak,Muslin,Desk Calendar,Citrus,Polo Mallet,Sugar,Pinecone,Jar,Slinky,Ladle,Keg,Muslin,Bone Saw
Making Chutney,Vegetables,Unicycle,Vinegar,Door Stopper,Sugar,Forceps,Jar,Melon Baller,Ladle,Scythe,Vegetables,Hole Punch,Vinegar,Lump of Coal,Sugar,Lederhosen,Jar,Pumice Stone,Ladle,Wasp Nest,Vegetables,Skeleton Sled,Vinegar,Fez,Sugar,Clam Shell,Jar,Gondola,Ladle,Corn on the Cob,Vegetables,Pencil Sharpener,Vinegar,Pinball Machine,Sugar,Slinky,Jar,Tuxedo Jacket,Ladle,Paperweight,Vegetables,Segway,Vinegar,Fossil,Sugar,Barrel,Jar,Rubber Band Ball,Ladle,Candy Floss
Making Mustard,Seeds,Gargoyle,Vinegar,Harpsichord,Salt,Discus,Mortar,Sedan Chair,Jar,Amphora,Seeds,Slot Machine,Vinegar,Cotton Candy,Salt,Polo Mallet,Mortar,Torque Wrench,Jar,Typewriter,Seeds,Hula Hoop,Vinegar,Watermelon,Salt,Bullhorn,Mortar,Ruler,Jar,Poncho,Seeds,Sumo Belt,Vinegar,Butter Dish,Salt,Melon Baller,Mortar,Bellhop Cart,Jar,Cauldron,Seeds,Lump of Coal,Vinegar,Monocle,Salt,Forceps,Mortar,Bobsled,Jar,Pinecone
Making Mayonnaise,Eggs,Wasp Nest,Oil,Churro,Whisk,Street Sweeper,Bowl,Pogo Stick,Lemon,Jawbreaker,Eggs,Sedan Chair,Oil,Mandolin,Whisk,Gondola,Bowl,Jack-in-the-Box,Lemon,Inbox Tray,Eggs,Kaleidoscope,Oil,Garlic Press,Whisk,Bunsen Burner,Bowl,Beehive,Lemon,Stepladder,Eggs,Barrel,Oil,Vuvuzela,Whisk,Balance Beam,Bowl,Submarine Periscope,Lemon,Caulk Gun,Eggs,Slot Machine,Oil,Geode,Whisk,Skeleton Sled,Bowl,Spats,Lemon,Candy Apple
Making Bread,Flour,Muumuu,Yeast,Sousaphone,Water,Chaise Longue,Tin,Churro,Cloth,Sombrero,Flour,Goblet,Yeast,Spinning Top,Water,Lobster,Tin,Bongo Drum,Cloth,Cask,Flour,Segway,Yeast,Melon Baller,Water,Wasp Nest,Tin,Pommel,Cloth,Bird Nest,Flour,Pastry Brush,Yeast,Jawbreaker,Water,Shuttlecock,Tin,Door Knocker,Cloth,Slot Machine,Flour,Marbles,Yeast,Umbrella Stand,Water,Angle Grinder,Tin,Trophy,Cloth,Pith Helmet
Making Pizza,Dough,Gravy Boat,Sauce,Marbles,Cheese,Kilt,Tray,Pipe Wrench,Cutter,Thermos,Dough,Bagpipes,Sauce,Cake Dome,Cheese,Street Sweeper,Tray,Bunch of Bananas,Cutter,Garlic Press,Dough,Periscope,Sauce,Churro,Cheese,Totem Pole,Tray,Boomerang,Cutter,Cauldron,Dough,Stalagtite,Sauce,Cloak,Cheese,Letter Opener,Tray,Pretzel,Cutter,Theremin,Dough,Beret,Sauce,Pitchfork,Cheese,Gondola,Tray,Jigsaw,Cutter,Discus
Making Crepes,Batter,Barrel,Pan,Bucket,Spatula,Luge,Plate,Ear Trumpet,Ladle,Weather Vane,Batter,Recorder,Pan,Fondue Pot,Spatula,Cake Dome,Plate,Sundial,Ladle,Frisbee,Batter,Stalagtite,Pan,Rubber Duck,Spatula,Cask,Plate,Beret,Ladle,Accordion,Batter,Whole Pineapple,Pan,Spats,Spatula,Churro,Plate,Harpsichord,Ladle,Tumbleweed,Batter,Giant Gummy Bear,Pan,Corndog,Spatula,Candelabra,Plate,Tutu,Ladle,Nibbler
Making Waffles,Batter,Driftwood,Waffle Iron,Ramekin,Brush,Torque Wrench,Plate,Mannequin,Tongs,Inbox Tray,Batter,Lump of Coal,Waffle Iron,Gondola,Brush,Antlers,Plate,Bongo Drum,Tongs,Spats,Batter,Polo Mallet,Waffle Iron,Salad Spinner,Brush,Gourd,Plate,Anvil,Tongs,Bunsen Burner,Batter,Hourglass,Waffle Iron,Dogsledge,Brush,Sombrero,Plate,Baguette,Tongs,Stethoscope,Batter,Microscope Slide,Waffle Iron,Jump Rope,Brush,Letter Opener,Plate,Decanter,Tongs,Bellows
Making Doughnuts,Dough,Angle Grinder,Fryer,Paper Clip Chain,Tongs,Sextant,Tray,Wire Stripper,Glaze,Pinwheel,Dough,Ventriloquist Dummy,Fryer,Typewriter,Tongs,Pommel Horse,Tray,Boomerang,Glaze,Cherry Pitter,Dough,Bird Nest,Fryer,Accordion,Tongs,Weather Vane,Tray,Marionette,Glaze,Maracas,Dough,Muumuu,Fryer,Megaphone,Tongs,Theremin,Tray,Dogsledge,Glaze,Kazoo,Dough,Decanter,Fryer,Bagpipes,Tongs,Lobster,Tray,Catamaran,Glaze,Bellhop Cart
Making Churros,Dough,Pumice Stone,Piping Bag,Sea Urchin,Fryer,Tricycle,Tongs,Pinecone,Sugar,Coat Rack,Dough,Wheel of Cheese,Piping Bag,Banjo,Fryer,Beehive,Tongs,Hang Glider,Sugar,Cloak,Dough,Stepladder,Piping Bag,Lathe,Fryer,Cauldron,Tongs,Cake Dome,Sugar,Fez,Dough,Theremin,Piping Bag,Vuvuzela,Fryer,Totem Pole,Tongs,Pogo Stick,Sugar,Candy Floss,Dough,Kazoo,Piping Bag,Luge,Fryer,Test Tube,Tongs,Skeleton Sled,Sugar,Chalk Line
Making Fudge,Sugar,Keg,Butter,Tumbleweed,Milk,Toilet Plunger,Thermometer,Hurdle,Tin,Pipe Wrench,Sugar,Drumstick (chicken),Butter,Javelin,Milk,Butter Dish,Thermometer,Pie Bird,Tin,Megaphone,Sugar,Door Knocker,Butter,Marbles,Milk,Sextant,Thermometer,Lute,Tin,Clam Shell,Sugar,Candelabra,Butter,Amphora,Milk,Sombrero,Thermometer,Thermos,Tin,Marionette,Sugar,Curling Stone,Butter,Harpsichord,Milk,Totem Pole,Thermometer,Maracas,Tin,Hourglass
Making Toffee,Sugar,Gargoyle,Butter,Fez,Thermometer,Sundial,Tin,Reflex Hammer,Cloth,Harpsichord,Sugar,Flask,Butter,Bird Nest,Thermometer,Wind-Up Toy,Tin,Typewriter,Cloth,Bucket,Sugar,Baguette,Butter,Whole Salmon,Thermometer,Pinball Machine,Tin,Dried Corn Husk,Cloth,Gourd,Sugar,Scepter,Butter,Pith Helmet,Thermometer,Pogo Stick,Tin,Sand Dollar,Cloth,Yo-Yo,Sugar,Ukulele,Butter,Pumice Stone,Thermometer,Cask,Tin,Vuvuzela,Cloth,Mannequin
Making Nougat,Sugar,Candy Apple,Honey,Zamboni,Whisk,Correction Tape,Mold,Footstool,Wafer,Coat Rack,Sugar,Frisbee,Honey,Stalagtite,Whisk,Gramophone,Mold,Wind-Up Toy,Wafer,Kayak,Sugar,Sextant,Honey,Jump Rope,Whisk,Tongue Depressor,Mold,Bunsen Burner,Wafer,Bobblehead,Sugar,Churro,Honey,Recorder,Whisk,Dough Hook,Mold,Vuvuzela,Wafer,Sand Dollar,Sugar,Jawbreaker,Honey,Submarine Periscope,Whisk,Heat Gun,Mold,Amphora,Wafer,Spats
Making Praline,Sugar,Blimp,Nuts,Harpsichord,Mat,Gummy Worm,Spatula,Desk Calendar,Thermometer,Tumbleweed,Sugar,Trophy,Nuts,Rubber Band Ball,Mat,Tambourine,Spatula,Belt Sander,Thermometer,Sedan Chair,Sugar,Vuvuzela,Nuts,Puppet,Mat,Muumuu,Spatula,Salad Spinner,Thermometer,Wasp Nest,Sugar,Tricycle,Nuts,Tin Snips,Mat,Tape Dispenser,Spatula,Fondue Pot,Thermometer,Watermelon,Sugar,Wind-Up Toy,Nuts,TV Remote,Mat,Luge,Spatula,Correction Tape,Thermometer,Chaise Longue
Tempering Sugar,Sugar,Bagpipes,Thermometer,Didgeridoo,Spatula,Specimen Jar,Mat,Recorder,Cloth,Tricycle,Sugar,Jigsaw,Thermometer,Hurdle,Spatula,Accordion,Mat,Parka,Cloth,Ukulele,Sugar,Torque Wrench,Thermometer,Sedan Chair,Spatula,Kazoo,Mat,Snow Globe,Cloth,Segway,Sugar,Churro,Thermometer,Rowing Shell,Spatula,Parallel Bar,Mat,Bucket,Cloth,Muumuu,Sugar,Salad Spinner,Thermometer,Periscope,Spatula,Rivet Gun,Mat,Springform Pan,Cloth,Marionette
Spinning Sugar,Sugar,Pogo Stick,Whisk,Gravy Boat,Fork,Torque Wrench,Mat,Desk Calendar,Tongs,Wheel of Cheese,Sugar,Chalice,Whisk,Sea Urchin,Fork,Plumb Bob,Mat,Hole Punch,Tongs,Wire Stripper,Sugar,Jump Rope,Whisk,TV Remote,Fork,Watermelon,Mat,Angle Grinder,Tongs,Churro,Sugar,Bone Saw,Whisk,Mannequin,Fork,Reflex Hammer,Mat,Salad Spinner,Tongs,Bullhorn,Sugar,Slot Machine,Whisk,Lump of Coal,Fork,Toilet Plunger,Mat,Gourd,Tongs,Giant Gummy Bear
Making a Spun Sugar Cage,Sugar,Skip-It,Whisk,Balance Beam,Fork,Hurdle,Ladle,Ironing Board,Gloves,Dough Hook,Sugar,Forceps,Whisk,Pommel Horse,Fork,Urn,Ladle,Thermos,Gloves,Compass,Sugar,Baguette,Whisk,Lathe,Fork,Shuttlecock,Ladle,Gummy Worm,Gloves,Poncho,Sugar,Rubber Band Ball,Whisk,Sextant,Fork,Binder Clip,Ladle,Otoscope,Gloves,Vuvuzela,Sugar,Harpsichord,Whisk,Luge,Fork,Kaleidoscope,Ladle,Pinwheel,Gloves,Rivet Gun
Flame Throwing Sugar,Sugar,Bobblehead,Blowtorch,Balance Beam,Mat,Poncho,Tongs,Toilet Plunger,Gloves,Pencil Sharpener,Sugar,Sundial,Blowtorch,Beret,Mat,Mannequin,Tongs,Zamboni,Gloves,Sousaphone,Sugar,Thermos,Blowtorch,Petri Dish,Mat,Cherry Pitter,Tongs,Puppet,Gloves,Jawbreaker,Sugar,Marbles,Blowtorch,Ventriloquist Dummy,Mat,Polo Mallet,Tongs,Chalice,Gloves,Centrifuge,Sugar,Coat Rack,Blowtorch,Slot Machine,Mat,Reflex Hammer,Tongs,Driftwood,Gloves,Kazoo
Brûléeing a Tart,Tart,Scythe,Sugar,Oscillating Tool,Blowtorch,Cherry Pitter,Mat,Retractor,Tongs,Clam Shell,Tart,Beret,Sugar,Rickshaw,Blowtorch,Canoe,Mat,Watermelon,Tongs,Jawbreaker,Tart,Recorder,Sugar,Correction Tape,Blowtorch,Tumbleweed,Mat,Jump Rope,Tongs,Tutu,Tart,Yo-Yo,Sugar,Wire Stripper,Blowtorch,Compass,Mat,Sousaphone,Tongs,Pommel Horse,Tart,Forklift,Sugar,Polo Mallet,Blowtorch,Lacrosse Stick,Mat,Slot Machine,Tongs,Hole Punch
Flambéing,Pan,Gourd,Spirit,Baguette,Lighter,Churro,Ladle,Cauldron,Tongs,Desk Calendar,Pan,Jug,Spirit,Dried Corn Husk,Lighter,Springform Pan,Ladle,Whole Pineapple,Tongs,Pumice Stone,Pan,Sundial,Spirit,Cowbell,Lighter,Tin Snips,Ladle,Ear Trumpet,Tongs,Sedan Chair,Pan,Pastry Brush,Spirit,Shot Put,Lighter,Theremin,Ladle,Petri Dish,Tongs,Urn,Pan,Megaphone,Spirit,Kilt,Lighter,Bocce Ball,Ladle,Submarine Periscope,Tongs,Letter Opener
Making a Soufflé,Bowl,Retractor,Whisk,Tongue Depressor,Ramekin,Cowl,Collar,Coat Rack,Oven,Lute,Bowl,Dough Hook,Whisk,Sedan Chair,Ramekin,Bocce Ball,Collar,Weather Vane,Oven,Zamboni,Bowl,Hurdle,Whisk,Pinball Machine,Ramekin,Inbox Tray,Collar,Belt Sander,Oven,Paperweight,Bowl,Correction Tape,Whisk,Gourd,Ramekin,Door Knocker,Collar,Pinwheel,Oven,Caulk Gun,Bowl,Street Sweeper,Whisk,Ascot,Ramekin,Slinky,Collar,Cotton Candy,Oven,Marionette
Whipping Cream,Cream,Megaphone,Whisk,Corndog,Bowl,Sombrero,Sugar,Lobster,Chiller,Mannequin,Cream,Bunsen Burner,Whisk,Ventriloquist Dummy,Bowl,Sea Urchin,Sugar,Flask,Chiller,Rickshaw,Cream,Kayak,Whisk,Boomerang,Bowl,Stapler,Sugar,Paper Clip Chain,Chiller,Corn on the Cob,Cream,Compass,Whisk,Cherry Pitter,Bowl,Discus,Sugar,Bread Maker,Chiller,Dogsledge,Cream,Driftwood,Whisk,Didgeridoo,Bowl,Gondola,Sugar,Lollipop,Chiller,Stethoscope
Making Meringue,Egg Whites,Sundial,Whisk,Chalice,Sugar,Thermos,Bowl,Flask,Piping Bag,Pretzel,Egg Whites,Drumstick (chicken),Whisk,Vuvuzela,Sugar,Tape Dispenser,Bowl,Marbles,Piping Bag,Hang Glider,Egg Whites,Egg Separator,Whisk,Curling Stone,Sugar,Pie Bird,Bowl,Reflex Hammer,Piping Bag,Driftwood,Egg Whites,Maracas,Whisk,Tuba,Sugar,Spinning Top,Bowl,Door Stopper,Piping Bag,Gourd,Egg Whites,Lobster,Whisk,Bobsled,Sugar,Centrifuge,Bowl,Zamboni,Piping Bag,Cherry Pitter
Making Choux Pastry,Flour,Tape Dispenser,Eggs,Goblet,Butter,Marbles,Piping Bag,Pinball Machine,Tray,Polo Mallet,Flour,Xylophone,Eggs,Melon Baller,Butter,Oscillating Tool,Piping Bag,Stapler,Tray,Paperweight,Flour,Paper Clip Chain,Eggs,Zither,Butter,Kayak,Piping Bag,Pencil Sharpener,Tray,Decanter,Flour,Plumb Bob,Eggs,Lollipop,Butter,Bongo Drum,Piping Bag,Scepter,Tray,Chalice,Flour,Springform Pan,Eggs,Tambourine,Butter,Gavel,Piping Bag,Frisbee,Tray,Ruler
Making Filo Pastry,Dough,Canoe,Rolling Pin,Pumice Stone,Brush,Cake Dome,Butter,Street Sweeper,Cloth,Cherry Pitter,Dough,Segway,Rolling Pin,Candy Apple,Brush,Melon Baller,Butter,Stapler,Cloth,Corn on the Cob,Dough,Slinky,Rolling Pin,Tricycle,Brush,Reflex Hammer,Butter,Vuvuzela,Cloth,Wire Stripper,Dough,Footstool,Rolling Pin,Tutu,Brush,Harpsichord,Butter,Pinecone,Cloth,Letter Opener,Dough,Pith Helmet,Rolling Pin,Jack-in-the-Box,Brush,Gavel,Butter,Sousaphone,Cloth,Stepladder
Laminating Dough,Dough,Gourd,Butter,Hula Hoop,Rolling Pin,Spinning Top,Cloth,Ear Trumpet,Plastic,Jawbreaker,Dough,Dried Corn Husk,Butter,Pretzel,Rolling Pin,Jug,Cloth,Floor Lamp,Plastic,Jack-in-the-Box,Dough,Decanter,Butter,Sumo Belt,Rolling Pin,Sand Dollar,Cloth,Segway,Plastic,Lump of Coal,Dough,Ventriloquist Dummy,Butter,Kayak,Rolling Pin,Stapler,Cloth,Chalk Line,Plastic,Candy Floss,Dough,Paperweight,Butter,Beret,Rolling Pin,Anvil,Cloth,Drumstick (chicken),Plastic,Nibbler
Making Puff Pastry,Dough,Gramophone,Butter,Fondue Pot,Rolling Pin,Weather Vane,Ruler,Didgeridoo,Cloth,Ukulele,Dough,Tambourine,Butter,Stapler,Rolling Pin,Decanter,Ruler,Sticky Notes Pad,Cloth,Tumbleweed,Dough,Rickshaw,Butter,Oscillating Tool,Rolling Pin,Kaleidoscope,Ruler,Tape Dispenser,Cloth,Submarine Periscope,Dough,Spinning Top,Butter,Discus,Rolling Pin,Candelabra,Ruler,Rubber Band Ball,Cloth,Door Knocker,Dough,Hourglass,Butter,Cake Dome,Rolling Pin,Pretzel,Ruler,Luge,Cloth,Tutu
Making Short Crust,Flour,Cask,Butter,Jack-in-the-Box,Water,Pommel,Bowl,Baguette,Roller,Sticky Notes Pad,Flour,Lobster,Butter,Candy Apple,Water,Tambourine,Bowl,Paperweight,Roller,Ear Trumpet,Flour,Abacus,Butter,Fondue Pot,Water,Discus,Bowl,Fez,Roller,Jawbreaker,Flour,Totem Pole,Butter,Whole Salmon,Water,Bread Maker,Bowl,Butter Dish,Roller,Test Tube,Flour,Mandolin,Butter,Lute,Water,Melon Baller,Bowl,Vuvuzela,Roller,Nibbler
Making Suet Pastry,Flour,Gummy Worm,Suet,Tambourine,Water,Pie Bird,Bowl,Whole Pineapple,Board,Chamberpot,Flour,Zither,Suet,Floor Lamp,Water,Bullhorn,Bowl,Muumuu,Board,Lobster,Flour,TV Remote,Suet,Bobblehead,Water,Blimp,Bowl,Wheel of Cheese,Board,Hole Punch,Flour,Snorkel Mask,Suet,Angle Grinder,Water,Theremin,Bowl,Slinky,Board,Hang Glider,Flour,Geode,Suet,Candy Apple,Water,Hazmat Suit,Bowl,Cotton Candy,Board,Cowbell
Making Hot Water Crust,Flour,Submarine Periscope,Lard,Giant Gummy Bear,Water,Ventriloquist Dummy,Bowl,Cask,Mold,Watermelon,Flour,Pretzel,Lard,Door Stopper,Water,Bobblehead,Bowl,Catamaran,Mold,Amphora,Flour,Poncho,Lard,Stalagtite,Water,Segway,Bowl,Megaphone,Mold,Blimp,Flour,Gravy Boat,Lard,Tuxedo Jacket,Water,Churro,Bowl,Ukulele,Mold,Urn,Flour,Street Sweeper,Lard,Totem Pole,Water,Melon Baller,Bowl,Footstool,Mold,Binder Clip
Making Rough Puff,Flour,Poncho,Butter,Stethoscope,Water,Submarine Periscope,Bowl,Curling Stone,Roller,Rubber Duck,Flour,Kilt,Butter,Throw Pillow,Water,Slinky,Bowl,Cloak,Roller,Whole Salmon,Flour,Goblet,Butter,Whole Pineapple,Water,Hole Punch,Bowl,Puppet,Roller,Mandolin,Flour,Clam Shell,Butter,Bagpipes,Water,Ascot,Bowl,Pince-Nez,Roller,Umbrella Stand,Flour,Rivet Gun,Butter,Lathe,Water,Pastry Brush,Bowl,Tuba,Roller,Garlic Press
Making Brioche,Flour,Gargoyle,Eggs,Zither,Butter,Butter Dish,Tin,Segway,Brush,Pinwheel,Flour,Bullhorn,Eggs,Fez,Butter,Muumuu,Tin,Hole Punch,Brush,Clam Shell,Flour,Tutu,Eggs,Bread Maker,Butter,Lederhosen,Tin,Cask,Brush,Retractor,Flour,Gavel,Eggs,Tape Dispenser,Butter,Candy Floss,Tin,Cowbell,Brush,Lollipop,Flour,Ruler,Eggs,Driftwood,Butter,Paperweight,Tin,Rubber Duck,Brush,Bunch of Bananas
Making Focaccia,Dough,Otoscope,Oil,Test Tube,Rosemary,Amphora,Tray,Pith Helmet,Fingers,Pogo Stick,Dough,Forceps,Oil,Sea Urchin,Rosemary,Gourd,Tray,Bullhorn,Fingers,Cauldron,Dough,Cask,Oil,Kaleidoscope,Rosemary,Scythe,Tray,Catamaran,Fingers,Giant Gummy Bear,Dough,Gavel,Oil,Door Knocker,Rosemary,Churro,Tray,Segway,Fingers,Candy Apple,Dough,Hula Hoop,Oil,Shot Put,Rosemary,Harpsichord,Tray,Skip-It,Fingers,Bobblehead
Making Flatbread,Dough,Harpsichord,Rolling Pin,Candelabra,Pan,Petri Dish,Cloth,Segway,Brush,Canoe,Dough,Kite,Rolling Pin,Banjo,Pan,Muumuu,Cloth,Cauldron,Brush,Monocle,Dough,Binder Clip,Rolling Pin,Recorder,Pan,Balance Beam,Cloth,Hazmat Suit,Brush,Lacrosse Stick,Dough,Xylophone,Rolling Pin,Pinecone,Pan,Gargoyle,Cloth,Catamaran,Brush,Pastry Brush,Dough,Scythe,Rolling Pin,Specimen Jar,Pan,Hourglass,Cloth,Shot Put,Brush,Pinwheel
Making Naan,Dough,Forceps,Tandoor,Jawbreaker,Brush,Megaphone,Cloth,Theremin,Tongs,Door Stopper,Dough,Lathe,Tandoor,Tuba,Brush,Goblet,Cloth,Gavel,Tongs,Corndog,Dough,Pith Helmet,Tandoor,Inbox Tray,Brush,Lump of Coal,Cloth,Thermos,Tongs,Fondue Pot,Dough,Decanter,Tandoor,Jug,Brush,Cherry Pitter,Cloth,Ironing Board,Tongs,Baguette,Dough,Heat Gun,Tandoor,Spats,Brush,Monocle,Cloth,Keg,Tongs,Sumo Belt
Making Tortillas,Dough,Petri Dish,Press,Clam Shell,Pan,Candy Cane,Cloth,Canteen,Tongs,Ruler,Dough,Slot Machine,Press,Zither,Pan,Sextant,Cloth,Driftwood,Tongs,Binder Clip,Dough,Snow Globe,Press,Specimen Jar,Pan,Candy Apple,Cloth,Forklift,Tongs,Egg Separator,Dough,Beehive,Press,Snorkel Mask,Pan,Pumice Stone,Cloth,Rubber Duck,Tongs,Boomerang,Dough,Xylophone,Press,Compass,Pan,Discus,Cloth,Chalk Line,Tongs,Rickshaw
Making Wraps,Tortilla,Stethoscope,Filling,Submarine Periscope,Knife,Cowl,Board,Bongo Drum,Foil,Butter Dish,Tortilla,Stalagtite,Filling,Corndog,Knife,Barrel,Board,Mannequin,Foil,Jump Rope,Tortilla,Amphora,Filling,Rivet Gun,Knife,Spinning Top,Board,Scepter,Foil,Letter Opener,Tortilla,Pinecone,Filling,Wasp Nest,Knife,Pommel,Board,Bunsen Burner,Foil,Dogsledge,Tortilla,Pinwheel,Filling,Zither,Knife,Decanter,Board,Abacus,Foil,Lute
Making Dumplings,Wrapper,Polo Mallet,Filling,Microscope Slide,Steamer,Geode,Brush,Springform Pan,Tray,Javelin,Wrapper,Tin Snips,Filling,Paperweight,Steamer,Cowl,Brush,Pie Bird,Tray,Bunch of Bananas,Wrapper,Sedan Chair,Filling,Caulk Gun,Steamer,Snorkel Mask,Brush,Mandolin,Tray,Discus,Wrapper,Goblet,Filling,Candy Apple,Steamer,Scepter,Brush,Clam Shell,Tray,Didgeridoo,Wrapper,Shot Put,Filling,Canoe,Steamer,Kaleidoscope,Brush,Kayak,Tray,Shuttlecock
Making Spring Rolls,Wrapper,Scythe,Filling,Zamboni,Oil,Cloak,Tongs,Pencil Sharpener,Tray,Melon Baller,Wrapper,Decanter,Filling,Candy Apple,Oil,Muumuu,Tongs,Snow Globe,Tray,Tongue Depressor,Wrapper,Churro,Filling,Hole Punch,Oil,Candelabra,Tongs,Tutu,Tray,Kaleidoscope,Wrapper,Javelin,Filling,Candy Floss,Oil,Pith Helmet,Tongs,Periscope,Tray,Mandolin,Wrapper,Luge,Filling,Bird Nest,Oil,Pumice Stone,Tongs,Discus,Tray,Ascot
Making Samosas,Pastry,Pith Helmet,Filling,Lollipop,Oil,Snorkel Mask,Tongs,Ironing Board,Tray,Spats,Pastry,Slinky,Filling,Street Sweeper,Oil,Tuxedo Jacket,Tongs,Inbox Tray,Tray,Bobblehead,Pastry,Poncho,Filling,Melon Baller,Oil,Beehive,Tongs,Lobster,Tray,Kayak,Pastry,Rivet Gun,Filling,Ruler,Oil,Catamaran,Tongs,Harpsichord,Tray,Bird Nest,Pastry,Gourd,Filling,Rowing Shell,Oil,Zither,Tongs,Pinecone,Tray,Fondue Pot
Making Empanadas,Dough,Jigsaw,Filling,Decanter,Fork,Ventriloquist Dummy,Tray,Weather Vane,Brush,Bone Saw,Dough,Scythe,Filling,Balance Beam,Fork,Chalk Line,Tray,Pince-Nez,Brush,Gramophone,Dough,Cloak,Filling,Specimen Jar,Fork,Wire Stripper,Tray,Goblet,Brush,Candelabra,Dough,Tape Dispenser,Filling,Heat Gun,Fork,Submarine Periscope,Tray,Candy Cane,Brush,Bunsen Burner,Dough,Candy Floss,Filling,Lump of Coal,Fork,Correction Tape,Tray,Forceps,Brush,Bunch of Bananas
Making Pierogi,Dough,Dogsledge,Filling,Bunch of Bananas,Cutter,Reflex Hammer,Fork,Petri Dish,Tray,Door Knocker,Dough,Corndog,Filling,Throw Pillow,Cutter,Tin Snips,Fork,Wind-Up Toy,Tray,Sticky Notes Pad,Dough,Curling Stone,Filling,Sea Urchin,Cutter,Decanter,Fork,Pinball Machine,Tray,Catamaran,Dough,Footstool,Filling,Inbox Tray,Cutter,Chaise Longue,Fork,Scythe,Tray,Typewriter,Dough,Bullhorn,Filling,Antlers,Cutter,Luge,Fork,Bellows,Tray,Canteen
Making Gyoza,Wrapper,Retractor,Filling,Didgeridoo,Pan,Lacrosse Stick,Brush,Gravy Boat,Tongs,Beehive,Wrapper,Pencil Sharpener,Filling,Scythe,Pan,Lobster,Brush,Dogsledge,Tongs,Fire Poker,Wrapper,Kazoo,Filling,Ventriloquist Dummy,Pan,Polo Mallet,Brush,Canteen,Tongs,Ear Trumpet,Wrapper,Sumo Belt,Filling,Stalagtite,Pan,Spats,Brush,Petri Dish,Tongs,Coat Rack,Wrapper,Gramophone,Filling,Throw Pillow,Pan,Rivet Gun,Brush,Paper Clip Chain,Tongs,Otoscope
Making Ravioli,Pasta Sheet,Spats,Filling,Banjo,Cutter,Ramekin,Tray,Segway,Fork,Sea Urchin,Pasta Sheet,Candy Apple,Filling,Pith Helmet,Cutter,Sombrero,Tray,Candy Floss,Fork,Ruler,Pasta Sheet,Urn,Filling,Paperweight,Cutter,Discus,Tray,Toilet Plunger,Fork,Tongue Depressor,Pasta Sheet,Snow Globe,Filling,Wind-Up Toy,Cutter,Unicycle,Tray,Pogo Stick,Fork,Tricycle,Pasta Sheet,Ascot,Filling,Anvil,Cutter,Chamberpot,Tray,Stapler,Fork,Theremin
Making Gnocchi,Potato,Totem Pole,Flour,Angle Grinder,Board,Nibbler,Fork,Poncho,Tray,Snow Globe,Potato,Hula Hoop,Flour,Pinecone,Board,Pitchfork,Fork,Curling Stone,Tray,Chaise Longue,Potato,Boomerang,Flour,Belt Sander,Board,Candy Floss,Fork,Gondola,Tray,Ukulele,Potato,Sea Urchin,Flour,Weather Vane,Board,Bongo Drum,Fork,Dried Corn Husk,Tray,Spats,Potato,Melon Baller,Flour,Cotton Candy,Board,Reflex Hammer,Fork,Periscope,Tray,Hourglass
Making Risotto,Rice,Maracas,Ladle,Abacus,Stock,Weather Vane,Pan,Sedan Chair,Spoon,Candy Cane,Rice,Pogo Stick,Ladle,Vuvuzela,Stock,Hurdle,Pan,Parka,Spoon,Wheel of Cheese,Rice,Sea Urchin,Ladle,Cowbell,Stock,Inbox Tray,Pan,Bagpipes,Spoon,Sousaphone,Rice,Hole Punch,Ladle,Frisbee,Stock,Caulk Gun,Pan,Boomerang,Spoon,Flask,Rice,Slot Machine,Ladle,Throw Pillow,Stock,Fez,Pan,Bellhop Cart,Spoon,Oscillating Tool
Making Paella,Rice,Gummy Worm,Pan,Kilt,Ladle,Cherry Pitter,Tongs,Geode,Stock,Stalagtite,Rice,Egg Separator,Pan,Stapler,Ladle,Skeleton Sled,Tongs,Door Knocker,Stock,Pogo Stick,Rice,Cotton Candy,Pan,Ventriloquist Dummy,Ladle,Centrifuge,Tongs,Javelin,Stock,Scythe,Rice,Bunch of Bananas,Pan,Tuxedo Jacket,Ladle,Compass,Tongs,Hang Glider,Stock,Sticky Notes Pad,Rice,Gourd,Pan,Plumb Bob,Ladle,Mandolin,Tongs,Megaphone,Stock,Jawbreaker
Making Tagine,Tagine,Bird Nest,Tongs,Pince-Nez,Ladle,Candy Cane,Spoon,Cask,Lid,Jump Rope,Tagine,Lollipop,Tongs,Sextant,Ladle,Accordion,Spoon,Bellows,Lid,Chalk Line,Tagine,Zither,Tongs,Slinky,Ladle,Microscope Slide,Spoon,Cloak,Lid,Shot Put,Tagine,Driftwood,Tongs,Javelin,Ladle,Cotton Candy,Spoon,Paperweight,Lid,Submarine Periscope,Tagine,Paper Clip Chain,Tongs,Bunsen Burner,Ladle,Megaphone,Spoon,Bobblehead,Lid,Tuxedo Jacket
Making Curry,Pot,Toilet Plunger,Ladle,Fez,Spice Jar,Poncho,Lid,Balance Beam,Spoon,Pith Helmet,Pot,Nibbler,Ladle,Footstool,Spice Jar,Pumice Stone,Lid,Hula Hoop,Spoon,Geode,Pot,Ascot,Ladle,Jawbreaker,Spice Jar,Cauldron,Lid,Bellhop Cart,Spoon,Shot Put,Pot,Fondue Pot,Ladle,Pince-Nez,Spice Jar,Cask,Lid,Plumb Bob,Spoon,Umbrella Stand,Pot,Cloak,Ladle,Tape Dispenser,Spice Jar,Retractor,Lid,Test Tube,Spoon,Tricycle
Making Stir Fry,Wok,Snorkel Mask,Spatula,Corn on the Cob,Ladle,Rickshaw,Tongs,Paper Clip Chain,Lid,Catamaran,Wok,Melon Baller,Spatula,Rivet Gun,Ladle,Hazmat Suit,Tongs,Bread Maker,Lid,Plumb Bob,Wok,Hula Hoop,Spatula,Cowl,Ladle,Whole Salmon,Tongs,Heat Gun,Lid,Scythe,Wok,Cauldron,Spatula,Throw Pillow,Ladle,Skeleton Sled,Tongs,Tin Snips,Lid,Sombrero,Wok,Bellhop Cart,Spatula,Urn,Ladle,Didgeridoo,Tongs,Barrel,Lid,Jump Rope
Making Tempura,Batter,Bobblehead,Tongs,Ascot,Fryer,Sea Urchin,Tray,Parallel Bar,Brush,Cauldron,Batter,Bellhop Cart,Tongs,Churro,Fryer,Geode,Tray,Mannequin,Brush,Scythe,Batter,Bullhorn,Tongs,Accordion,Fryer,Lederhosen,Tray,Pinecone,Brush,Hula Hoop,Batter,Jigsaw,Tongs,Frisbee,Fryer,Tongue Depressor,Tray,Chalk Line,Brush,Footstool,Batter,Rickshaw,Tongs,Gavel,Fryer,Pommel,Tray,Bellows,Brush,Lathe
Making Sushi,Mat,Totem Pole,Rice,Tuba,Nori,Flask,Knife,Pastry Brush,Tray,Garlic Press,Mat,TV Remote,Rice,Muumuu,Nori,Churro,Knife,Tumbleweed,Tray,Bocce Ball,Mat,Wind-Up Toy,Rice,Angle Grinder,Nori,Footstool,Knife,Pitchfork,Tray,Submarine Periscope,Mat,Slot Machine,Rice,Decanter,Nori,Accordion,Knife,Discus,Tray,Yo-Yo,Mat,Rubber Duck,Rice,Letter Opener,Nori,Trophy,Knife,Butter Dish,Tray,Candy Cane
Making Ramen,Pot,Ascot,Ladle,Caulk Gun,Tongs,Pogo Stick,Bowl,Dried Corn Husk,Chopsticks,Coat Rack,Pot,Gondola,Ladle,Bread Maker,Tongs,Sumo Belt,Bowl,Door Knocker,Chopsticks,Chaise Longue,Pot,Canteen,Ladle,Periscope,Tongs,Beehive,Bowl,Belt Sander,Chopsticks,Stethoscope,Pot,Desk Calendar,Ladle,Gramophone,Tongs,Rubber Duck,Bowl,Inbox Tray,Chopsticks,Shuttlecock,Pot,Puppet,Ladle,Unicycle,Tongs,Oscillating Tool,Bowl,Gravy Boat,Chopsticks,Watermelon
Making Pho,Pot,Paperweight,Ladle,Bone Saw,Tongs,Bobblehead,Bowl,Whole Pineapple,Strainer,Javelin,Pot,Lobster,Ladle,Kaleidoscope,Tongs,Butter Dish,Bowl,Balance Beam,Strainer,Door Stopper,Pot,Dried Corn Husk,Ladle,Gavel,Tongs,Marbles,Bowl,Bunsen Burner,Strainer,Bongo Drum,Pot,Accordion,Ladle,Compass,Tongs,Salad Spinner,Bowl,Cloak,Strainer,Test Tube,Pot,Discus,Ladle,Pommel Horse,Tongs,Skeleton Sled,Bowl,Specimen Jar,Strainer,Beehive
Making Laksa,Pot,Forklift,Ladle,Rivet Gun,Tongs,Luge,Bowl,Caulk Gun,Strainer,Whole Pineapple,Pot,Clam Shell,Ladle,Sousaphone,Tongs,Hang Glider,Bowl,Churro,Strainer,Boomerang,Pot,Forceps,Ladle,Sumo Belt,Tongs,Giant Gummy Bear,Bowl,Vuvuzela,Strainer,Theremin,Pot,Tricycle,Ladle,Slot Machine,Tongs,Floor Lamp,Bowl,Muumuu,Strainer,Lute,Pot,Typewriter,Ladle,Gourd,Tongs,Sundial,Bowl,Garlic Press,Strainer,Banjo
Making Bouillabaisse,Pot,Ruler,Ladle,Street Sweeper,Tongs,Curling Stone,Bowl,Baguette,Strainer,Zamboni,Pot,Shot Put,Ladle,Slot Machine,Tongs,Pinball Machine,Bowl,Tongue Depressor,Strainer,Kite,Pot,Hula Hoop,Ladle,Tuba,Tongs,Tutu,Bowl,Pumice Stone,Strainer,Hang Glider,Pot,Salad Spinner,Ladle,Nibbler,Tongs,Cask,Bowl,Puppet,Strainer,Jack-in-the-Box,Pot,Clam Shell,Ladle,Cloak,Tongs,Bocce Ball,Bowl,Caulk Gun,Strainer,Sumo Belt
Making Gazpacho,Blender,Abacus,Ladle,Bird Nest,Bowl,Desk Calendar,Strainer,Cherry Pitter,Cloth,Hurdle,Blender,Pipe Wrench,Ladle,Toilet Plunger,Bowl,Totem Pole,Strainer,Candelabra,Cloth,Ramekin,Blender,Pommel,Ladle,Canoe,Bowl,Forceps,Strainer,Shot Put,Cloth,Beret,Blender,Parka,Ladle,Rowing Shell,Bowl,Gourd,Strainer,Urn,Cloth,Unicycle,Blender,Stepladder,Ladle,Wheel of Cheese,Bowl,Sombrero,Strainer,Kaleidoscope,Cloth,Binder Clip
Making Consommé,Pot,Sousaphone,Ladle,Tape Dispenser,Strainer,Tongue Depressor,Cloth,Pie Bird,Bowl,Ironing Board,Pot,Inbox Tray,Ladle,Otoscope,Strainer,Accordion,Cloth,Abacus,Bowl,Spinning Top,Pot,Xylophone,Ladle,Kazoo,Strainer,Footstool,Cloth,Corndog,Bowl,Amphora,Pot,Pumice Stone,Ladle,Letter Opener,Strainer,Candy Cane,Cloth,Candelabra,Bowl,Pretzel,Pot,Torque Wrench,Ladle,Bone Saw,Strainer,Submarine Periscope,Cloth,Floor Lamp,Bowl,Petri Dish
Making a Roux,Pan,Gramophone,Whisk,Pinball Machine,Ladle,Slinky,Cloth,Wheel of Cheese,Bowl,Bucket,Pan,Clam Shell,Whisk,Specimen Jar,Ladle,Abacus,Cloth,Gargoyle,Bowl,Maracas,Pan,Ukulele,Whisk,Stethoscope,Ladle,Hazmat Suit,Cloth,Trophy,Bowl,Bocce Ball,Pan,Shot Put,Whisk,Egg Separator,Ladle,Accordion,Cloth,Microscope Slide,Bowl,Sticky Notes Pad,Pan,Sousaphone,Whisk,Inbox Tray,Ladle,Rubber Duck,Cloth,Stepladder,Bowl,Hurdle
Making a Velouté,Pan,Heat Gun,Whisk,Lute,Ladle,Ventriloquist Dummy,Strainer,Dough Hook,Bowl,Sousaphone,Pan,Spinning Top,Whisk,Harpsichord,Ladle,Wheel of Cheese,Strainer,Boomerang,Bowl,Binder Clip,Pan,Butter Dish,Whisk,Discus,Ladle,Hole Punch,Strainer,Fossil,Bowl,Bocce Ball,Pan,Jug,Whisk,Churro,Ladle,Bongo Drum,Strainer,Forceps,Bowl,Zamboni,Pan,Sedan Chair,Whisk,Kilt,Ladle,Stapler,Strainer,Gramophone,Bowl,Bucket
Making a Béchamel,Pan,Umbrella Stand,Whisk,Trophy,Ladle,Snow Globe,Cloth,Pastry Brush,Bowl,Rubber Duck,Pan,Segway,Whisk,Ascot,Ladle,Slot Machine,Cloth,Egg Separator,Bowl,Sand Dollar,Pan,TV Remote,Whisk,Hula Hoop,Ladle,Tuba,Cloth,Pommel Horse,Bowl,Tambourine,Pan,Submarine Periscope,Whisk,Otoscope,Ladle,Fire Poker,Cloth,Parka,Bowl,Snorkel Mask,Pan,Corndog,Whisk,Retractor,Ladle,Throw Pillow,Cloth,Mannequin,Bowl,Candy Apple
Making a Hollandaise,Bowl,Didgeridoo,Whisk,Harpsichord,Ladle,Pinball Machine,Thermometer,Flask,Cloth,Stalagtite,Bowl,Sea Urchin,Whisk,Accordion,Ladle,Puppet,Thermometer,Bread Maker,Cloth,Stepladder,Bowl,Compass,Whisk,Submarine Periscope,Ladle,Anvil,Thermometer,Cherry Pitter,Cloth,Theremin,Bowl,Pommel,Whisk,Tambourine,Ladle,Pumice Stone,Thermometer,Torque Wrench,Cloth,Tongue Depressor,Bowl,Ramekin,Whisk,Wind-Up Toy,Ladle,Blimp,Thermometer,Chaise Longue,Cloth,Forklift
Making a Vinaigrette,Jar,Ruler,Whisk,Antlers,Ladle,Bagpipes,Cloth,Ventriloquist Dummy,Bowl,Watermelon,Jar,Forceps,Whisk,Giant Gummy Bear,Ladle,Fondue Pot,Cloth,Correction Tape,Bowl,Abacus,Jar,Binder Clip,Whisk,Tape Dispenser,Ladle,Gramophone,Cloth,Mannequin,Bowl,Otoscope,Jar,Typewriter,Whisk,Geode,Ladle,Pitchfork,Cloth,Caulk Gun,Bowl,Footstool,Jar,Angle Grinder,Whisk,Bucket,Ladle,Cauldron,Cloth,Segway,Bowl,Parallel Bar
Making a Reduction,Pan,Spats,Ladle,Hole Punch,Cloth,Jug,Thermometer,Lederhosen,Bowl,Letter Opener,Pan,Frisbee,Ladle,Sea Urchin,Cloth,Shot Put,Thermometer,Megaphone,Bowl,Javelin,Pan,Whole Pineapple,Ladle,Test Tube,Cloth,Theremin,Thermometer,Maracas,Bowl,Segway,Pan,Gargoyle,Ladle,Baguette,Cloth,Jawbreaker,Thermometer,Egg Separator,Bowl,Pinball Machine,Pan,Floor Lamp,Ladle,Beret,Cloth,Chaise Longue,Thermometer,Gramophone,Bowl,Gavel
Making a Jus,Pan,Spinning Top,Strainer,Stepladder,Ladle,Catamaran,Cloth,Rubber Band Ball,Bowl,Weather Vane,Pan,Ramekin,Strainer,Submarine Periscope,Ladle,Ventriloquist Dummy,Cloth,Belt Sander,Bowl,Centrifuge,Pan,Street Sweeper,Strainer,Parka,Ladle,Tuxedo Jacket,Cloth,Monocle,Bowl,Cowbell,Pan,Whole Salmon,Strainer,Frisbee,Ladle,Forklift,Cloth,Stalagtite,Bowl,Amphora,Pan,Pinwheel,Strainer,Lollipop,Ladle,Bobblehead,Cloth,Ruler,Bowl,Discus
Making a Glaze,Pan,Caulk Gun,Brush,Pie Bird,Ladle,Lute,Cloth,Letter Opener,Bowl,Bunsen Burner,Pan,Chalk Line,Brush,Forklift,Ladle,Tuxedo Jacket,Cloth,Hurdle,Bowl,Candelabra,Pan,Harpsichord,Brush,Retractor,Ladle,Centrifuge,Cloth,Periscope,Bowl,Sumo Belt,Pan,Puppet,Brush,Hole Punch,Ladle,Paperweight,Cloth,Hourglass,Bowl,Tutu,Pan,Thermos,Brush,Hazmat Suit,Ladle,Whole Salmon,Cloth,Pinball Machine,Bowl,Ramekin
Making a Coulis,Blender,Pitchfork,Strainer,Beehive,Ladle,Door Knocker,Cloth,Otoscope,Bowl,Jump Rope,Blender,Test Tube,Strainer,Pogo Stick,Ladle,Wire Stripper,Cloth,Dough Hook,Bowl,Segway,Blender,Bullhorn,Strainer,Typewriter,Ladle,Balance Beam,Cloth,Jack-in-the-Box,Bowl,Unicycle,Blender,Lollipop,Strainer,Cask,Ladle,Ramekin,Cloth,Thermos,Bowl,Stapler,Blender,Ventriloquist Dummy,Strainer,Specimen Jar,Ladle,Clam Shell,Cloth,Watermelon,Bowl,Drumstick (chicken)
Making a Compote,Pan,Pitchfork,Ladle,Anvil,Jar,Whole Pineapple,Cloth,Abacus,Spoon,Sombrero,Pan,Pinecone,Ladle,Megaphone,Jar,Ascot,Cloth,Amphora,Spoon,Caulk Gun,Pan,Bobblehead,Ladle,Monocle,Jar,Snorkel Mask,Cloth,Candy Floss,Spoon,Bullhorn,Pan,Lacrosse Stick,Ladle,Recorder,Jar,Oscillating Tool,Cloth,Bobsled,Spoon,Puppet,Pan,Javelin,Ladle,Yo-Yo,Jar,Pumice Stone,Cloth,Hang Glider,Spoon,Skip-It
Making a Curd,Pan,Monocle,Whisk,Gargoyle,Jar,Gourd,Strainer,Theremin,Cloth,Drumstick (chicken),Pan,Lobster,Whisk,Tongue Depressor,Jar,Jump Rope,Strainer,Sombrero,Cloth,Geode,Pan,Cowl,Whisk,Microscope Slide,Jar,Plumb Bob,Strainer,Coat Rack,Cloth,Didgeridoo,Pan,Beehive,Whisk,Lathe,Jar,Sedan Chair,Strainer,Bucket,Cloth,Mandolin,Pan,Baguette,Whisk,Barrel,Jar,Flask,Strainer,Petri Dish,Cloth,Shot Put
Making a Mousse,Bowl,Bocce Ball,Whisk,Butter Dish,Ladle,Boomerang,Spatula,Anvil,Cloth,Harpsichord,Bowl,Catamaran,Whisk,Pipe Wrench,Ladle,Ascot,Spatula,Balance Beam,Cloth,Hurdle,Bowl,Paper Clip Chain,Whisk,Scepter,Ladle,Door Knocker,Spatula,Totem Pole,Cloth,Sticky Notes Pad,Bowl,Maracas,Whisk,Pie Bird,Ladle,Centrifuge,Spatula,Skeleton Sled,Cloth,Lederhosen,Bowl,Rubber Duck,Whisk,Sextant,Ladle,Barrel,Spatula,Tin Snips,Cloth,Beehive
Making a Ganache,Bowl,Otoscope,Whisk,Stapler,Spatula,Tutu,Thermometer,Periscope,Cloth,Street Sweeper,Bowl,Retractor,Whisk,Weather Vane,Spatula,Lobster,Thermometer,Forceps,Cloth,Dried Corn Husk,Bowl,Bunch of Bananas,Whisk,Hourglass,Spatula,Wire Stripper,Thermometer,Watermelon,Cloth,Ramekin,Bowl,Trophy,Whisk,Luge,Spatula,Pipe Wrench,Thermometer,Lute,Cloth,Pinecone,Bowl,Catamaran,Whisk,Javelin,Spatula,Compass,Thermometer,Cotton Candy,Cloth,Gavel
Making a Praline Paste,Blender,Driftwood,Spatula,Gravy Boat,Bowl,Lacrosse Stick,Thermometer,Cask,Cloth,Jump Rope,Blender,Mandolin,Spatula,Cherry Pitter,Bowl,Sextant,Thermometer,Tutu,Cloth,Ukulele,Blender,Jigsaw,Spatula,Shot Put,Bowl,Candy Apple,Thermometer,Giant Gummy Bear,Cloth,Drumstick (chicken),Blender,Ironing Board,Spatula,Fire Poker,Bowl,Cowl,Thermometer,Kite,Cloth,Sand Dollar,Blender,Corndog,Spatula,Banjo,Bowl,Stapler,Thermometer,Bunsen Burner,Cloth,Pinecone
Making a Madeleine,Mold,Candy Floss,Brush,Kite,Bowl,Pastry Brush,Spatula,Goblet,Tray,Torque Wrench,Mold,Lump of Coal,Brush,Segway,Bowl,Specimen Jar,Spatula,Gourd,Tray,Tape Dispenser,Mold,Pinecone,Brush,Trophy,Bowl,Poncho,Spatula,Submarine Periscope,Tray,Curling Stone,Mold,Sombrero,Brush,Skeleton Sled,Bowl,Balance Beam,Spatula,Sundial,Tray,Wheel of Cheese,Mold,Garlic Press,Brush,Sumo Belt,Bowl,Bellows,Spatula,Pommel Horse,Tray,Paper Clip Chain
Making a Financier,Mold,Skip-It,Brush,Marionette,Bowl,Pith Helmet,Spatula,Nibbler,Tray,Keg,Mold,Heat Gun,Brush,Ear Trumpet,Bowl,Zamboni,Spatula,Paper Clip Chain,Tray,Luge,Mold,Letter Opener,Brush,Bongo Drum,Bowl,Cloak,Spatula,Belt Sander,Tray,Rivet Gun,Mold,Door Knocker,Brush,Corndog,Bowl,Sumo Belt,Spatula,Kazoo,Tray,Antlers,Mold,Driftwood,Brush,Bobsled,Bowl,TV Remote,Spatula,Beret,Tray,Ironing Board
Making a Canelé,Copper Mold,Chalk Line,Brush,Ear Trumpet,Bowl,Accordion,Spatula,Rubber Duck,Tray,Plumb Bob,Copper Mold,Sticky Notes Pad,Brush,Pitchfork,Bowl,Cloak,Spatula,Lump of Coal,Tray,Jug,Copper Mold,Kite,Brush,Puppet,Bowl,Candy Floss,Spatula,Shot Put,Tray,Coat Rack,Copper Mold,Kazoo,Brush,Churro,Bowl,Decanter,Spatula,Canoe,Tray,Jump Rope,Copper Mold,Fossil,Brush,Desk Calendar,Bowl,Anvil,Spatula,Monocle,Tray,Bagpipes
Making a Kouign-amann,Dough,Desk Calendar,Butter,Bobsled,Sugar,Spats,Tin,Kaleidoscope,Roller,Ironing Board,Dough,Sticky Notes Pad,Butter,Fez,Sugar,Forceps,Tin,Unicycle,Roller,Pommel,Dough,Bongo Drum,Butter,Yo-Yo,Sugar,Pommel Horse,Tin,Umbrella Stand,Roller,Inbox Tray,Dough,Pumice Stone,Butter,Segway,Sugar,Corn on the Cob,Tin,Oscillating Tool,Roller,Accordion,Dough,Bocce Ball,Butter,Bunch of Bananas,Sugar,Sea Urchin,Tin,Caulk Gun,Roller,Toilet Plunger
Making a Paris-Brest,Choux Dough,Gummy Worm,Piping Bag,Stethoscope,Tray,Rubber Duck,Nozzle,Discus,Brush,Candy Cane,Choux Dough,Javelin,Piping Bag,Rubber Band Ball,Tray,Churro,Nozzle,Periscope,Brush,Pith Helmet,Choux Dough,Lederhosen,Piping Bag,Sombrero,Tray,Pommel Horse,Nozzle,Cowl,Brush,Coat Rack,Choux Dough,Maracas,Piping Bag,Dried Corn Husk,Tray,Pencil Sharpener,Nozzle,Pogo Stick,Brush,Hurdle,Choux Dough,Ukulele,Piping Bag,Garlic Press,Tray,Canoe,Nozzle,Sea Urchin,Brush,Canteen
Making an Éclair,Choux Dough,Bucket,Piping Bag,Unicycle,Tray,Cowbell,Nozzle,Ramekin,Brush,Wheel of Cheese,Choux Dough,Sousaphone,Piping Bag,Microscope Slide,Tray,Candy Cane,Nozzle,Amphora,Brush,Wind-Up Toy,Choux Dough,Pinwheel,Piping Bag,Ironing Board,Tray,Scepter,Nozzle,Desk Calendar,Brush,Inbox Tray,Choux Dough,Hang Glider,Piping Bag,Corn on the Cob,Tray,Balance Beam,Nozzle,Cotton Candy,Brush,Pince-Nez,Choux Dough,Hourglass,Piping Bag,Binder Clip,Tray,Thermos,Nozzle,Megaphone,Brush,Sombrero
Making a Croquembouche,Choux Balls,Mandolin,Caramel,Wire Stripper,Cone,Ironing Board,Tongs,Door Knocker,Brush,Floor Lamp,Choux Balls,Bellhop Cart,Caramel,Bellows,Cone,Banjo,Tongs,Springform Pan,Brush,Scythe,Choux Balls,Footstool,Caramel,Churro,Cone,Frisbee,Tongs,Corndog,Brush,Tuxedo Jacket,Choux Balls,Weather Vane,Caramel,Jack-in-the-Box,Cone,Lute,Tongs,Retractor,Brush,Tricycle,Choux Balls,Bucket,Caramel,Pastry Brush,Cone,Centrifuge,Tongs,Slinky,Brush,Pommel Horse
Making a Mille-feuille,Puff Pastry,Bobblehead,Cream,Bobsled,Spatula,Pinball Machine,Knife,Spats,Tray,Lute,Puff Pastry,Hourglass,Cream,Lollipop,Spatula,Kilt,Knife,Zamboni,Tray,Bunsen Burner,Puff Pastry,Fondue Pot,Cream,Gummy Worm,Spatula,Amphora,Knife,Geode,Tray,Fez,Puff Pastry,Zither,Cream,Polo Mallet,Spatula,Sand Dollar,Knife,Stalagtite,Tray,Bocce Ball,Puff Pastry,Desk Calendar,Cream,Garlic Press,Spatula,Canteen,Knife,Gavel,Tray,Dough Hook
Making a St Honoré,Pastry,Abacus,Choux,Butter Dish,Cream,Barrel,Piping Bag,Slinky,Tray,Stalagtite,Pastry,Tricycle,Choux,Forceps,Cream,Compass,Piping Bag,Wind-Up Toy,Tray,Ear Trumpet,Pastry,Spats,Choux,Skeleton Sled,Cream,Centrifuge,Piping Bag,Cowbell,Tray,Bobsled,Pastry,Urn,Choux,Tambourine,Cream,Kazoo,Piping Bag,Oscillating Tool,Tray,Boomerang,Pastry,Candelabra,Choux,Lathe,Cream,Cotton Candy,Piping Bag,Whole Salmon,Tray,Chalice
Making a Tarte Tatin,Pan,Barrel,Caramel,Spinning Top,Apple,Chalice,Pastry,Puppet,Knife,Coat Rack,Pan,Flask,Caramel,Oscillating Tool,Apple,Tuba,Pastry,Floor Lamp,Knife,Amphora,Pan,Whole Pineapple,Caramel,Yo-Yo,Apple,Chalk Line,Pastry,Decanter,Knife,Tambourine,Pan,Polo Mallet,Caramel,Beret,Apple,Mannequin,Pastry,Zither,Knife,Fez,Pan,Pinecone,Caramel,Monocle,Apple,Recorder,Pastry,Correction Tape,Knife,Door Stopper
Making a Savarin,Mold,Tuba,Brush,Beret,Bowl,Maracas,Spatula,Discus,Tray,Cloak,Mold,Chalk Line,Brush,Accordion,Bowl,Tuxedo Jacket,Spatula,Street Sweeper,Tray,Tumbleweed,Mold,Drumstick (chicken),Brush,Floor Lamp,Bowl,Rubber Duck,Spatula,Goblet,Tray,Retractor,Mold,Canoe,Brush,Pencil Sharpener,Bowl,Kaleidoscope,Spatula,Javelin,Tray,Whole Pineapple,Mold,Pogo Stick,Brush,Wind-Up Toy,Bowl,Didgeridoo,Spatula,Inbox Tray,Tray,Lobster
Making a Charlotte,Mold,Pinball Machine,Ladyfingers,Totem Pole,Cream,Pencil Sharpener,Spoon,Stalagtite,Tray,Lederhosen,Mold,Jawbreaker,Ladyfingers,Paperweight,Cream,Tutu,Spoon,Typewriter,Tray,Recorder,Mold,Letter Opener,Ladyfingers,Ramekin,Cream,Hang Glider,Spoon,Centrifuge,Tray,Wheel of Cheese,Mold,Sombrero,Ladyfingers,Bongo Drum,Cream,Muumuu,Spoon,Jug,Tray,Accordion,Mold,Umbrella Stand,Ladyfingers,Marbles,Cream,Thermos,Spoon,Kayak,Tray,Pommel Horse
Making a Bavarois,Mold,Sousaphone,Whisk,Hang Glider,Ladle,Pipe Wrench,Spatula,Pinball Machine,Tray,Pinwheel,Mold,Zither,Whisk,Umbrella Stand,Ladle,Microscope Slide,Spatula,Tongue Depressor,Tray,Accordion,Mold,Kilt,Whisk,Stethoscope,Ladle,Fondue Pot,Spatula,Vuvuzela,Tray,Mandolin,Mold,Lacrosse Stick,Whisk,Yo-Yo,Ladle,Hula Hoop,Spatula,Geode,Tray,Sumo Belt,Mold,Forceps,Whisk,Sedan Chair,Ladle,Driftwood,Spatula,Gavel,Tray,Megaphone
Making a Blancmange,Mold,Corndog,Ladle,Jug,Spatula,Churro,Cloth,Muumuu,Bowl,Banjo,Mold,Keg,Ladle,Lump of Coal,Spatula,Bellows,Cloth,Lollipop,Bowl,Kazoo,Mold,Puppet,Ladle,Coat Rack,Spatula,Xylophone,Cloth,Rubber Band Ball,Bowl,Cotton Candy,Mold,Abacus,Ladle,Beret,Spatula,Sousaphone,Cloth,Heat Gun,Bowl,Anvil,Mold,Wasp Nest,Ladle,Oscillating Tool,Spatula,Driftwood,Cloth,Tumbleweed,Bowl,Stalagtite
Making a Pannacotta,Mold,Rubber Band Ball,Ladle,Rivet Gun,Spatula,Kayak,Cloth,Spats,Bowl,Unicycle,Mold,Gargoyle,Ladle,Chaise Longue,Spatula,Dogsledge,Cloth,Cherry Pitter,Bowl,Zamboni,Mold,Sticky Notes Pad,Ladle,Gavel,Spatula,Hurdle,Cloth,Driftwood,Bowl,Tuxedo Jacket,Mold,Tutu,Ladle,Chalice,Spatula,Tongue Depressor,Cloth,Lump of Coal,Bowl,Zither,Mold,Centrifuge,Ladle,Tin Snips,Spatula,Blimp,Cloth,Theremin,Bowl,Skip-It
Making a Brûlée,Ramekin,Candelabra,Blowtorch,Kite,Ladle,Bullhorn,Spatula,Sand Dollar,Tray,Microscope Slide,Ramekin,Tuba,Blowtorch,Cowbell,Ladle,Caulk Gun,Spatula,Rivet Gun,Tray,Centrifuge,Ramekin,Wind-Up Toy,Blowtorch,Vuvuzela,Ladle,Heat Gun,Spatula,Door Stopper,Tray,Unicycle,Ramekin,Bobblehead,Blowtorch,Nibbler,Ladle,Oscillating Tool,Spatula,Churro,Tray,Parallel Bar,Ramekin,Footstool,Blowtorch,Watermelon,Ladle,Wasp Nest,Spatula,Bunch of Bananas,Tray,Gargoyle
Making a Soufflé Glacé,Mold,Urn,Whisk,Lacrosse Stick,Ladle,Cloak,Spatula,Kayak,Tray,Umbrella Stand,Mold,Chalk Line,Whisk,Gramophone,Ladle,Dough Hook,Spatula,Tuxedo Jacket,Tray,Luge,Mold,Sea Urchin,Whisk,Hourglass,Ladle,Jump Rope,Spatula,Snorkel Mask,Tray,Typewriter,Mold,Mandolin,Whisk,Bunsen Burner,Ladle,Frisbee,Spatula,Retractor,Tray,Ironing Board,Mold,Amphora,Whisk,Compass,Ladle,Egg Separator,Spatula,Skip-It,Tray,Bellows
Making a Vacherin,Mold,Sundial,Whisk,Fez,Ladle,Megaphone,Spatula,Marionette,Tray,Sea Urchin,Mold,Spinning Top,Whisk,Mandolin,Ladle,Vuvuzela,Spatula,Belt Sander,Tray,Binder Clip,Mold,Kaleidoscope,Whisk,Weather Vane,Ladle,Jack-in-the-Box,Spatula,Shuttlecock,Tray,Bellhop Cart,Mold,Stapler,Whisk,Bone Saw,Ladle,Discus,Spatula,Ukulele,Tray,Whole Salmon,Mold,Tuxedo Jacket,Whisk,Bagpipes,Ladle,Wheel of Cheese,Spatula,Hazmat Suit,Tray,Toilet Plunger
Making a Bombe,Mold,Tongue Depressor,Ladle,Dried Corn Husk,Spatula,Parka,Cloth,Pince-Nez,Tray,Footstool,Mold,Butter Dish,Ladle,Puppet,Spatula,Submarine Periscope,Cloth,Bread Maker,Tray,Boomerang,Mold,Thermos,Ladle,Hang Glider,Spatula,Stalagtite,Cloth,Fire Poker,Tray,Reflex Hammer,Mold,Frisbee,Ladle,Jump Rope,Spatula,Pretzel,Cloth,Lacrosse Stick,Tray,Unicycle,Mold,Pinecone,Ladle,Torque Wrench,Spatula,Chalice,Cloth,Javelin,Tray,Jawbreaker
Making an Ice Cream Roll,Mat,Chalice,Ladle,Theremin,Spatula,Pie Bird,Tray,Monocle,Cloth,Gourd,Mat,Cloak,Ladle,Nibbler,Spatula,Flask,Tray,Cake Dome,Cloth,Trophy,Mat,Letter Opener,Ladle,Hazmat Suit,Spatula,Slot Machine,Tray,Scythe,Cloth,Wind-Up Toy,Mat,Muumuu,Ladle,Megaphone,Spatula,Pipe Wrench,Tray,Pogo Stick,Cloth,Forceps,Mat,Cherry Pitter,Ladle,Spats,Spatula,Mandolin,Tray,Polo Mallet,Cloth,Pinecone
Serving Drinks from a Tray,Tray,Sedan Chair,Glass,Maracas,Cloth,Stepladder,Napkin,Ear Trumpet,Coaster,Cotton Candy,Tray,Pitchfork,Glass,Shot Put,Cloth,Ventriloquist Dummy,Napkin,Desk Calendar,Coaster,Dough Hook,Tray,Zamboni,Glass,Rivet Gun,Cloth,Lederhosen,Napkin,Antlers,Coaster,Marionette,Tray,Urn,Glass,Monocle,Cloth,Megaphone,Napkin,Bagpipes,Coaster,Slinky,Tray,Test Tube,Glass,Hula Hoop,Cloth,Pie Bird,Napkin,Correction Tape,Coaster,Yo-Yo
Cocktail Shaking,Shaker,Typewriter,Jigger,Specimen Jar,Strainer,Discus,Ice,Dried Corn Husk,Glass,Muumuu,Shaker,Unicycle,Jigger,Banjo,Strainer,Gavel,Ice,Maracas,Glass,Candy Floss,Shaker,Mandolin,Jigger,Catamaran,Strainer,Driftwood,Ice,Door Knocker,Glass,Egg Separator,Shaker,Bunsen Burner,Jigger,Wasp Nest,Strainer,Geode,Ice,Pinwheel,Glass,Rowing Shell,Shaker,Blimp,Jigger,Gargoyle,Strainer,Canteen,Ice,Bellhop Cart,Glass,Tongue Depressor
Muddling,Muddler,Tongue Depressor,Glass,Gourd,Herb,Lute,Lime,Cloak,Jigger,Lederhosen,Muddler,Barrel,Glass,Pith Helmet,Herb,Canoe,Lime,Javelin,Jigger,Corn on the Cob,Muddler,Hourglass,Glass,Didgeridoo,Herb,Lacrosse Stick,Lime,Stethoscope,Jigger,Oscillating Tool,Muddler,Gravy Boat,Glass,Coat Rack,Herb,Beret,Lime,Candy Cane,Jigger,Stalagtite,Muddler,Rickshaw,Glass,Tuxedo Jacket,Herb,Jigsaw,Lime,Ruler,Jigger,Scepter
Making a Mojito,Glass,Harpsichord,Muddler,Tuba,Strainer,Tape Dispenser,Jigger,Letter Opener,Spoon,Xylophone,Glass,Dogsledge,Muddler,Wasp Nest,Strainer,Frisbee,Jigger,Snow Globe,Spoon,Gravy Boat,Glass,Bunsen Burner,Muddler,Baguette,Strainer,Urn,Jigger,Jawbreaker,Spoon,Slot Machine,Glass,Gargoyle,Muddler,Sedan Chair,Strainer,Butter Dish,Jigger,Street Sweeper,Spoon,Canoe,Glass,Stepladder,Muddler,Bocce Ball,Strainer,Mannequin,Jigger,Decanter,Spoon,Javelin
Pouring a Pint,Glass,Fossil,Tap,Mannequin,Cloth,Poncho,Tray,Centrifuge,Coaster,Kilt,Glass,Rickshaw,Tap,Gramophone,Cloth,Totem Pole,Tray,Compass,Coaster,Geode,Glass,Forceps,Tap,Ironing Board,Cloth,Blimp,Tray,Harpsichord,Coaster,Pommel,Glass,Drumstick (chicken),Tap,Ascot,Cloth,Frisbee,Tray,Jack-in-the-Box,Coaster,Beret,Glass,Tape Dispenser,Tap,Desk Calendar,Cloth,Rubber Duck,Tray,Clam Shell,Coaster,Sundial
Pulling an Espresso,Portafilter,Wire Stripper,Tamper,Sand Dollar,Cup,Gavel,Tray,Harpsichord,Cloth,Skip-It,Portafilter,Scepter,Tamper,Dried Corn Husk,Cup,Geode,Tray,Stalagtite,Cloth,Candy Cane,Portafilter,Puppet,Tamper,Goblet,Cup,Canoe,Tray,Pastry Brush,Cloth,Kilt,Portafilter,Tambourine,Tamper,Discus,Cup,Torque Wrench,Tray,Correction Tape,Cloth,Wind-Up Toy,Portafilter,Hang Glider,Tamper,Parallel Bar,Cup,Hula Hoop,Tray,Churro,Cloth,Wasp Nest
Frothing Milk,Jug,Nibbler,Steam Wand,Bellows,Thermometer,Forklift,Cloth,Hourglass,Tray,Pinecone,Jug,Beret,Steam Wand,Fire Poker,Thermometer,Marbles,Cloth,Rowing Shell,Tray,Cowbell,Jug,Frisbee,Steam Wand,Specimen Jar,Thermometer,Whole Pineapple,Cloth,Mannequin,Tray,Urn,Jug,Totem Pole,Steam Wand,Jigsaw,Thermometer,Sand Dollar,Cloth,Watermelon,Tray,Pinwheel,Jug,Spats,Steam Wand,Pipe Wrench,Thermometer,Sundial,Cloth,Keg,Tray,Desk Calendar
Latte Art,Jug,Typewriter,Cup,Hazmat Suit,Cloth,Periscope,Tray,Pipe Wrench,Thermometer,Corndog,Jug,Segway,Cup,Kayak,Cloth,Angle Grinder,Tray,Recorder,Thermometer,Bird Nest,Jug,Cowl,Cup,Specimen Jar,Cloth,Ramekin,Tray,Tricycle,Thermometer,Abacus,Jug,Pince-Nez,Cup,Gramophone,Cloth,Hole Punch,Tray,Pitchfork,Thermometer,Flask,Jug,Bobsled,Cup,Bagpipes,Cloth,Dough Hook,Tray,Theremin,Thermometer,Throw Pillow
French Press Coffee,French Press,Decanter,Kettle,Stethoscope,Cup,Bocce Ball,Spoon,Bongo Drum,Tray,Spinning Top,French Press,Test Tube,Kettle,Goblet,Cup,Balance Beam,Spoon,Pinecone,Tray,Unicycle,French Press,Parallel Bar,Kettle,Lump of Coal,Cup,Skeleton Sled,Spoon,Dogsledge,Tray,Pogo Stick,French Press,Hazmat Suit,Kettle,Oscillating Tool,Cup,Periscope,Spoon,Bagpipes,Tray,Harpsichord,French Press,Maracas,Kettle,Flask,Cup,Lacrosse Stick,Spoon,Jump Rope,Tray,Coat Rack
Pour Over Coffee,Dripper,Tuxedo Jacket,Kettle,Pitchfork,Cup,Wheel of Cheese,Filter,Correction Tape,Tray,Jug,Dripper,Forceps,Kettle,Rivet Gun,Cup,Letter Opener,Filter,Sundial,Tray,Trophy,Dripper,Accordion,Kettle,Lobster,Cup,Luge,Filter,Microscope Slide,Tray,Inbox Tray,Dripper,Javelin,Kettle,Ukulele,Cup,Scythe,Filter,Sticky Notes Pad,Tray,Egg Separator,Dripper,Desk Calendar,Kettle,Stepladder,Cup,Sextant,Filter,Candelabra,Tray,Bone Saw
Cold Brew Coffee,Jar,Segway,Filter,Canoe,Cloth,Spinning Top,Fridge,Pastry Brush,Cup,Monocle,Jar,Flask,Filter,Paper Clip Chain,Cloth,Jawbreaker,Fridge,Specimen Jar,Cup,Spats,Jar,Driftwood,Filter,Megaphone,Cloth,Caulk Gun,Fridge,Salad Spinner,Cup,Periscope,Jar,Kazoo,Filter,Rickshaw,Cloth,Cherry Pitter,Fridge,Decanter,Cup,Theremin,Jar,TV Remote,Filter,Luge,Cloth,Dough Hook,Fridge,Amphora,Cup,Ironing Board
Making Tea,Teapot,Floor Lamp,Cup,Chaise Longue,Strainer,Canoe,Cloth,Forceps,Tray,Bullhorn,Teapot,Geode,Cup,Thermos,Strainer,Candy Floss,Cloth,Accordion,Tray,Pinwheel,Teapot,Angle Grinder,Cup,Pinball Machine,Strainer,Candy Apple,Cloth,Plumb Bob,Tray,Gramophone,Teapot,Rubber Band Ball,Cup,Ascot,Strainer,Correction Tape,Cloth,Binder Clip,Tray,Ukulele,Teapot,Umbrella Stand,Cup,Amphora,Strainer,Sticky Notes Pad,Cloth,Keg,Tray,Sousaphone
Using a Moka Pot,Moka Pot,Goblet,Cup,Hourglass,Cloth,Candy Apple,Tray,Marionette,Spoon,Abacus,Moka Pot,Pipe Wrench,Cup,Lump of Coal,Cloth,Mandolin,Tray,Bagpipes,Spoon,Pie Bird,Moka Pot,Weather Vane,Cup,Spats,Cloth,Ukulele,Tray,Muumuu,Spoon,Binder Clip,Moka Pot,Totem Pole,Cup,Bongo Drum,Cloth,Monocle,Tray,Bread Maker,Spoon,Cloak,Moka Pot,Beehive,Cup,Garlic Press,Cloth,Jawbreaker,Tray,Pince-Nez,Spoon,Street Sweeper
Using an AeroPress,AeroPress,Forceps,Paddle,Bocce Ball,Cup,Gummy Worm,Filter,Drumstick (chicken),Tray,Dough Hook,AeroPress,Garlic Press,Paddle,Luge,Cup,Jigsaw,Filter,Cotton Candy,Tray,Poncho,AeroPress,Slinky,Paddle,Mannequin,Cup,Caulk Gun,Filter,Xylophone,Tray,Bunsen Burner,AeroPress,Candelabra,Paddle,Mandolin,Cup,Pretzel,Filter,Candy Cane,Tray,Ventriloquist Dummy,AeroPress,Hurdle,Paddle,Puppet,Cup,Maracas,Filter,Frisbee,Tray,Lollipop
Siphon Coffee,Siphon,Melon Baller,Burner,Puppet,Cup,Whole Pineapple,Cloth,Driftwood,Tray,Flask,Siphon,Chaise Longue,Burner,Bone Saw,Cup,Compass,Cloth,Pogo Stick,Tray,Plumb Bob,Siphon,Didgeridoo,Burner,Yo-Yo,Cup,Polo Mallet,Cloth,Pince-Nez,Tray,Angle Grinder,Siphon,Pipe Wrench,Burner,Curling Stone,Cup,Parka,Cloth,Street Sweeper,Tray,Coat Rack,Siphon,Recorder,Burner,Fez,Cup,Forceps,Cloth,Springform Pan,Tray,Jump Rope
Using a Turkish Coffee Pot,Cezve,Tutu,Cup,Tin Snips,Tray,Paper Clip Chain,Cloth,Puppet,Spoon,Xylophone,Cezve,Belt Sander,Cup,Accordion,Tray,Sundial,Cloth,Forklift,Spoon,Baguette,Cezve,Slinky,Cup,Pince-Nez,Tray,Hula Hoop,Cloth,Tambourine,Spoon,Cowbell,Cezve,Rivet Gun,Cup,Bellhop Cart,Tray,Cherry Pitter,Cloth,Torque Wrench,Spoon,Antlers,Cezve,Salad Spinner,Cup,Fez,Tray,Pumice Stone,Cloth,Scepter,Spoon,Beret
Grinding Coffee,Grinder,Kaleidoscope,Beans,Shuttlecock,Cup,Tambourine,Cloth,Wasp Nest,Tray,Rubber Band Ball,Grinder,Dogsledge,Beans,Cowbell,Cup,Decanter,Cloth,Petri Dish,Tray,Rubber Duck,Grinder,Wheel of Cheese,Beans,Compass,Cup,Torque Wrench,Cloth,Clam Shell,Tray,Ascot,Grinder,Pie Bird,Beans,Canoe,Cup,Fire Poker,Cloth,Hurdle,Tray,Shot Put,Grinder,Parka,Beans,Ventriloquist Dummy,Cup,Sticky Notes Pad,Cloth,Paper Clip Chain,Tray,Bread Maker
Tamping Coffee,Tamper,Forklift,Portafilter,Spinning Top,Cloth,Bellows,Tray,Melon Baller,Scale,Hurdle,Tamper,Candy Cane,Portafilter,Wind-Up Toy,Cloth,Binder Clip,Tray,Decanter,Scale,Unicycle,Tamper,Ear Trumpet,Portafilter,Dogsledge,Cloth,Throw Pillow,Tray,Candy Apple,Scale,Scepter,Tamper,Skip-It,Portafilter,Butter Dish,Cloth,Hazmat Suit,Tray,Hula Hoop,Scale,Stethoscope,Tamper,Parallel Bar,Portafilter,Pogo Stick,Cloth,Desk Calendar,Tray,Cotton Candy,Scale,Giant Gummy Bear
Dosing Coffee,Grinder,Mannequin,Scale,Cloak,Portafilter,Ascot,Cloth,Cotton Candy,Tray,Spats,Grinder,Paper Clip Chain,Scale,Wire Stripper,Portafilter,Yo-Yo,Cloth,Centrifuge,Tray,Skip-It,Grinder,Megaphone,Scale,Bird Nest,Portafilter,Torque Wrench,Cloth,Retractor,Tray,Tricycle,Grinder,Stethoscope,Scale,Gramophone,Portafilter,Cherry Pitter,Cloth,Flask,Tray,Nibbler,Grinder,Balance Beam,Scale,Typewriter,Portafilter,Hula Hoop,Cloth,Pencil Sharpener,Tray,Dogsledge
Decanting Wine,Decanter,Giant Gummy Bear,Bottle,Canoe,Glass,Pommel,Cloth,Wire Stripper,Tray,Throw Pillow,Decanter,Pumice Stone,Bottle,Muumuu,Glass,Tape Dispenser,Cloth,Test Tube,Tray,Lederhosen,Decanter,Urn,Bottle,Kite,Glass,Scepter,Cloth,Tambourine,Tray,Cloak,Decanter,Binder Clip,Bottle,Dried Corn Husk,Glass,Dogsledge,Cloth,Corndog,Tray,Gummy Worm,Decanter,Nibbler,Bottle,Canteen,Glass,Pipe Wrench,Cloth,Bread Maker,Tray,Footstool
Swirling Wine,Glass,Gargoyle,Hand,Lollipop,Tray,Maracas,Cloth,Egg Separator,Napkin,Mandolin,Glass,Cake Dome,Hand,Polo Mallet,Tray,Gondola,Cloth,Retractor,Napkin,Zither,Glass,Fossil,Hand,Pencil Sharpener,Tray,Baguette,Cloth,Paperweight,Napkin,Stethoscope,Glass,Gravy Boat,Hand,Jug,Tray,Rowing Shell,Cloth,Sticky Notes Pad,Napkin,Jigsaw,Glass,Caulk Gun,Hand,Correction Tape,Tray,Cask,Cloth,Sousaphone,Napkin,Balance Beam
Nosing Whisky,Glass,Clam Shell,Hand,Parka,Tray,Pinwheel,Cloth,Sundial,Napkin,Submarine Periscope,Glass,Cotton Candy,Hand,Periscope,Tray,Flask,Cloth,Frisbee,Napkin,Cake Dome,Glass,Garlic Press,Hand,Wind-Up Toy,Tray,Ironing Board,Cloth,Lollipop,Napkin,Candy Floss,Glass,Drumstick (chicken),Hand,Thermos,Tray,Corndog,Cloth,Hourglass,Napkin,Butter Dish,Glass,Forceps,Hand,Cask,Tray,Pommel,Cloth,Fossil,Napkin,Cowl
Adding Water to Whisky,Glass,Hurdle,Dropper,Ascot,Tray,Sand Dollar,Cloth,Plumb Bob,Napkin,Xylophone,Glass,Candy Floss,Dropper,Hourglass,Tray,Ventriloquist Dummy,Cloth,Parka,Napkin,Wasp Nest,Glass,Zither,Dropper,Tape Dispenser,Tray,Accordion,Cloth,Kayak,Napkin,Totem Pole,Glass,Churro,Dropper,Ramekin,Tray,Gondola,Cloth,Yo-Yo,Napkin,Hang Glider,Glass,Bunch of Bananas,Dropper,Wire Stripper,Tray,Hazmat Suit,Cloth,Boomerang,Napkin,Correction Tape
Opening a Bottle of Wine,Bottle,Cotton Candy,Corkscrew,Clam Shell,Foil Cutter,Angle Grinder,Glass,Discus,Cloth,Tin Snips,Bottle,Throw Pillow,Corkscrew,Submarine Periscope,Foil Cutter,Tuxedo Jacket,Glass,Pumice Stone,Cloth,Pastry Brush,Bottle,Driftwood,Corkscrew,Slot Machine,Foil Cutter,Cake Dome,Glass,Zither,Cloth,Stalagtite,Bottle,Microscope Slide,Corkscrew,Pie Bird,Foil Cutter,Geode,Glass,Bongo Drum,Cloth,Frisbee,Bottle,Tuba,Corkscrew,Bucket,Foil Cutter,Reflex Hammer,Glass,Coat Rack,Cloth,Tumbleweed
Decanting Port,Decanter,Umbrella Stand,Bottle,Dogsledge,Glass,Coat Rack,Cloth,Rickshaw,Candle,Parallel Bar,Decanter,Baguette,Bottle,Megaphone,Glass,Chamberpot,Cloth,Desk Calendar,Candle,Toilet Plunger,Decanter,Springform Pan,Bottle,Door Stopper,Glass,Inbox Tray,Cloth,Jawbreaker,Candle,Tuxedo Jacket,Decanter,Correction Tape,Bottle,Scythe,Glass,Whole Salmon,Cloth,Dough Hook,Candle,Hula Hoop,Decanter,Wire Stripper,Bottle,Binder Clip,Glass,Catamaran,Cloth,Pinball Machine,Candle,Jug
Mulling Wine,Pot,Sumo Belt,Ladle,Jump Rope,Spice Bag,Sombrero,Tongs,Kazoo,Cups,Rubber Band Ball,Pot,Fire Poker,Ladle,Hurdle,Spice Bag,Lobster,Tongs,Bocce Ball,Cups,Candy Apple,Pot,Letter Opener,Ladle,Beehive,Spice Bag,Trophy,Tongs,Springform Pan,Cups,Coat Rack,Pot,Hula Hoop,Ladle,Pith Helmet,Spice Bag,Corndog,Tongs,Bagpipes,Cups,Skeleton Sled,Pot,Wind-Up Toy,Ladle,Candy Cane,Spice Bag,Bunsen Burner,Tongs,Pastry Brush,Cups,Muumuu
Making a Hot Toddy,Glass,Flask,Teaspoon,Microscope Slide,Ladle,Submarine Periscope,Cloth,Sumo Belt,Tray,Marbles,Glass,Goblet,Teaspoon,Forklift,Ladle,Watermelon,Cloth,Muumuu,Tray,Polo Mallet,Glass,Tumbleweed,Teaspoon,Fire Poker,Ladle,Rowing Shell,Cloth,Periscope,Tray,Javelin,Glass,Pogo Stick,Teaspoon,Jug,Ladle,Binder Clip,Cloth,Gramophone,Tray,Tuba,Glass,Boomerang,Teaspoon,Tutu,Ladle,Cherry Pitter,Cloth,Typewriter,Tray,Pie Bird
